
> qlib-frontend@0.1.0 start
> set PORT=3009 && react-scripts start

(node:21240) [DEP_WEBPACK_DEV_SERVER_ON_AFTER_SETUP_MIDDLEWARE] DeprecationWarning: 'onAfterSetupMiddleware' option is deprecated. Please use the 'setupMiddlewares' option.
(Use `node --trace-deprecation ...` to show where the warning was created)
(node:21240) [DEP_WEBPACK_DEV_SERVER_ON_BEFORE_SETUP_MIDDLEWARE] DeprecationWarning: 'onBeforeSetupMiddleware' option is deprecated. Please use the 'setupMiddlewares' option.
Starting the development server...

Compiled with warnings.

Failed to parse source map from 'E:\Windsurf-Qlib\qlib-frontend\node_modules\@antv\component\esm\animation\src\animation\fadeIn.ts' file: Error: ENOENT: no such file or directory, open 'E:\Windsurf-Qlib\qlib-frontend\node_modules\@antv\component\esm\animation\src\animation\fadeIn.ts'

Failed to parse source map from 'E:\Windsurf-Qlib\qlib-frontend\node_modules\@antv\component\esm\animation\src\animation\fadeOut.ts' file: Error: ENOENT: no such file or directory, open 'E:\Windsurf-Qlib\qlib-frontend\node_modules\@antv\component\esm\animation\src\animation\fadeOut.ts'

Failed to parse source map from 'E:\Windsurf-Qlib\qlib-frontend\node_modules\@antv\component\esm\animation\src\animation\index.ts' file: Error: ENOENT: no such file or directory, open 'E:\Windsurf-Qlib\qlib-frontend\node_modules\@antv\component\esm\animation\src\animation\index.ts'

Failed to parse source map from 'E:\Windsurf-Qlib\qlib-frontend\node_modules\@antv\component\esm\animation\src\animation\utils.ts' file: Error: ENOENT: no such file or directory, open 'E:\Windsurf-Qlib\qlib-frontend\node_modules\@antv\component\esm\animation\src\animation\utils.ts'

Failed to parse source map from 'E:\Windsurf-Qlib\qlib-frontend\node_modules\@antv\component\esm\core\src\core\component.ts' file: Error: ENOENT: no such file or directory, open 'E:\Windsurf-Qlib\qlib-frontend\node_modules\@antv\component\esm\core\src\core\component.ts'

Failed to parse source map from 'E:\Windsurf-Qlib\qlib-frontend\node_modules\@antv\component\esm\core\src\core\index.ts' file: Error: ENOENT: no such file or directory, open 'E:\Windsurf-Qlib\qlib-frontend\node_modules\@antv\component\esm\core\src\core\index.ts'

Failed to parse source map from 'E:\Windsurf-Qlib\qlib-frontend\node_modules\@antv\component\esm\core\src\core\types.ts' file: Error: ENOENT: no such file or directory, open 'E:\Windsurf-Qlib\qlib-frontend\node_modules\@antv\component\esm\core\src\core\types.ts'

Failed to parse source map from 'E:\Windsurf-Qlib\qlib-frontend\node_modules\@antv\component\esm\src\index.ts' file: Error: ENOENT: no such file or directory, open 'E:\Windsurf-Qlib\qlib-frontend\node_modules\@antv\component\esm\src\index.ts'

Failed to parse source map from 'E:\Windsurf-Qlib\qlib-frontend\node_modules\@antv\component\esm\shapes\src\shapes\Circle.ts' file: Error: ENOENT: no such file or directory, open 'E:\Windsurf-Qlib\qlib-frontend\node_modules\@antv\component\esm\shapes\src\shapes\Circle.ts'

Failed to parse source map from 'E:\Windsurf-Qlib\qlib-frontend\node_modules\@antv\component\esm\shapes\src\shapes\CustomElement.ts' file: Error: ENOENT: no such file or directory, open 'E:\Windsurf-Qlib\qlib-frontend\node_modules\@antv\component\esm\shapes\src\shapes\CustomElement.ts'

Failed to parse source map from 'E:\Windsurf-Qlib\qlib-frontend\node_modules\@antv\component\esm\shapes\src\shapes\DisplayObject.ts' file: Error: ENOENT: no such file or directory, open 'E:\Windsurf-Qlib\qlib-frontend\node_modules\@antv\component\esm\shapes\src\shapes\DisplayObject.ts'

Failed to parse source map from 'E:\Windsurf-Qlib\qlib-frontend\node_modules\@antv\component\esm\shapes\src\shapes\Ellipse.ts' file: Error: ENOENT: no such file or directory, open 'E:\Windsurf-Qlib\qlib-frontend\node_modules\@antv\component\esm\shapes\src\shapes\Ellipse.ts'

Failed to parse source map from 'E:\Windsurf-Qlib\qlib-frontend\node_modules\@antv\component\esm\shapes\src\shapes\Group.ts' file: Error: ENOENT: no such file or directory, open 'E:\Windsurf-Qlib\qlib-frontend\node_modules\@antv\component\esm\shapes\src\shapes\Group.ts'

Failed to parse source map from 'E:\Windsurf-Qlib\qlib-frontend\node_modules\@antv\component\esm\shapes\src\shapes\HTML.ts' file: Error: ENOENT: no such file or directory, open 'E:\Windsurf-Qlib\qlib-frontend\node_modules\@antv\component\esm\shapes\src\shapes\HTML.ts'

Failed to parse source map from 'E:\Windsurf-Qlib\qlib-frontend\node_modules\@antv\component\esm\shapes\src\shapes\Image.ts' file: Error: ENOENT: no such file or directory, open 'E:\Windsurf-Qlib\qlib-frontend\node_modules\@antv\component\esm\shapes\src\shapes\Image.ts'

Failed to parse source map from 'E:\Windsurf-Qlib\qlib-frontend\node_modules\@antv\component\esm\shapes\src\shapes\Line.ts' file: Error: ENOENT: no such file or directory, open 'E:\Windsurf-Qlib\qlib-frontend\node_modules\@antv\component\esm\shapes\src\shapes\Line.ts'

Failed to parse source map from 'E:\Windsurf-Qlib\qlib-frontend\node_modules\@antv\component\esm\shapes\src\shapes\Path.ts' file: Error: ENOENT: no such file or directory, open 'E:\Windsurf-Qlib\qlib-frontend\node_modules\@antv\component\esm\shapes\src\shapes\Path.ts'

Failed to parse source map from 'E:\Windsurf-Qlib\qlib-frontend\node_modules\@antv\component\esm\shapes\src\shapes\Polygon.ts' file: Error: ENOENT: no such file or directory, open 'E:\Windsurf-Qlib\qlib-frontend\node_modules\@antv\component\esm\shapes\src\shapes\Polygon.ts'

Failed to parse source map from 'E:\Windsurf-Qlib\qlib-frontend\node_modules\@antv\component\esm\shapes\src\shapes\Polyline.ts' file: Error: ENOENT: no such file or directory, open 'E:\Windsurf-Qlib\qlib-frontend\node_modules\@antv\component\esm\shapes\src\shapes\Polyline.ts'

Failed to parse source map from 'E:\Windsurf-Qlib\qlib-frontend\node_modules\@antv\component\esm\shapes\src\shapes\Rect.ts' file: Error: ENOENT: no such file or directory, open 'E:\Windsurf-Qlib\qlib-frontend\node_modules\@antv\component\esm\shapes\src\shapes\Rect.ts'

Failed to parse source map from 'E:\Windsurf-Qlib\qlib-frontend\node_modules\@antv\component\esm\shapes\src\shapes\Text.ts' file: Error: ENOENT: no such file or directory, open 'E:\Windsurf-Qlib\qlib-frontend\node_modules\@antv\component\esm\shapes\src\shapes\Text.ts'

Failed to parse source map from 'E:\Windsurf-Qlib\qlib-frontend\node_modules\@antv\component\esm\shapes\src\shapes\index.ts' file: Error: ENOENT: no such file or directory, open 'E:\Windsurf-Qlib\qlib-frontend\node_modules\@antv\component\esm\shapes\src\shapes\index.ts'

Failed to parse source map from 'E:\Windsurf-Qlib\qlib-frontend\node_modules\@antv\component\esm\ui\axis\src\ui\axis\axis.ts' file: Error: ENOENT: no such file or directory, open 'E:\Windsurf-Qlib\qlib-frontend\node_modules\@antv\component\esm\ui\axis\src\ui\axis\axis.ts'

Failed to parse source map from 'E:\Windsurf-Qlib\qlib-frontend\node_modules\@antv\component\esm\ui\axis\src\ui\axis\constant.ts' file: Error: ENOENT: no such file or directory, open 'E:\Windsurf-Qlib\qlib-frontend\node_modules\@antv\component\esm\ui\axis\src\ui\axis\constant.ts'

Failed to parse source map from 'E:\Windsurf-Qlib\qlib-frontend\node_modules\@antv\component\esm\ui\axis\guides\src\ui\axis\guides\grid.ts' file: Error: ENOENT: no such file or directory, open 'E:\Windsurf-Qlib\qlib-frontend\node_modules\@antv\component\esm\ui\axis\guides\src\ui\axis\guides\grid.ts'

Failed to parse source map from 'E:\Windsurf-Qlib\qlib-frontend\node_modules\@antv\component\esm\ui\axis\guides\src\ui\axis\guides\labels.ts' file: Error: ENOENT: no such file or directory, open 'E:\Windsurf-Qlib\qlib-frontend\node_modules\@antv\component\esm\ui\axis\guides\src\ui\axis\guides\labels.ts'

Failed to parse source map from 'E:\Windsurf-Qlib\qlib-frontend\node_modules\@antv\component\esm\ui\axis\guides\src\ui\axis\guides\line.ts' file: Error: ENOENT: no such file or directory, open 'E:\Windsurf-Qlib\qlib-frontend\node_modules\@antv\component\esm\ui\axis\guides\src\ui\axis\guides\line.ts'

Failed to parse source map from 'E:\Windsurf-Qlib\qlib-frontend\node_modules\@antv\component\esm\ui\axis\guides\src\ui\axis\guides\ticks.ts' file: Error: ENOENT: no such file or directory, open 'E:\Windsurf-Qlib\qlib-frontend\node_modules\@antv\component\esm\ui\axis\guides\src\ui\axis\guides\ticks.ts'

Failed to parse source map from 'E:\Windsurf-Qlib\qlib-frontend\node_modules\@antv\component\esm\ui\axis\guides\src\ui\axis\guides\title.ts' file: Error: ENOENT: no such file or directory, open 'E:\Windsurf-Qlib\qlib-frontend\node_modules\@antv\component\esm\ui\axis\guides\src\ui\axis\guides\title.ts'

Failed to parse source map from 'E:\Windsurf-Qlib\qlib-frontend\node_modules\@antv\component\esm\ui\axis\guides\src\ui\axis\guides\utils.ts' file: Error: ENOENT: no such file or directory, open 'E:\Windsurf-Qlib\qlib-frontend\node_modules\@antv\component\esm\ui\axis\guides\src\ui\axis\guides\utils.ts'

Failed to parse source map from 'E:\Windsurf-Qlib\qlib-frontend\node_modules\@antv\component\esm\ui\axis\src\ui\axis\index.ts' file: Error: ENOENT: no such file or directory, open 'E:\Windsurf-Qlib\qlib-frontend\node_modules\@antv\component\esm\ui\axis\src\ui\axis\index.ts'

Failed to parse source map from 'E:\Windsurf-Qlib\qlib-frontend\node_modules\@antv\component\esm\ui\axis\overlap\src\ui\axis\overlap\autoEllipsis.ts' file: Error: ENOENT: no such file or directory, open 'E:\Windsurf-Qlib\qlib-frontend\node_modules\@antv\component\esm\ui\axis\overlap\src\ui\axis\overlap\autoEllipsis.ts'

Failed to parse source map from 'E:\Windsurf-Qlib\qlib-frontend\node_modules\@antv\component\esm\ui\axis\overlap\src\ui\axis\overlap\autoHide.ts' file: Error: ENOENT: no such file or directory, open 'E:\Windsurf-Qlib\qlib-frontend\node_modules\@antv\component\esm\ui\axis\overlap\src\ui\axis\overlap\autoHide.ts'

Failed to parse source map from 'E:\Windsurf-Qlib\qlib-frontend\node_modules\@antv\component\esm\ui\axis\overlap\src\ui\axis\overlap\autoRotate.ts' file: Error: ENOENT: no such file or directory, open 'E:\Windsurf-Qlib\qlib-frontend\node_modules\@antv\component\esm\ui\axis\overlap\src\ui\axis\overlap\autoRotate.ts'

Failed to parse source map from 'E:\Windsurf-Qlib\qlib-frontend\node_modules\@antv\component\esm\ui\axis\overlap\src\ui\axis\overlap\autoWrap.ts' file: Error: ENOENT: no such file or directory, open 'E:\Windsurf-Qlib\qlib-frontend\node_modules\@antv\component\esm\ui\axis\overlap\src\ui\axis\overlap\autoWrap.ts'

Failed to parse source map from 'E:\Windsurf-Qlib\qlib-frontend\node_modules\@antv\component\esm\ui\axis\overlap\src\ui\axis\overlap\index.ts' file: Error: ENOENT: no such file or directory, open 'E:\Windsurf-Qlib\qlib-frontend\node_modules\@antv\component\esm\ui\axis\overlap\src\ui\axis\overlap\index.ts'

Failed to parse source map from 'E:\Windsurf-Qlib\qlib-frontend\node_modules\@antv\component\esm\ui\axis\utils\src\ui\axis\utils\bounds.ts' file: Error: ENOENT: no such file or directory, open 'E:\Windsurf-Qlib\qlib-frontend\node_modules\@antv\component\esm\ui\axis\utils\src\ui\axis\utils\bounds.ts'

Failed to parse source map from 'E:\Windsurf-Qlib\qlib-frontend\node_modules\@antv\component\esm\ui\axis\utils\src\ui\axis\utils\contain.ts' file: Error: ENOENT: no such file or directory, open 'E:\Windsurf-Qlib\qlib-frontend\node_modules\@antv\component\esm\ui\axis\utils\src\ui\axis\utils\contain.ts'

Failed to parse source map from 'E:\Windsurf-Qlib\qlib-frontend\node_modules\@antv\component\esm\ui\axis\utils\src\ui\axis\utils\index.ts' file: Error: ENOENT: no such file or directory, open 'E:\Windsurf-Qlib\qlib-frontend\node_modules\@antv\component\esm\ui\axis\utils\src\ui\axis\utils\index.ts'

Failed to parse source map from 'E:\Windsurf-Qlib\qlib-frontend\node_modules\@antv\component\esm\ui\axis\utils\src\ui\axis\utils\intersect.ts' file: Error: ENOENT: no such file or directory, open 'E:\Windsurf-Qlib\qlib-frontend\node_modules\@antv\component\esm\ui\axis\utils\src\ui\axis\utils\intersect.ts'

Failed to parse source map from 'E:\Windsurf-Qlib\qlib-frontend\node_modules\@antv\component\esm\ui\axis\utils\src\ui\axis\utils\test.ts' file: Error: ENOENT: no such file or directory, open 'E:\Windsurf-Qlib\qlib-frontend\node_modules\@antv\component\esm\ui\axis\utils\src\ui\axis\utils\test.ts'

Failed to parse source map from 'E:\Windsurf-Qlib\qlib-frontend\node_modules\@antv\component\esm\ui\breadcrumb\src\ui\breadcrumb\index.ts' file: Error: ENOENT: no such file or directory, open 'E:\Windsurf-Qlib\qlib-frontend\node_modules\@antv\component\esm\ui\breadcrumb\src\ui\breadcrumb\index.ts'

Failed to parse source map from 'E:\Windsurf-Qlib\qlib-frontend\node_modules\@antv\component\esm\ui\button\src\ui\button\constant.ts' file: Error: ENOENT: no such file or directory, open 'E:\Windsurf-Qlib\qlib-frontend\node_modules\@antv\component\esm\ui\button\src\ui\button\constant.ts'

Failed to parse source map from 'E:\Windsurf-Qlib\qlib-frontend\node_modules\@antv\component\esm\ui\button\src\ui\button\index.ts' file: Error: ENOENT: no such file or directory, open 'E:\Windsurf-Qlib\qlib-frontend\node_modules\@antv\component\esm\ui\button\src\ui\button\index.ts'

Failed to parse source map from 'E:\Windsurf-Qlib\qlib-frontend\node_modules\@antv\component\esm\ui\checkbox\src\ui\checkbox\constant.ts' file: Error: ENOENT: no such file or directory, open 'E:\Windsurf-Qlib\qlib-frontend\node_modules\@antv\component\esm\ui\checkbox\src\ui\checkbox\constant.ts'

Failed to parse source map from 'E:\Windsurf-Qlib\qlib-frontend\node_modules\@antv\component\esm\ui\checkbox\src\ui\checkbox\index.ts' file: Error: ENOENT: no such file or directory, open 'E:\Windsurf-Qlib\qlib-frontend\node_modules\@antv\component\esm\ui\checkbox\src\ui\checkbox\index.ts'

Failed to parse source map from 'E:\Windsurf-Qlib\qlib-frontend\node_modules\@antv\component\esm\ui\crosshair\src\ui\crosshair\base.ts' file: Error: ENOENT: no such file or directory, open 'E:\Windsurf-Qlib\qlib-frontend\node_modules\@antv\component\esm\ui\crosshair\src\ui\crosshair\base.ts'

Failed to parse source map from 'E:\Windsurf-Qlib\qlib-frontend\node_modules\@antv\component\esm\ui\crosshair\src\ui\crosshair\circle.ts' file: Error: ENOENT: no such file or directory, open 'E:\Windsurf-Qlib\qlib-frontend\node_modules\@antv\component\esm\ui\crosshair\src\ui\crosshair\circle.ts'

Failed to parse source map from 'E:\Windsurf-Qlib\qlib-frontend\node_modules\@antv\component\esm\ui\crosshair\src\ui\crosshair\constant.ts' file: Error: ENOENT: no such file or directory, open 'E:\Windsurf-Qlib\qlib-frontend\node_modules\@antv\component\esm\ui\crosshair\src\ui\crosshair\constant.ts'

Failed to parse source map from 'E:\Windsurf-Qlib\qlib-frontend\node_modules\@antv\component\esm\ui\crosshair\src\ui\crosshair\index.ts' file: Error: ENOENT: no such file or directory, open 'E:\Windsurf-Qlib\qlib-frontend\node_modules\@antv\component\esm\ui\crosshair\src\ui\crosshair\index.ts'

Failed to parse source map from 'E:\Windsurf-Qlib\qlib-frontend\node_modules\@antv\component\esm\ui\crosshair\src\ui\crosshair\line.ts' file: Error: ENOENT: no such file or directory, open 'E:\Windsurf-Qlib\qlib-frontend\node_modules\@antv\component\esm\ui\crosshair\src\ui\crosshair\line.ts'

Failed to parse source map from 'E:\Windsurf-Qlib\qlib-frontend\node_modules\@antv\component\esm\ui\crosshair\src\ui\crosshair\polygon.ts' file: Error: ENOENT: no such file or directory, open 'E:\Windsurf-Qlib\qlib-frontend\node_modules\@antv\component\esm\ui\crosshair\src\ui\crosshair\polygon.ts'

Failed to parse source map from 'E:\Windsurf-Qlib\qlib-frontend\node_modules\@antv\component\esm\ui\grid\src\ui\grid\index.ts' file: Error: ENOENT: no such file or directory, open 'E:\Windsurf-Qlib\qlib-frontend\node_modules\@antv\component\esm\ui\grid\src\ui\grid\index.ts'

Failed to parse source map from 'E:\Windsurf-Qlib\qlib-frontend\node_modules\@antv\component\esm\ui\src\ui\index.ts' file: Error: ENOENT: no such file or directory, open 'E:\Windsurf-Qlib\qlib-frontend\node_modules\@antv\component\esm\ui\src\ui\index.ts'

Failed to parse source map from 'E:\Windsurf-Qlib\qlib-frontend\node_modules\@antv\component\esm\ui\indicator\src\ui\indicator\constant.ts' file: Error: ENOENT: no such file or directory, open 'E:\Windsurf-Qlib\qlib-frontend\node_modules\@antv\component\esm\ui\indicator\src\ui\indicator\constant.ts'

Failed to parse source map from 'E:\Windsurf-Qlib\qlib-frontend\node_modules\@antv\component\esm\ui\indicator\src\ui\indicator\index.ts' file: Error: ENOENT: no such file or directory, open 'E:\Windsurf-Qlib\qlib-frontend\node_modules\@antv\component\esm\ui\indicator\src\ui\indicator\index.ts'

Failed to parse source map from 'E:\Windsurf-Qlib\qlib-frontend\node_modules\@antv\component\esm\ui\indicator\src\ui\indicator\indicator.ts' file: Error: ENOENT: no such file or directory, open 'E:\Windsurf-Qlib\qlib-frontend\node_modules\@antv\component\esm\ui\indicator\src\ui\indicator\indicator.ts'

Failed to parse source map from 'E:\Windsurf-Qlib\qlib-frontend\node_modules\@antv\component\esm\ui\layout\src\ui\layout\index.ts' file: Error: ENOENT: no such file or directory, open 'E:\Windsurf-Qlib\qlib-frontend\node_modules\@antv\component\esm\ui\layout\src\ui\layout\index.ts'

Failed to parse source map from 'E:\Windsurf-Qlib\qlib-frontend\node_modules\@antv\component\esm\ui\layout\src\ui\layout\layout.ts' file: Error: ENOENT: no such file or directory, open 'E:\Windsurf-Qlib\qlib-frontend\node_modules\@antv\component\esm\ui\layout\src\ui\layout\layout.ts'

Failed to parse source map from 'E:\Windsurf-Qlib\qlib-frontend\node_modules\@antv\component\esm\ui\legend\src\ui\legend\category.ts' file: Error: ENOENT: no such file or directory, open 'E:\Windsurf-Qlib\qlib-frontend\node_modules\@antv\component\esm\ui\legend\src\ui\legend\category.ts'

Failed to parse source map from 'E:\Windsurf-Qlib\qlib-frontend\node_modules\@antv\component\esm\ui\legend\category\src\ui\legend\category\item.ts' file: Error: ENOENT: no such file or directory, open 'E:\Windsurf-Qlib\qlib-frontend\node_modules\@antv\component\esm\ui\legend\category\src\ui\legend\category\item.ts'

Failed to parse source map from 'E:\Windsurf-Qlib\qlib-frontend\node_modules\@antv\component\esm\ui\legend\category\src\ui\legend\category\items.ts' file: Error: ENOENT: no such file or directory, open 'E:\Windsurf-Qlib\qlib-frontend\node_modules\@antv\component\esm\ui\legend\category\src\ui\legend\category\items.ts'

Failed to parse source map from 'E:\Windsurf-Qlib\qlib-frontend\node_modules\@antv\component\esm\ui\legend\src\ui\legend\constant.ts' file: Error: ENOENT: no such file or directory, open 'E:\Windsurf-Qlib\qlib-frontend\node_modules\@antv\component\esm\ui\legend\src\ui\legend\constant.ts'

Failed to parse source map from 'E:\Windsurf-Qlib\qlib-frontend\node_modules\@antv\component\esm\ui\legend\src\ui\legend\continuous.ts' file: Error: ENOENT: no such file or directory, open 'E:\Windsurf-Qlib\qlib-frontend\node_modules\@antv\component\esm\ui\legend\src\ui\legend\continuous.ts'

Failed to parse source map from 'E:\Windsurf-Qlib\qlib-frontend\node_modules\@antv\component\esm\ui\legend\continuous\src\ui\legend\continuous\handle.ts' file: Error: ENOENT: no such file or directory, open 'E:\Windsurf-Qlib\qlib-frontend\node_modules\@antv\component\esm\ui\legend\continuous\src\ui\legend\continuous\handle.ts'

Failed to parse source map from 'E:\Windsurf-Qlib\qlib-frontend\node_modules\@antv\component\esm\ui\legend\continuous\src\ui\legend\continuous\ribbon.ts' file: Error: ENOENT: no such file or directory, open 'E:\Windsurf-Qlib\qlib-frontend\node_modules\@antv\component\esm\ui\legend\continuous\src\ui\legend\continuous\ribbon.ts'

Failed to parse source map from 'E:\Windsurf-Qlib\qlib-frontend\node_modules\@antv\component\esm\ui\legend\continuous\src\ui\legend\continuous\utils.ts' file: Error: ENOENT: no such file or directory, open 'E:\Windsurf-Qlib\qlib-frontend\node_modules\@antv\component\esm\ui\legend\continuous\src\ui\legend\continuous\utils.ts'

Failed to parse source map from 'E:\Windsurf-Qlib\qlib-frontend\node_modules\@antv\component\esm\ui\legend\src\ui\legend\index.ts' file: Error: ENOENT: no such file or directory, open 'E:\Windsurf-Qlib\qlib-frontend\node_modules\@antv\component\esm\ui\legend\src\ui\legend\index.ts'

Failed to parse source map from 'E:\Windsurf-Qlib\qlib-frontend\node_modules\@antv\component\esm\ui\legend\src\ui\legend\utils.ts' file: Error: ENOENT: no such file or directory, open 'E:\Windsurf-Qlib\qlib-frontend\node_modules\@antv\component\esm\ui\legend\src\ui\legend\utils.ts'

Failed to parse source map from 'E:\Windsurf-Qlib\qlib-frontend\node_modules\@antv\component\esm\ui\marker\src\ui\marker\index.ts' file: Error: ENOENT: no such file or directory, open 'E:\Windsurf-Qlib\qlib-frontend\node_modules\@antv\component\esm\ui\marker\src\ui\marker\index.ts'

Failed to parse source map from 'E:\Windsurf-Qlib\qlib-frontend\node_modules\@antv\component\esm\ui\marker\src\ui\marker\symbol.ts' file: Error: ENOENT: no such file or directory, open 'E:\Windsurf-Qlib\qlib-frontend\node_modules\@antv\component\esm\ui\marker\src\ui\marker\symbol.ts'

Failed to parse source map from 'E:\Windsurf-Qlib\qlib-frontend\node_modules\@antv\component\esm\ui\marker\src\ui\marker\utils.ts' file: Error: ENOENT: no such file or directory, open 'E:\Windsurf-Qlib\qlib-frontend\node_modules\@antv\component\esm\ui\marker\src\ui\marker\utils.ts'

Failed to parse source map from 'E:\Windsurf-Qlib\qlib-frontend\node_modules\@antv\component\esm\ui\navigator\src\ui\navigator\index.ts' file: Error: ENOENT: no such file or directory, open 'E:\Windsurf-Qlib\qlib-frontend\node_modules\@antv\component\esm\ui\navigator\src\ui\navigator\index.ts'

Failed to parse source map from 'E:\Windsurf-Qlib\qlib-frontend\node_modules\@antv\component\esm\ui\poptip\src\ui\poptip\constant.ts' file: Error: ENOENT: no such file or directory, open 'E:\Windsurf-Qlib\qlib-frontend\node_modules\@antv\component\esm\ui\poptip\src\ui\poptip\constant.ts'

Failed to parse source map from 'E:\Windsurf-Qlib\qlib-frontend\node_modules\@antv\component\esm\ui\poptip\src\ui\poptip\index.ts' file: Error: ENOENT: no such file or directory, open 'E:\Windsurf-Qlib\qlib-frontend\node_modules\@antv\component\esm\ui\poptip\src\ui\poptip\index.ts'

Failed to parse source map from 'E:\Windsurf-Qlib\qlib-frontend\node_modules\@antv\component\esm\ui\poptip\src\ui\poptip\utils.ts' file: Error: ENOENT: no such file or directory, open 'E:\Windsurf-Qlib\qlib-frontend\node_modules\@antv\component\esm\ui\poptip\src\ui\poptip\utils.ts'

Failed to parse source map from 'E:\Windsurf-Qlib\qlib-frontend\node_modules\@antv\component\esm\ui\scrollbar\src\ui\scrollbar\index.ts' file: Error: ENOENT: no such file or directory, open 'E:\Windsurf-Qlib\qlib-frontend\node_modules\@antv\component\esm\ui\scrollbar\src\ui\scrollbar\index.ts'

Failed to parse source map from 'E:\Windsurf-Qlib\qlib-frontend\node_modules\@antv\component\esm\ui\select\src\ui\select\index.ts' file: Error: ENOENT: no such file or directory, open 'E:\Windsurf-Qlib\qlib-frontend\node_modules\@antv\component\esm\ui\select\src\ui\select\index.ts'

Failed to parse source map from 'E:\Windsurf-Qlib\qlib-frontend\node_modules\@antv\component\esm\ui\select\src\ui\select\option.ts' file: Error: ENOENT: no such file or directory, open 'E:\Windsurf-Qlib\qlib-frontend\node_modules\@antv\component\esm\ui\select\src\ui\select\option.ts'

Failed to parse source map from 'E:\Windsurf-Qlib\qlib-frontend\node_modules\@antv\component\esm\ui\select\src\ui\select\select.ts' file: Error: ENOENT: no such file or directory, open 'E:\Windsurf-Qlib\qlib-frontend\node_modules\@antv\component\esm\ui\select\src\ui\select\select.ts'

Failed to parse source map from 'E:\Windsurf-Qlib\qlib-frontend\node_modules\@antv\component\esm\ui\slider\src\ui\slider\constant.ts' file: Error: ENOENT: no such file or directory, open 'E:\Windsurf-Qlib\qlib-frontend\node_modules\@antv\component\esm\ui\slider\src\ui\slider\constant.ts'

Failed to parse source map from 'E:\Windsurf-Qlib\qlib-frontend\node_modules\@antv\component\esm\ui\slider\src\ui\slider\handle.ts' file: Error: ENOENT: no such file or directory, open 'E:\Windsurf-Qlib\qlib-frontend\node_modules\@antv\component\esm\ui\slider\src\ui\slider\handle.ts'

Failed to parse source map from 'E:\Windsurf-Qlib\qlib-frontend\node_modules\@antv\component\esm\ui\slider\src\ui\slider\index.ts' file: Error: ENOENT: no such file or directory, open 'E:\Windsurf-Qlib\qlib-frontend\node_modules\@antv\component\esm\ui\slider\src\ui\slider\index.ts'

Failed to parse source map from 'E:\Windsurf-Qlib\qlib-frontend\node_modules\@antv\component\esm\ui\sparkline\src\ui\sparkline\columns.ts' file: Error: ENOENT: no such file or directory, open 'E:\Windsurf-Qlib\qlib-frontend\node_modules\@antv\component\esm\ui\sparkline\src\ui\sparkline\columns.ts'

Failed to parse source map from 'E:\Windsurf-Qlib\qlib-frontend\node_modules\@antv\component\esm\ui\sparkline\src\ui\sparkline\index.ts' file: Error: ENOENT: no such file or directory, open 'E:\Windsurf-Qlib\qlib-frontend\node_modules\@antv\component\esm\ui\sparkline\src\ui\sparkline\index.ts'

Failed to parse source map from 'E:\Windsurf-Qlib\qlib-frontend\node_modules\@antv\component\esm\ui\sparkline\src\ui\sparkline\lines.ts' file: Error: ENOENT: no such file or directory, open 'E:\Windsurf-Qlib\qlib-frontend\node_modules\@antv\component\esm\ui\sparkline\src\ui\sparkline\lines.ts'

Failed to parse source map from 'E:\Windsurf-Qlib\qlib-frontend\node_modules\@antv\component\esm\ui\sparkline\src\ui\sparkline\path.ts' file: Error: ENOENT: no such file or directory, open 'E:\Windsurf-Qlib\qlib-frontend\node_modules\@antv\component\esm\ui\sparkline\src\ui\sparkline\path.ts'

Failed to parse source map from 'E:\Windsurf-Qlib\qlib-frontend\node_modules\@antv\component\esm\ui\sparkline\src\ui\sparkline\utils.ts' file: Error: ENOENT: no such file or directory, open 'E:\Windsurf-Qlib\qlib-frontend\node_modules\@antv\component\esm\ui\sparkline\src\ui\sparkline\utils.ts'

Failed to parse source map from 'E:\Windsurf-Qlib\qlib-frontend\node_modules\@antv\component\esm\ui\switch\src\ui\switch\constant.ts' file: Error: ENOENT: no such file or directory, open 'E:\Windsurf-Qlib\qlib-frontend\node_modules\@antv\component\esm\ui\switch\src\ui\switch\constant.ts'

Failed to parse source map from 'E:\Windsurf-Qlib\qlib-frontend\node_modules\@antv\component\esm\ui\switch\src\ui\switch\index.ts' file: Error: ENOENT: no such file or directory, open 'E:\Windsurf-Qlib\qlib-frontend\node_modules\@antv\component\esm\ui\switch\src\ui\switch\index.ts'

Failed to parse source map from 'E:\Windsurf-Qlib\qlib-frontend\node_modules\@antv\component\esm\ui\tag\src\ui\tag\index.ts' file: Error: ENOENT: no such file or directory, open 'E:\Windsurf-Qlib\qlib-frontend\node_modules\@antv\component\esm\ui\tag\src\ui\tag\index.ts'

Failed to parse source map from 'E:\Windsurf-Qlib\qlib-frontend\node_modules\@antv\component\esm\ui\timebar\src\ui\timebar\controller.ts' file: Error: ENOENT: no such file or directory, open 'E:\Windsurf-Qlib\qlib-frontend\node_modules\@antv\component\esm\ui\timebar\src\ui\timebar\controller.ts'

Failed to parse source map from 'E:\Windsurf-Qlib\qlib-frontend\node_modules\@antv\component\esm\ui\timebar\src\ui\timebar\handle.ts' file: Error: ENOENT: no such file or directory, open 'E:\Windsurf-Qlib\qlib-frontend\node_modules\@antv\component\esm\ui\timebar\src\ui\timebar\handle.ts'

Failed to parse source map from 'E:\Windsurf-Qlib\qlib-frontend\node_modules\@antv\component\esm\ui\timebar\src\ui\timebar\icons.ts' file: Error: ENOENT: no such file or directory, open 'E:\Windsurf-Qlib\qlib-frontend\node_modules\@antv\component\esm\ui\timebar\src\ui\timebar\icons.ts'

Failed to parse source map from 'E:\Windsurf-Qlib\qlib-frontend\node_modules\@antv\component\esm\ui\timebar\src\ui\timebar\index.ts' file: Error: ENOENT: no such file or directory, open 'E:\Windsurf-Qlib\qlib-frontend\node_modules\@antv\component\esm\ui\timebar\src\ui\timebar\index.ts'

Failed to parse source map from 'E:\Windsurf-Qlib\qlib-frontend\node_modules\@antv\component\esm\ui\timebar\src\ui\timebar\timebar.ts' file: Error: ENOENT: no such file or directory, open 'E:\Windsurf-Qlib\qlib-frontend\node_modules\@antv\component\esm\ui\timebar\src\ui\timebar\timebar.ts'

Failed to parse source map from 'E:\Windsurf-Qlib\qlib-frontend\node_modules\@antv\component\esm\ui\timebar\src\ui\timebar\utils.ts' file: Error: ENOENT: no such file or directory, open 'E:\Windsurf-Qlib\qlib-frontend\node_modules\@antv\component\esm\ui\timebar\src\ui\timebar\utils.ts'

Failed to parse source map from 'E:\Windsurf-Qlib\qlib-frontend\node_modules\@antv\component\esm\ui\timeline\src\ui\timeline\index.ts' file: Error: ENOENT: no such file or directory, open 'E:\Windsurf-Qlib\qlib-frontend\node_modules\@antv\component\esm\ui\timeline\src\ui\timeline\index.ts'

Failed to parse source map from 'E:\Windsurf-Qlib\qlib-frontend\node_modules\@antv\component\esm\ui\title\src\ui\title\index.ts' file: Error: ENOENT: no such file or directory, open 'E:\Windsurf-Qlib\qlib-frontend\node_modules\@antv\component\esm\ui\title\src\ui\title\index.ts'

Failed to parse source map from 'E:\Windsurf-Qlib\qlib-frontend\node_modules\@antv\component\esm\ui\tooltip\src\ui\tooltip\constant.ts' file: Error: ENOENT: no such file or directory, open 'E:\Windsurf-Qlib\qlib-frontend\node_modules\@antv\component\esm\ui\tooltip\src\ui\tooltip\constant.ts'

Failed to parse source map from 'E:\Windsurf-Qlib\qlib-frontend\node_modules\@antv\component\esm\ui\tooltip\src\ui\tooltip\index.ts' file: Error: ENOENT: no such file or directory, open 'E:\Windsurf-Qlib\qlib-frontend\node_modules\@antv\component\esm\ui\tooltip\src\ui\tooltip\index.ts'

Failed to parse source map from 'E:\Windsurf-Qlib\qlib-frontend\node_modules\@antv\component\esm\util\src\util\angle-converter.ts' file: Error: ENOENT: no such file or directory, open 'E:\Windsurf-Qlib\qlib-frontend\node_modules\@antv\component\esm\util\src\util\angle-converter.ts'

Failed to parse source map from 'E:\Windsurf-Qlib\qlib-frontend\node_modules\@antv\component\esm\util\src\util\bbox.ts' file: Error: ENOENT: no such file or directory, open 'E:\Windsurf-Qlib\qlib-frontend\node_modules\@antv\component\esm\util\src\util\bbox.ts'

Failed to parse source map from 'E:\Windsurf-Qlib\qlib-frontend\node_modules\@antv\component\esm\util\src\util\callback.ts' file: Error: ENOENT: no such file or directory, open 'E:\Windsurf-Qlib\qlib-frontend\node_modules\@antv\component\esm\util\src\util\callback.ts'

Failed to parse source map from 'E:\Windsurf-Qlib\qlib-frontend\node_modules\@antv\component\esm\util\src\util\classnames.ts' file: Error: ENOENT: no such file or directory, open 'E:\Windsurf-Qlib\qlib-frontend\node_modules\@antv\component\esm\util\src\util\classnames.ts'

Failed to parse source map from 'E:\Windsurf-Qlib\qlib-frontend\node_modules\@antv\component\esm\util\src\util\deep-assign.ts' file: Error: ENOENT: no such file or directory, open 'E:\Windsurf-Qlib\qlib-frontend\node_modules\@antv\component\esm\util\src\util\deep-assign.ts'

Failed to parse source map from 'E:\Windsurf-Qlib\qlib-frontend\node_modules\@antv\component\esm\util\src\util\defined.ts' file: Error: ENOENT: no such file or directory, open 'E:\Windsurf-Qlib\qlib-frontend\node_modules\@antv\component\esm\util\src\util\defined.ts'

Failed to parse source map from 'E:\Windsurf-Qlib\qlib-frontend\node_modules\@antv\component\esm\util\src\util\ellipsis.ts' file: Error: ENOENT: no such file or directory, open 'E:\Windsurf-Qlib\qlib-frontend\node_modules\@antv\component\esm\util\src\util\ellipsis.ts'

Failed to parse source map from 'E:\Windsurf-Qlib\qlib-frontend\node_modules\@antv\component\esm\util\src\util\event.ts' file: Error: ENOENT: no such file or directory, open 'E:\Windsurf-Qlib\qlib-frontend\node_modules\@antv\component\esm\util\src\util\event.ts'

Failed to parse source map from 'E:\Windsurf-Qlib\qlib-frontend\node_modules\@antv\component\esm\util\src\util\extend-display-object.ts' file: Error: ENOENT: no such file or directory, open 'E:\Windsurf-Qlib\qlib-frontend\node_modules\@antv\component\esm\util\src\util\extend-display-object.ts'

Failed to parse source map from 'E:\Windsurf-Qlib\qlib-frontend\node_modules\@antv\component\esm\util\geometry\src\util\geometry\index.ts' file: Error: ENOENT: no such file or directory, open 'E:\Windsurf-Qlib\qlib-frontend\node_modules\@antv\component\esm\util\geometry\src\util\geometry\index.ts'

Failed to parse source map from 'E:\Windsurf-Qlib\qlib-frontend\node_modules\@antv\component\esm\util\geometry\src\util\geometry\line-length.ts' file: Error: ENOENT: no such file or directory, open 'E:\Windsurf-Qlib\qlib-frontend\node_modules\@antv\component\esm\util\geometry\src\util\geometry\line-length.ts'

Failed to parse source map from 'E:\Windsurf-Qlib\qlib-frontend\node_modules\@antv\component\esm\util\geometry\src\util\geometry\lines-intersection.ts' file: Error: ENOENT: no such file or directory, open 'E:\Windsurf-Qlib\qlib-frontend\node_modules\@antv\component\esm\util\geometry\src\util\geometry\lines-intersection.ts'

Failed to parse source map from 'E:\Windsurf-Qlib\qlib-frontend\node_modules\@antv\component\esm\util\src\util\group-by.ts' file: Error: ENOENT: no such file or directory, open 'E:\Windsurf-Qlib\qlib-frontend\node_modules\@antv\component\esm\util\src\util\group-by.ts'

Failed to parse source map from 'E:\Windsurf-Qlib\qlib-frontend\node_modules\@antv\component\esm\util\src\util\group.ts' file: Error: ENOENT: no such file or directory, open 'E:\Windsurf-Qlib\qlib-frontend\node_modules\@antv\component\esm\util\src\util\group.ts'

Failed to parse source map from 'E:\Windsurf-Qlib\qlib-frontend\node_modules\@antv\component\esm\util\src\util\html.ts' file: Error: ENOENT: no such file or directory, open 'E:\Windsurf-Qlib\qlib-frontend\node_modules\@antv\component\esm\util\src\util\html.ts'

Failed to parse source map from 'E:\Windsurf-Qlib\qlib-frontend\node_modules\@antv\component\esm\util\src\util\if-show.ts' file: Error: ENOENT: no such file or directory, open 'E:\Windsurf-Qlib\qlib-frontend\node_modules\@antv\component\esm\util\src\util\if-show.ts'

Failed to parse source map from 'E:\Windsurf-Qlib\qlib-frontend\node_modules\@antv\component\esm\util\src\util\in-range.ts' file: Error: ENOENT: no such file or directory, open 'E:\Windsurf-Qlib\qlib-frontend\node_modules\@antv\component\esm\util\src\util\in-range.ts'

Failed to parse source map from 'E:\Windsurf-Qlib\qlib-frontend\node_modules\@antv\component\esm\util\src\util\index.ts' file: Error: ENOENT: no such file or directory, open 'E:\Windsurf-Qlib\qlib-frontend\node_modules\@antv\component\esm\util\src\util\index.ts'

Failed to parse source map from 'E:\Windsurf-Qlib\qlib-frontend\node_modules\@antv\component\esm\util\src\util\interpolate.ts' file: Error: ENOENT: no such file or directory, open 'E:\Windsurf-Qlib\qlib-frontend\node_modules\@antv\component\esm\util\src\util\interpolate.ts'

Failed to parse source map from 'E:\Windsurf-Qlib\qlib-frontend\node_modules\@antv\component\esm\util\src\util\keyframe-interpolate.ts' file: Error: ENOENT: no such file or directory, open 'E:\Windsurf-Qlib\qlib-frontend\node_modules\@antv\component\esm\util\src\util\keyframe-interpolate.ts'

Failed to parse source map from 'E:\Windsurf-Qlib\qlib-frontend\node_modules\@antv\component\esm\util\layout\src\util\layout\executer.ts' file: Error: ENOENT: no such file or directory, open 'E:\Windsurf-Qlib\qlib-frontend\node_modules\@antv\component\esm\util\layout\src\util\layout\executer.ts'

Failed to parse source map from 'E:\Windsurf-Qlib\qlib-frontend\node_modules\@antv\component\esm\util\layout\flex\src\util\layout\flex\index.ts' file: Error: ENOENT: no such file or directory, open 'E:\Windsurf-Qlib\qlib-frontend\node_modules\@antv\component\esm\util\layout\flex\src\util\layout\flex\index.ts'

Failed to parse source map from 'E:\Windsurf-Qlib\qlib-frontend\node_modules\@antv\component\esm\util\layout\grid\src\util\layout\grid\index.ts' file: Error: ENOENT: no such file or directory, open 'E:\Windsurf-Qlib\qlib-frontend\node_modules\@antv\component\esm\util\layout\grid\src\util\layout\grid\index.ts'

Failed to parse source map from 'E:\Windsurf-Qlib\qlib-frontend\node_modules\@antv\component\esm\util\layout\src\util\layout\index.ts' file: Error: ENOENT: no such file or directory, open 'E:\Windsurf-Qlib\qlib-frontend\node_modules\@antv\component\esm\util\layout\src\util\layout\index.ts'

Failed to parse source map from 'E:\Windsurf-Qlib\qlib-frontend\node_modules\@antv\component\esm\util\layout\src\util\layout\types.ts' file: Error: ENOENT: no such file or directory, open 'E:\Windsurf-Qlib\qlib-frontend\node_modules\@antv\component\esm\util\layout\src\util\layout\types.ts'

Failed to parse source map from 'E:\Windsurf-Qlib\qlib-frontend\node_modules\@antv\component\esm\util\layout\utils\src\util\layout\utils\helper.ts' file: Error: ENOENT: no such file or directory, open 'E:\Windsurf-Qlib\qlib-frontend\node_modules\@antv\component\esm\util\layout\utils\src\util\layout\utils\helper.ts'

Failed to parse source map from 'E:\Windsurf-Qlib\qlib-frontend\node_modules\@antv\component\esm\util\layout\utils\src\util\layout\utils\index.ts' file: Error: ENOENT: no such file or directory, open 'E:\Windsurf-Qlib\qlib-frontend\node_modules\@antv\component\esm\util\layout\utils\src\util\layout\utils\index.ts'

Failed to parse source map from 'E:\Windsurf-Qlib\qlib-frontend\node_modules\@antv\component\esm\util\src\util\matrix.ts' file: Error: ENOENT: no such file or directory, open 'E:\Windsurf-Qlib\qlib-frontend\node_modules\@antv\component\esm\util\src\util\matrix.ts'

Failed to parse source map from 'E:\Windsurf-Qlib\qlib-frontend\node_modules\@antv\component\esm\util\src\util\number.ts' file: Error: ENOENT: no such file or directory, open 'E:\Windsurf-Qlib\qlib-frontend\node_modules\@antv\component\esm\util\src\util\number.ts'

Failed to parse source map from 'E:\Windsurf-Qlib\qlib-frontend\node_modules\@antv\component\esm\util\src\util\offscreen.ts' file: Error: ENOENT: no such file or directory, open 'E:\Windsurf-Qlib\qlib-frontend\node_modules\@antv\component\esm\util\src\util\offscreen.ts'

Failed to parse source map from 'E:\Windsurf-Qlib\qlib-frontend\node_modules\@antv\component\esm\util\src\util\omit.ts' file: Error: ENOENT: no such file or directory, open 'E:\Windsurf-Qlib\qlib-frontend\node_modules\@antv\component\esm\util\src\util\omit.ts'

Failed to parse source map from 'E:\Windsurf-Qlib\qlib-frontend\node_modules\@antv\component\esm\util\src\util\path.ts' file: Error: ENOENT: no such file or directory, open 'E:\Windsurf-Qlib\qlib-frontend\node_modules\@antv\component\esm\util\src\util\path.ts'

Failed to parse source map from 'E:\Windsurf-Qlib\qlib-frontend\node_modules\@antv\component\esm\util\src\util\primitive.ts' file: Error: ENOENT: no such file or directory, open 'E:\Windsurf-Qlib\qlib-frontend\node_modules\@antv\component\esm\util\src\util\primitive.ts'

Failed to parse source map from 'E:\Windsurf-Qlib\qlib-frontend\node_modules\@antv\component\esm\util\src\util\replace-children.ts' file: Error: ENOENT: no such file or directory, open 'E:\Windsurf-Qlib\qlib-frontend\node_modules\@antv\component\esm\util\src\util\replace-children.ts'

Failed to parse source map from 'E:\Windsurf-Qlib\qlib-frontend\node_modules\@antv\component\esm\util\src\util\sampling.ts' file: Error: ENOENT: no such file or directory, open 'E:\Windsurf-Qlib\qlib-frontend\node_modules\@antv\component\esm\util\src\util\sampling.ts'

Failed to parse source map from 'E:\Windsurf-Qlib\qlib-frontend\node_modules\@antv\component\esm\util\src\util\scale-to-pixel.ts' file: Error: ENOENT: no such file or directory, open 'E:\Windsurf-Qlib\qlib-frontend\node_modules\@antv\component\esm\util\src\util\scale-to-pixel.ts'

Failed to parse source map from 'E:\Windsurf-Qlib\qlib-frontend\node_modules\@antv\component\esm\util\src\util\selection.ts' file: Error: ENOENT: no such file or directory, open 'E:\Windsurf-Qlib\qlib-frontend\node_modules\@antv\component\esm\util\src\util\selection.ts'

Failed to parse source map from 'E:\Windsurf-Qlib\qlib-frontend\node_modules\@antv\component\esm\util\src\util\series.ts' file: Error: ENOENT: no such file or directory, open 'E:\Windsurf-Qlib\qlib-frontend\node_modules\@antv\component\esm\util\src\util\series.ts'

Failed to parse source map from 'E:\Windsurf-Qlib\qlib-frontend\node_modules\@antv\component\esm\util\src\util\shape.ts' file: Error: ENOENT: no such file or directory, open 'E:\Windsurf-Qlib\qlib-frontend\node_modules\@antv\component\esm\util\src\util\shape.ts'

Failed to parse source map from 'E:\Windsurf-Qlib\qlib-frontend\node_modules\@antv\component\esm\util\src\util\string.ts' file: Error: ENOENT: no such file or directory, open 'E:\Windsurf-Qlib\qlib-frontend\node_modules\@antv\component\esm\util\src\util\string.ts'

Failed to parse source map from 'E:\Windsurf-Qlib\qlib-frontend\node_modules\@antv\component\esm\util\src\util\style.ts' file: Error: ENOENT: no such file or directory, open 'E:\Windsurf-Qlib\qlib-frontend\node_modules\@antv\component\esm\util\src\util\style.ts'

Failed to parse source map from 'E:\Windsurf-Qlib\qlib-frontend\node_modules\@antv\component\esm\util\src\util\svg2marker.ts' file: Error: ENOENT: no such file or directory, open 'E:\Windsurf-Qlib\qlib-frontend\node_modules\@antv\component\esm\util\src\util\svg2marker.ts'

Failed to parse source map from 'E:\Windsurf-Qlib\qlib-frontend\node_modules\@antv\component\esm\util\src\util\text.ts' file: Error: ENOENT: no such file or directory, open 'E:\Windsurf-Qlib\qlib-frontend\node_modules\@antv\component\esm\util\src\util\text.ts'

Failed to parse source map from 'E:\Windsurf-Qlib\qlib-frontend\node_modules\@antv\component\esm\util\src\util\throttle.ts' file: Error: ENOENT: no such file or directory, open 'E:\Windsurf-Qlib\qlib-frontend\node_modules\@antv\component\esm\util\src\util\throttle.ts'

Failed to parse source map from 'E:\Windsurf-Qlib\qlib-frontend\node_modules\@antv\component\esm\util\src\util\time.ts' file: Error: ENOENT: no such file or directory, open 'E:\Windsurf-Qlib\qlib-frontend\node_modules\@antv\component\esm\util\src\util\time.ts'

Failed to parse source map from 'E:\Windsurf-Qlib\qlib-frontend\node_modules\@antv\component\esm\util\src\util\timer.ts' file: Error: ENOENT: no such file or directory, open 'E:\Windsurf-Qlib\qlib-frontend\node_modules\@antv\component\esm\util\src\util\timer.ts'

Failed to parse source map from 'E:\Windsurf-Qlib\qlib-frontend\node_modules\@antv\component\esm\util\src\util\transform.ts' file: Error: ENOENT: no such file or directory, open 'E:\Windsurf-Qlib\qlib-frontend\node_modules\@antv\component\esm\util\src\util\transform.ts'

Failed to parse source map from 'E:\Windsurf-Qlib\qlib-frontend\node_modules\@antv\component\esm\util\src\util\transpose.ts' file: Error: ENOENT: no such file or directory, open 'E:\Windsurf-Qlib\qlib-frontend\node_modules\@antv\component\esm\util\src\util\transpose.ts'

Failed to parse source map from 'E:\Windsurf-Qlib\qlib-frontend\node_modules\@antv\component\esm\util\src\util\traverse.ts' file: Error: ENOENT: no such file or directory, open 'E:\Windsurf-Qlib\qlib-frontend\node_modules\@antv\component\esm\util\src\util\traverse.ts'

Failed to parse source map from 'E:\Windsurf-Qlib\qlib-frontend\node_modules\@antv\component\esm\util\src\util\visibility.ts' file: Error: ENOENT: no such file or directory, open 'E:\Windsurf-Qlib\qlib-frontend\node_modules\@antv\component\esm\util\src\util\visibility.ts'

Failed to parse source map from 'E:\Windsurf-Qlib\qlib-frontend\node_modules\@antv\component\esm\util\src\util\wrap.ts' file: Error: ENOENT: no such file or directory, open 'E:\Windsurf-Qlib\qlib-frontend\node_modules\@antv\component\esm\util\src\util\wrap.ts'

Failed to parse source map from 'E:\Windsurf-Qlib\qlib-frontend\node_modules\@antv\g-math\src\packages\g-math\src\arc.ts' file: Error: ENOENT: no such file or directory, open 'E:\Windsurf-Qlib\qlib-frontend\node_modules\@antv\g-math\src\packages\g-math\src\arc.ts'

Failed to parse source map from 'E:\Windsurf-Qlib\qlib-frontend\node_modules\@antv\g-math\src\packages\g-math\src\bezier.ts' file: Error: ENOENT: no such file or directory, open 'E:\Windsurf-Qlib\qlib-frontend\node_modules\@antv\g-math\src\packages\g-math\src\bezier.ts'

Failed to parse source map from 'E:\Windsurf-Qlib\qlib-frontend\node_modules\@antv\g-math\src\packages\g-math\src\cubic.ts' file: Error: ENOENT: no such file or directory, open 'E:\Windsurf-Qlib\qlib-frontend\node_modules\@antv\g-math\src\packages\g-math\src\cubic.ts'

Failed to parse source map from 'E:\Windsurf-Qlib\qlib-frontend\node_modules\@antv\g-math\src\packages\g-math\src\ellipse.ts' file: Error: ENOENT: no such file or directory, open 'E:\Windsurf-Qlib\qlib-frontend\node_modules\@antv\g-math\src\packages\g-math\src\ellipse.ts'

Failed to parse source map from 'E:\Windsurf-Qlib\qlib-frontend\node_modules\@antv\g-math\src\packages\g-math\src\line.ts' file: Error: ENOENT: no such file or directory, open 'E:\Windsurf-Qlib\qlib-frontend\node_modules\@antv\g-math\src\packages\g-math\src\line.ts'

Failed to parse source map from 'E:\Windsurf-Qlib\qlib-frontend\node_modules\@antv\g-math\src\packages\g-math\src\polygon.ts' file: Error: ENOENT: no such file or directory, open 'E:\Windsurf-Qlib\qlib-frontend\node_modules\@antv\g-math\src\packages\g-math\src\polygon.ts'

Failed to parse source map from 'E:\Windsurf-Qlib\qlib-frontend\node_modules\@antv\g-math\src\packages\g-math\src\polyline.ts' file: Error: ENOENT: no such file or directory, open 'E:\Windsurf-Qlib\qlib-frontend\node_modules\@antv\g-math\src\packages\g-math\src\polyline.ts'

Failed to parse source map from 'E:\Windsurf-Qlib\qlib-frontend\node_modules\@antv\g-math\src\packages\g-math\src\quadratic.ts' file: Error: ENOENT: no such file or directory, open 'E:\Windsurf-Qlib\qlib-frontend\node_modules\@antv\g-math\src\packages\g-math\src\quadratic.ts'

Failed to parse source map from 'E:\Windsurf-Qlib\qlib-frontend\node_modules\@antv\g-math\src\packages\g-math\src\segments.ts' file: Error: ENOENT: no such file or directory, open 'E:\Windsurf-Qlib\qlib-frontend\node_modules\@antv\g-math\src\packages\g-math\src\segments.ts'

Failed to parse source map from 'E:\Windsurf-Qlib\qlib-frontend\node_modules\@antv\g-math\src\packages\g-math\src\util.ts' file: Error: ENOENT: no such file or directory, open 'E:\Windsurf-Qlib\qlib-frontend\node_modules\@antv\g-math\src\packages\g-math\src\util.ts'

Failed to parse source map from 'E:\Windsurf-Qlib\qlib-frontend\node_modules\@antv\g2-extension-plot\esm\src\index.ts' file: Error: ENOENT: no such file or directory, open 'E:\Windsurf-Qlib\qlib-frontend\node_modules\@antv\g2-extension-plot\esm\src\index.ts'

Failed to parse source map from 'E:\Windsurf-Qlib\qlib-frontend\node_modules\@antv\g2-extension-plot\esm\interaction\src\interaction\drillDown.ts' file: Error: ENOENT: no such file or directory, open 'E:\Windsurf-Qlib\qlib-frontend\node_modules\@antv\g2-extension-plot\esm\interaction\src\interaction\drillDown.ts'

Failed to parse source map from 'E:\Windsurf-Qlib\qlib-frontend\node_modules\@antv\g2-extension-plot\esm\interaction\src\interaction\index.ts' file: Error: ENOENT: no such file or directory, open 'E:\Windsurf-Qlib\qlib-frontend\node_modules\@antv\g2-extension-plot\esm\interaction\src\interaction\index.ts'

Failed to parse source map from 'E:\Windsurf-Qlib\qlib-frontend\node_modules\@antv\g2-extension-plot\esm\src\lib.ts' file: Error: ENOENT: no such file or directory, open 'E:\Windsurf-Qlib\qlib-frontend\node_modules\@antv\g2-extension-plot\esm\src\lib.ts'

Failed to parse source map from 'E:\Windsurf-Qlib\qlib-frontend\node_modules\@antv\g2-extension-plot\esm\mark\src\mark\index.ts' file: Error: ENOENT: no such file or directory, open 'E:\Windsurf-Qlib\qlib-frontend\node_modules\@antv\g2-extension-plot\esm\mark\src\mark\index.ts'

Failed to parse source map from 'E:\Windsurf-Qlib\qlib-frontend\node_modules\@antv\g2-extension-plot\esm\mark\src\mark\sunburst.ts' file: Error: ENOENT: no such file or directory, open 'E:\Windsurf-Qlib\qlib-frontend\node_modules\@antv\g2-extension-plot\esm\mark\src\mark\sunburst.ts'

Failed to parse source map from 'E:\Windsurf-Qlib\qlib-frontend\node_modules\@antv\g2-extension-plot\esm\utils\hierarchy\src\utils\hierarchy\partition.ts' file: Error: ENOENT: no such file or directory, open 'E:\Windsurf-Qlib\qlib-frontend\node_modules\@antv\g2-extension-plot\esm\utils\hierarchy\src\utils\hierarchy\partition.ts'

Failed to parse source map from 'E:\Windsurf-Qlib\qlib-frontend\node_modules\@antv\g2\esm\animation\src\animation\fadeIn.ts' file: Error: ENOENT: no such file or directory, open 'E:\Windsurf-Qlib\qlib-frontend\node_modules\@antv\g2\esm\animation\src\animation\fadeIn.ts'

Failed to parse source map from 'E:\Windsurf-Qlib\qlib-frontend\node_modules\@antv\g2\esm\animation\src\animation\fadeOut.ts' file: Error: ENOENT: no such file or directory, open 'E:\Windsurf-Qlib\qlib-frontend\node_modules\@antv\g2\esm\animation\src\animation\fadeOut.ts'

Failed to parse source map from 'E:\Windsurf-Qlib\qlib-frontend\node_modules\@antv\g2\esm\animation\src\animation\growInX.ts' file: Error: ENOENT: no such file or directory, open 'E:\Windsurf-Qlib\qlib-frontend\node_modules\@antv\g2\esm\animation\src\animation\growInX.ts'

Failed to parse source map from 'E:\Windsurf-Qlib\qlib-frontend\node_modules\@antv\g2\esm\animation\src\animation\growInY.ts' file: Error: ENOENT: no such file or directory, open 'E:\Windsurf-Qlib\qlib-frontend\node_modules\@antv\g2\esm\animation\src\animation\growInY.ts'

Failed to parse source map from 'E:\Windsurf-Qlib\qlib-frontend\node_modules\@antv\g2\esm\animation\src\animation\index.ts' file: Error: ENOENT: no such file or directory, open 'E:\Windsurf-Qlib\qlib-frontend\node_modules\@antv\g2\esm\animation\src\animation\index.ts'

Failed to parse source map from 'E:\Windsurf-Qlib\qlib-frontend\node_modules\@antv\g2\esm\animation\src\animation\morphing.ts' file: Error: ENOENT: no such file or directory, open 'E:\Windsurf-Qlib\qlib-frontend\node_modules\@antv\g2\esm\animation\src\animation\morphing.ts'

Failed to parse source map from 'E:\Windsurf-Qlib\qlib-frontend\node_modules\@antv\g2\esm\animation\src\animation\pathIn.ts' file: Error: ENOENT: no such file or directory, open 'E:\Windsurf-Qlib\qlib-frontend\node_modules\@antv\g2\esm\animation\src\animation\pathIn.ts'

Failed to parse source map from 'E:\Windsurf-Qlib\qlib-frontend\node_modules\@antv\g2\esm\animation\src\animation\scaleInX.ts' file: Error: ENOENT: no such file or directory, open 'E:\Windsurf-Qlib\qlib-frontend\node_modules\@antv\g2\esm\animation\src\animation\scaleInX.ts'

Failed to parse source map from 'E:\Windsurf-Qlib\qlib-frontend\node_modules\@antv\g2\esm\animation\src\animation\scaleInY.ts' file: Error: ENOENT: no such file or directory, open 'E:\Windsurf-Qlib\qlib-frontend\node_modules\@antv\g2\esm\animation\src\animation\scaleInY.ts'

Failed to parse source map from 'E:\Windsurf-Qlib\qlib-frontend\node_modules\@antv\g2\esm\animation\src\animation\scaleOutX.ts' file: Error: ENOENT: no such file or directory, open 'E:\Windsurf-Qlib\qlib-frontend\node_modules\@antv\g2\esm\animation\src\animation\scaleOutX.ts'

Failed to parse source map from 'E:\Windsurf-Qlib\qlib-frontend\node_modules\@antv\g2\esm\animation\src\animation\scaleOutY.ts' file: Error: ENOENT: no such file or directory, open 'E:\Windsurf-Qlib\qlib-frontend\node_modules\@antv\g2\esm\animation\src\animation\scaleOutY.ts'

Failed to parse source map from 'E:\Windsurf-Qlib\qlib-frontend\node_modules\@antv\g2\esm\animation\src\animation\utils.ts' file: Error: ENOENT: no such file or directory, open 'E:\Windsurf-Qlib\qlib-frontend\node_modules\@antv\g2\esm\animation\src\animation\utils.ts'

Failed to parse source map from 'E:\Windsurf-Qlib\qlib-frontend\node_modules\@antv\g2\esm\animation\src\animation\waveIn.ts' file: Error: ENOENT: no such file or directory, open 'E:\Windsurf-Qlib\qlib-frontend\node_modules\@antv\g2\esm\animation\src\animation\waveIn.ts'

Failed to parse source map from 'E:\Windsurf-Qlib\qlib-frontend\node_modules\@antv\g2\esm\animation\src\animation\zoomIn.ts' file: Error: ENOENT: no such file or directory, open 'E:\Windsurf-Qlib\qlib-frontend\node_modules\@antv\g2\esm\animation\src\animation\zoomIn.ts'

Failed to parse source map from 'E:\Windsurf-Qlib\qlib-frontend\node_modules\@antv\g2\esm\animation\src\animation\zoomOut.ts' file: Error: ENOENT: no such file or directory, open 'E:\Windsurf-Qlib\qlib-frontend\node_modules\@antv\g2\esm\animation\src\animation\zoomOut.ts'

Failed to parse source map from 'E:\Windsurf-Qlib\qlib-frontend\node_modules\@antv\g2\esm\api\src\api\chart.ts' file: Error: ENOENT: no such file or directory, open 'E:\Windsurf-Qlib\qlib-frontend\node_modules\@antv\g2\esm\api\src\api\chart.ts'

Failed to parse source map from 'E:\Windsurf-Qlib\qlib-frontend\node_modules\@antv\g2\esm\api\src\api\composition.ts' file: Error: ENOENT: no such file or directory, open 'E:\Windsurf-Qlib\qlib-frontend\node_modules\@antv\g2\esm\api\src\api\composition.ts'

Failed to parse source map from 'E:\Windsurf-Qlib\qlib-frontend\node_modules\@antv\g2\esm\api\src\api\define.ts' file: Error: ENOENT: no such file or directory, open 'E:\Windsurf-Qlib\qlib-frontend\node_modules\@antv\g2\esm\api\src\api\define.ts'

Failed to parse source map from 'E:\Windsurf-Qlib\qlib-frontend\node_modules\@antv\g2\esm\api\src\api\extend.ts' file: Error: ENOENT: no such file or directory, open 'E:\Windsurf-Qlib\qlib-frontend\node_modules\@antv\g2\esm\api\src\api\extend.ts'

Failed to parse source map from 'E:\Windsurf-Qlib\qlib-frontend\node_modules\@antv\g2\esm\api\src\api\index.ts' file: Error: ENOENT: no such file or directory, open 'E:\Windsurf-Qlib\qlib-frontend\node_modules\@antv\g2\esm\api\src\api\index.ts'

Failed to parse source map from 'E:\Windsurf-Qlib\qlib-frontend\node_modules\@antv\g2\esm\api\src\api\library.ts' file: Error: ENOENT: no such file or directory, open 'E:\Windsurf-Qlib\qlib-frontend\node_modules\@antv\g2\esm\api\src\api\library.ts'

Failed to parse source map from 'E:\Windsurf-Qlib\qlib-frontend\node_modules\@antv\g2\esm\api\src\api\mark.ts' file: Error: ENOENT: no such file or directory, open 'E:\Windsurf-Qlib\qlib-frontend\node_modules\@antv\g2\esm\api\src\api\mark.ts'

Failed to parse source map from 'E:\Windsurf-Qlib\qlib-frontend\node_modules\@antv\g2\esm\api\src\api\node.ts' file: Error: ENOENT: no such file or directory, open 'E:\Windsurf-Qlib\qlib-frontend\node_modules\@antv\g2\esm\api\src\api\node.ts'

Failed to parse source map from 'E:\Windsurf-Qlib\qlib-frontend\node_modules\@antv\g2\esm\api\src\api\props.ts' file: Error: ENOENT: no such file or directory, open 'E:\Windsurf-Qlib\qlib-frontend\node_modules\@antv\g2\esm\api\src\api\props.ts'

Failed to parse source map from 'E:\Windsurf-Qlib\qlib-frontend\node_modules\@antv\g2\esm\api\src\api\runtime.ts' file: Error: ENOENT: no such file or directory, open 'E:\Windsurf-Qlib\qlib-frontend\node_modules\@antv\g2\esm\api\src\api\runtime.ts'

Failed to parse source map from 'E:\Windsurf-Qlib\qlib-frontend\node_modules\@antv\g2\esm\api\src\api\utils.ts' file: Error: ENOENT: no such file or directory, open 'E:\Windsurf-Qlib\qlib-frontend\node_modules\@antv\g2\esm\api\src\api\utils.ts'

Failed to parse source map from 'E:\Windsurf-Qlib\qlib-frontend\node_modules\@antv\g2\esm\component\src\component\axis.ts' file: Error: ENOENT: no such file or directory, open 'E:\Windsurf-Qlib\qlib-frontend\node_modules\@antv\g2\esm\component\src\component\axis.ts'

Failed to parse source map from 'E:\Windsurf-Qlib\qlib-frontend\node_modules\@antv\g2\esm\component\src\component\axisRadar.ts' file: Error: ENOENT: no such file or directory, open 'E:\Windsurf-Qlib\qlib-frontend\node_modules\@antv\g2\esm\component\src\component\axisRadar.ts'

Failed to parse source map from 'E:\Windsurf-Qlib\qlib-frontend\node_modules\@antv\g2\esm\component\src\component\axisX.ts' file: Error: ENOENT: no such file or directory, open 'E:\Windsurf-Qlib\qlib-frontend\node_modules\@antv\g2\esm\component\src\component\axisX.ts'

Failed to parse source map from 'E:\Windsurf-Qlib\qlib-frontend\node_modules\@antv\g2\esm\component\src\component\axisY.ts' file: Error: ENOENT: no such file or directory, open 'E:\Windsurf-Qlib\qlib-frontend\node_modules\@antv\g2\esm\component\src\component\axisY.ts'

Failed to parse source map from 'E:\Windsurf-Qlib\qlib-frontend\node_modules\@antv\g2\esm\component\src\component\constant.ts' file: Error: ENOENT: no such file or directory, open 'E:\Windsurf-Qlib\qlib-frontend\node_modules\@antv\g2\esm\component\src\component\constant.ts'

Failed to parse source map from 'E:\Windsurf-Qlib\qlib-frontend\node_modules\@antv\g2\esm\component\src\component\index.ts' file: Error: ENOENT: no such file or directory, open 'E:\Windsurf-Qlib\qlib-frontend\node_modules\@antv\g2\esm\component\src\component\index.ts'

Failed to parse source map from 'E:\Windsurf-Qlib\qlib-frontend\node_modules\@antv\g2\esm\component\src\component\legendCategory.ts' file: Error: ENOENT: no such file or directory, open 'E:\Windsurf-Qlib\qlib-frontend\node_modules\@antv\g2\esm\component\src\component\legendCategory.ts'

Failed to parse source map from 'E:\Windsurf-Qlib\qlib-frontend\node_modules\@antv\g2\esm\component\src\component\legendContinuous.ts' file: Error: ENOENT: no such file or directory, open 'E:\Windsurf-Qlib\qlib-frontend\node_modules\@antv\g2\esm\component\src\component\legendContinuous.ts'

Failed to parse source map from 'E:\Windsurf-Qlib\qlib-frontend\node_modules\@antv\g2\esm\component\src\component\legendContinuousBlock.ts' file: Error: ENOENT: no such file or directory, open 'E:\Windsurf-Qlib\qlib-frontend\node_modules\@antv\g2\esm\component\src\component\legendContinuousBlock.ts'

Failed to parse source map from 'E:\Windsurf-Qlib\qlib-frontend\node_modules\@antv\g2\esm\component\src\component\legendContinuousBlockSize.ts' file: Error: ENOENT: no such file or directory, open 'E:\Windsurf-Qlib\qlib-frontend\node_modules\@antv\g2\esm\component\src\component\legendContinuousBlockSize.ts'

Failed to parse source map from 'E:\Windsurf-Qlib\qlib-frontend\node_modules\@antv\g2\esm\component\src\component\legendContinuousSize.ts' file: Error: ENOENT: no such file or directory, open 'E:\Windsurf-Qlib\qlib-frontend\node_modules\@antv\g2\esm\component\src\component\legendContinuousSize.ts'

Failed to parse source map from 'E:\Windsurf-Qlib\qlib-frontend\node_modules\@antv\g2\esm\component\src\component\legends.ts' file: Error: ENOENT: no such file or directory, open 'E:\Windsurf-Qlib\qlib-frontend\node_modules\@antv\g2\esm\component\src\component\legends.ts'

Failed to parse source map from 'E:\Windsurf-Qlib\qlib-frontend\node_modules\@antv\g2\esm\component\src\component\scrollbar.ts' file: Error: ENOENT: no such file or directory, open 'E:\Windsurf-Qlib\qlib-frontend\node_modules\@antv\g2\esm\component\src\component\scrollbar.ts'

Failed to parse source map from 'E:\Windsurf-Qlib\qlib-frontend\node_modules\@antv\g2\esm\component\src\component\scrollbarX.ts' file: Error: ENOENT: no such file or directory, open 'E:\Windsurf-Qlib\qlib-frontend\node_modules\@antv\g2\esm\component\src\component\scrollbarX.ts'

Failed to parse source map from 'E:\Windsurf-Qlib\qlib-frontend\node_modules\@antv\g2\esm\component\src\component\scrollbarY.ts' file: Error: ENOENT: no such file or directory, open 'E:\Windsurf-Qlib\qlib-frontend\node_modules\@antv\g2\esm\component\src\component\scrollbarY.ts'

Failed to parse source map from 'E:\Windsurf-Qlib\qlib-frontend\node_modules\@antv\g2\esm\component\src\component\slider.ts' file: Error: ENOENT: no such file or directory, open 'E:\Windsurf-Qlib\qlib-frontend\node_modules\@antv\g2\esm\component\src\component\slider.ts'

Failed to parse source map from 'E:\Windsurf-Qlib\qlib-frontend\node_modules\@antv\g2\esm\component\src\component\sliderX.ts' file: Error: ENOENT: no such file or directory, open 'E:\Windsurf-Qlib\qlib-frontend\node_modules\@antv\g2\esm\component\src\component\sliderX.ts'

Failed to parse source map from 'E:\Windsurf-Qlib\qlib-frontend\node_modules\@antv\g2\esm\component\src\component\sliderY.ts' file: Error: ENOENT: no such file or directory, open 'E:\Windsurf-Qlib\qlib-frontend\node_modules\@antv\g2\esm\component\src\component\sliderY.ts'

Failed to parse source map from 'E:\Windsurf-Qlib\qlib-frontend\node_modules\@antv\g2\esm\component\src\component\title.ts' file: Error: ENOENT: no such file or directory, open 'E:\Windsurf-Qlib\qlib-frontend\node_modules\@antv\g2\esm\component\src\component\title.ts'

Failed to parse source map from 'E:\Windsurf-Qlib\qlib-frontend\node_modules\@antv\g2\esm\component\src\component\utils.ts' file: Error: ENOENT: no such file or directory, open 'E:\Windsurf-Qlib\qlib-frontend\node_modules\@antv\g2\esm\component\src\component\utils.ts'

Failed to parse source map from 'E:\Windsurf-Qlib\qlib-frontend\node_modules\@antv\g2\esm\composition\src\composition\d3Projection.ts' file: Error: ENOENT: no such file or directory, open 'E:\Windsurf-Qlib\qlib-frontend\node_modules\@antv\g2\esm\composition\src\composition\d3Projection.ts'

Failed to parse source map from 'E:\Windsurf-Qlib\qlib-frontend\node_modules\@antv\g2\esm\composition\src\composition\facetCircle.ts' file: Error: ENOENT: no such file or directory, open 'E:\Windsurf-Qlib\qlib-frontend\node_modules\@antv\g2\esm\composition\src\composition\facetCircle.ts'

Failed to parse source map from 'E:\Windsurf-Qlib\qlib-frontend\node_modules\@antv\g2\esm\composition\src\composition\facetRect.ts' file: Error: ENOENT: no such file or directory, open 'E:\Windsurf-Qlib\qlib-frontend\node_modules\@antv\g2\esm\composition\src\composition\facetRect.ts'

Failed to parse source map from 'E:\Windsurf-Qlib\qlib-frontend\node_modules\@antv\g2\esm\composition\src\composition\geoPath.ts' file: Error: ENOENT: no such file or directory, open 'E:\Windsurf-Qlib\qlib-frontend\node_modules\@antv\g2\esm\composition\src\composition\geoPath.ts'

Failed to parse source map from 'E:\Windsurf-Qlib\qlib-frontend\node_modules\@antv\g2\esm\composition\src\composition\geoView.ts' file: Error: ENOENT: no such file or directory, open 'E:\Windsurf-Qlib\qlib-frontend\node_modules\@antv\g2\esm\composition\src\composition\geoView.ts'

Failed to parse source map from 'E:\Windsurf-Qlib\qlib-frontend\node_modules\@antv\g2\esm\composition\src\composition\index.ts' file: Error: ENOENT: no such file or directory, open 'E:\Windsurf-Qlib\qlib-frontend\node_modules\@antv\g2\esm\composition\src\composition\index.ts'

Failed to parse source map from 'E:\Windsurf-Qlib\qlib-frontend\node_modules\@antv\g2\esm\composition\src\composition\mark.ts' file: Error: ENOENT: no such file or directory, open 'E:\Windsurf-Qlib\qlib-frontend\node_modules\@antv\g2\esm\composition\src\composition\mark.ts'

Failed to parse source map from 'E:\Windsurf-Qlib\qlib-frontend\node_modules\@antv\g2\esm\composition\src\composition\repeatMatrix.ts' file: Error: ENOENT: no such file or directory, open 'E:\Windsurf-Qlib\qlib-frontend\node_modules\@antv\g2\esm\composition\src\composition\repeatMatrix.ts'

Failed to parse source map from 'E:\Windsurf-Qlib\qlib-frontend\node_modules\@antv\g2\esm\composition\src\composition\spaceFlex.ts' file: Error: ENOENT: no such file or directory, open 'E:\Windsurf-Qlib\qlib-frontend\node_modules\@antv\g2\esm\composition\src\composition\spaceFlex.ts'

Failed to parse source map from 'E:\Windsurf-Qlib\qlib-frontend\node_modules\@antv\g2\esm\composition\src\composition\spaceLayer.ts' file: Error: ENOENT: no such file or directory, open 'E:\Windsurf-Qlib\qlib-frontend\node_modules\@antv\g2\esm\composition\src\composition\spaceLayer.ts'

Failed to parse source map from 'E:\Windsurf-Qlib\qlib-frontend\node_modules\@antv\g2\esm\composition\src\composition\timingKeyframe.ts' file: Error: ENOENT: no such file or directory, open 'E:\Windsurf-Qlib\qlib-frontend\node_modules\@antv\g2\esm\composition\src\composition\timingKeyframe.ts'

Failed to parse source map from 'E:\Windsurf-Qlib\qlib-frontend\node_modules\@antv\g2\esm\composition\src\composition\utils.ts' file: Error: ENOENT: no such file or directory, open 'E:\Windsurf-Qlib\qlib-frontend\node_modules\@antv\g2\esm\composition\src\composition\utils.ts'

Failed to parse source map from 'E:\Windsurf-Qlib\qlib-frontend\node_modules\@antv\g2\esm\composition\src\composition\view.ts' file: Error: ENOENT: no such file or directory, open 'E:\Windsurf-Qlib\qlib-frontend\node_modules\@antv\g2\esm\composition\src\composition\view.ts'

Failed to parse source map from 'E:\Windsurf-Qlib\qlib-frontend\node_modules\@antv\g2\esm\coordinate\src\coordinate\cartesian.ts' file: Error: ENOENT: no such file or directory, open 'E:\Windsurf-Qlib\qlib-frontend\node_modules\@antv\g2\esm\coordinate\src\coordinate\cartesian.ts'

Failed to parse source map from 'E:\Windsurf-Qlib\qlib-frontend\node_modules\@antv\g2\esm\coordinate\src\coordinate\fisheye.ts' file: Error: ENOENT: no such file or directory, open 'E:\Windsurf-Qlib\qlib-frontend\node_modules\@antv\g2\esm\coordinate\src\coordinate\fisheye.ts'

Failed to parse source map from 'E:\Windsurf-Qlib\qlib-frontend\node_modules\@antv\g2\esm\coordinate\src\coordinate\helix.ts' file: Error: ENOENT: no such file or directory, open 'E:\Windsurf-Qlib\qlib-frontend\node_modules\@antv\g2\esm\coordinate\src\coordinate\helix.ts'

Failed to parse source map from 'E:\Windsurf-Qlib\qlib-frontend\node_modules\@antv\g2\esm\coordinate\src\coordinate\index.ts' file: Error: ENOENT: no such file or directory, open 'E:\Windsurf-Qlib\qlib-frontend\node_modules\@antv\g2\esm\coordinate\src\coordinate\index.ts'

Failed to parse source map from 'E:\Windsurf-Qlib\qlib-frontend\node_modules\@antv\g2\esm\coordinate\src\coordinate\parallel.ts' file: Error: ENOENT: no such file or directory, open 'E:\Windsurf-Qlib\qlib-frontend\node_modules\@antv\g2\esm\coordinate\src\coordinate\parallel.ts'

Failed to parse source map from 'E:\Windsurf-Qlib\qlib-frontend\node_modules\@antv\g2\esm\coordinate\src\coordinate\polar.ts' file: Error: ENOENT: no such file or directory, open 'E:\Windsurf-Qlib\qlib-frontend\node_modules\@antv\g2\esm\coordinate\src\coordinate\polar.ts'

Failed to parse source map from 'E:\Windsurf-Qlib\qlib-frontend\node_modules\@antv\g2\esm\coordinate\src\coordinate\radar.ts' file: Error: ENOENT: no such file or directory, open 'E:\Windsurf-Qlib\qlib-frontend\node_modules\@antv\g2\esm\coordinate\src\coordinate\radar.ts'

Failed to parse source map from 'E:\Windsurf-Qlib\qlib-frontend\node_modules\@antv\g2\esm\coordinate\src\coordinate\radial.ts' file: Error: ENOENT: no such file or directory, open 'E:\Windsurf-Qlib\qlib-frontend\node_modules\@antv\g2\esm\coordinate\src\coordinate\radial.ts'

Failed to parse source map from 'E:\Windsurf-Qlib\qlib-frontend\node_modules\@antv\g2\esm\coordinate\src\coordinate\theta.ts' file: Error: ENOENT: no such file or directory, open 'E:\Windsurf-Qlib\qlib-frontend\node_modules\@antv\g2\esm\coordinate\src\coordinate\theta.ts'

Failed to parse source map from 'E:\Windsurf-Qlib\qlib-frontend\node_modules\@antv\g2\esm\coordinate\src\coordinate\transpose.ts' file: Error: ENOENT: no such file or directory, open 'E:\Windsurf-Qlib\qlib-frontend\node_modules\@antv\g2\esm\coordinate\src\coordinate\transpose.ts'

Failed to parse source map from 'E:\Windsurf-Qlib\qlib-frontend\node_modules\@antv\g2\esm\data\src\data\arc.ts' file: Error: ENOENT: no such file or directory, open 'E:\Windsurf-Qlib\qlib-frontend\node_modules\@antv\g2\esm\data\src\data\arc.ts'

Failed to parse source map from 'E:\Windsurf-Qlib\qlib-frontend\node_modules\@antv\g2\esm\data\src\data\cluster.ts' file: Error: ENOENT: no such file or directory, open 'E:\Windsurf-Qlib\qlib-frontend\node_modules\@antv\g2\esm\data\src\data\cluster.ts'

Failed to parse source map from 'E:\Windsurf-Qlib\qlib-frontend\node_modules\@antv\g2\esm\data\src\data\custom.ts' file: Error: ENOENT: no such file or directory, open 'E:\Windsurf-Qlib\qlib-frontend\node_modules\@antv\g2\esm\data\src\data\custom.ts'

Failed to parse source map from 'E:\Windsurf-Qlib\qlib-frontend\node_modules\@antv\g2\esm\data\src\data\ema.ts' file: Error: ENOENT: no such file or directory, open 'E:\Windsurf-Qlib\qlib-frontend\node_modules\@antv\g2\esm\data\src\data\ema.ts'

Failed to parse source map from 'E:\Windsurf-Qlib\qlib-frontend\node_modules\@antv\g2\esm\data\src\data\fetch.ts' file: Error: ENOENT: no such file or directory, open 'E:\Windsurf-Qlib\qlib-frontend\node_modules\@antv\g2\esm\data\src\data\fetch.ts'

Failed to parse source map from 'E:\Windsurf-Qlib\qlib-frontend\node_modules\@antv\g2\esm\data\src\data\filter.ts' file: Error: ENOENT: no such file or directory, open 'E:\Windsurf-Qlib\qlib-frontend\node_modules\@antv\g2\esm\data\src\data\filter.ts'

Failed to parse source map from 'E:\Windsurf-Qlib\qlib-frontend\node_modules\@antv\g2\esm\data\src\data\fold.ts' file: Error: ENOENT: no such file or directory, open 'E:\Windsurf-Qlib\qlib-frontend\node_modules\@antv\g2\esm\data\src\data\fold.ts'

Failed to parse source map from 'E:\Windsurf-Qlib\qlib-frontend\node_modules\@antv\g2\esm\data\src\data\index.ts' file: Error: ENOENT: no such file or directory, open 'E:\Windsurf-Qlib\qlib-frontend\node_modules\@antv\g2\esm\data\src\data\index.ts'

Failed to parse source map from 'E:\Windsurf-Qlib\qlib-frontend\node_modules\@antv\g2\esm\data\src\data\inline.ts' file: Error: ENOENT: no such file or directory, open 'E:\Windsurf-Qlib\qlib-frontend\node_modules\@antv\g2\esm\data\src\data\inline.ts'

Failed to parse source map from 'E:\Windsurf-Qlib\qlib-frontend\node_modules\@antv\g2\esm\data\src\data\join.ts' file: Error: ENOENT: no such file or directory, open 'E:\Windsurf-Qlib\qlib-frontend\node_modules\@antv\g2\esm\data\src\data\join.ts'

Failed to parse source map from 'E:\Windsurf-Qlib\qlib-frontend\node_modules\@antv\g2\esm\data\src\data\kde.ts' file: Error: ENOENT: no such file or directory, open 'E:\Windsurf-Qlib\qlib-frontend\node_modules\@antv\g2\esm\data\src\data\kde.ts'

Failed to parse source map from 'E:\Windsurf-Qlib\qlib-frontend\node_modules\@antv\g2\esm\data\src\data\log.ts' file: Error: ENOENT: no such file or directory, open 'E:\Windsurf-Qlib\qlib-frontend\node_modules\@antv\g2\esm\data\src\data\log.ts'

Failed to parse source map from 'E:\Windsurf-Qlib\qlib-frontend\node_modules\@antv\g2\esm\data\src\data\map.ts' file: Error: ENOENT: no such file or directory, open 'E:\Windsurf-Qlib\qlib-frontend\node_modules\@antv\g2\esm\data\src\data\map.ts'

Failed to parse source map from 'E:\Windsurf-Qlib\qlib-frontend\node_modules\@antv\g2\esm\data\src\data\pick.ts' file: Error: ENOENT: no such file or directory, open 'E:\Windsurf-Qlib\qlib-frontend\node_modules\@antv\g2\esm\data\src\data\pick.ts'

Failed to parse source map from 'E:\Windsurf-Qlib\qlib-frontend\node_modules\@antv\g2\esm\data\src\data\rename.ts' file: Error: ENOENT: no such file or directory, open 'E:\Windsurf-Qlib\qlib-frontend\node_modules\@antv\g2\esm\data\src\data\rename.ts'

Failed to parse source map from 'E:\Windsurf-Qlib\qlib-frontend\node_modules\@antv\g2\esm\data\src\data\sankey.ts' file: Error: ENOENT: no such file or directory, open 'E:\Windsurf-Qlib\qlib-frontend\node_modules\@antv\g2\esm\data\src\data\sankey.ts'

Failed to parse source map from 'E:\Windsurf-Qlib\qlib-frontend\node_modules\@antv\g2\esm\data\src\data\slice.ts' file: Error: ENOENT: no such file or directory, open 'E:\Windsurf-Qlib\qlib-frontend\node_modules\@antv\g2\esm\data\src\data\slice.ts'

Failed to parse source map from 'E:\Windsurf-Qlib\qlib-frontend\node_modules\@antv\g2\esm\data\src\data\sort.ts' file: Error: ENOENT: no such file or directory, open 'E:\Windsurf-Qlib\qlib-frontend\node_modules\@antv\g2\esm\data\src\data\sort.ts'

Failed to parse source map from 'E:\Windsurf-Qlib\qlib-frontend\node_modules\@antv\g2\esm\data\src\data\sortBy.ts' file: Error: ENOENT: no such file or directory, open 'E:\Windsurf-Qlib\qlib-frontend\node_modules\@antv\g2\esm\data\src\data\sortBy.ts'

Failed to parse source map from 'E:\Windsurf-Qlib\qlib-frontend\node_modules\@antv\g2\esm\data\src\data\tree.ts' file: Error: ENOENT: no such file or directory, open 'E:\Windsurf-Qlib\qlib-frontend\node_modules\@antv\g2\esm\data\src\data\tree.ts'

Failed to parse source map from 'E:\Windsurf-Qlib\qlib-frontend\node_modules\@antv\g2\esm\data\utils\arc\src\data\utils\arc\arc.ts' file: Error: ENOENT: no such file or directory, open 'E:\Windsurf-Qlib\qlib-frontend\node_modules\@antv\g2\esm\data\utils\arc\src\data\utils\arc\arc.ts'

Failed to parse source map from 'E:\Windsurf-Qlib\qlib-frontend\node_modules\@antv\g2\esm\data\utils\arc\src\data\utils\arc\index.ts' file: Error: ENOENT: no such file or directory, open 'E:\Windsurf-Qlib\qlib-frontend\node_modules\@antv\g2\esm\data\utils\arc\src\data\utils\arc\index.ts'

Failed to parse source map from 'E:\Windsurf-Qlib\qlib-frontend\node_modules\@antv\g2\esm\data\utils\arc\src\data\utils\arc\sort.ts' file: Error: ENOENT: no such file or directory, open 'E:\Windsurf-Qlib\qlib-frontend\node_modules\@antv\g2\esm\data\utils\arc\src\data\utils\arc\sort.ts'

Failed to parse source map from 'E:\Windsurf-Qlib\qlib-frontend\node_modules\@antv\g2\esm\data\utils\d3-cloud\src\data\utils\d3-cloud\index.ts' file: Error: ENOENT: no such file or directory, open 'E:\Windsurf-Qlib\qlib-frontend\node_modules\@antv\g2\esm\data\utils\d3-cloud\src\data\utils\d3-cloud\index.ts'

Failed to parse source map from 'E:\Windsurf-Qlib\qlib-frontend\node_modules\@antv\g2\esm\data\utils\d3-sankey\src\data\utils\d3-sankey\align.ts' file: Error: ENOENT: no such file or directory, open 'E:\Windsurf-Qlib\qlib-frontend\node_modules\@antv\g2\esm\data\utils\d3-sankey\src\data\utils\d3-sankey\align.ts'

Failed to parse source map from 'E:\Windsurf-Qlib\qlib-frontend\node_modules\@antv\g2\esm\data\utils\d3-sankey\src\data\utils\d3-sankey\constant.ts' file: Error: ENOENT: no such file or directory, open 'E:\Windsurf-Qlib\qlib-frontend\node_modules\@antv\g2\esm\data\utils\d3-sankey\src\data\utils\d3-sankey\constant.ts'

Failed to parse source map from 'E:\Windsurf-Qlib\qlib-frontend\node_modules\@antv\g2\esm\data\utils\d3-sankey\src\data\utils\d3-sankey\index.ts' file: Error: ENOENT: no such file or directory, open 'E:\Windsurf-Qlib\qlib-frontend\node_modules\@antv\g2\esm\data\utils\d3-sankey\src\data\utils\d3-sankey\index.ts'

Failed to parse source map from 'E:\Windsurf-Qlib\qlib-frontend\node_modules\@antv\g2\esm\data\utils\d3-sankey\src\data\utils\d3-sankey\sankey.ts' file: Error: ENOENT: no such file or directory, open 'E:\Windsurf-Qlib\qlib-frontend\node_modules\@antv\g2\esm\data\utils\d3-sankey\src\data\utils\d3-sankey\sankey.ts'

Failed to parse source map from 'E:\Windsurf-Qlib\qlib-frontend\node_modules\@antv\g2\esm\data\utils\src\data\utils\fields.ts' file: Error: ENOENT: no such file or directory, open 'E:\Windsurf-Qlib\qlib-frontend\node_modules\@antv\g2\esm\data\utils\src\data\utils\fields.ts'

Failed to parse source map from 'E:\Windsurf-Qlib\qlib-frontend\node_modules\@antv\g2\esm\data\utils\src\data\utils\flow.ts' file: Error: ENOENT: no such file or directory, open 'E:\Windsurf-Qlib\qlib-frontend\node_modules\@antv\g2\esm\data\utils\src\data\utils\flow.ts'

Failed to parse source map from 'E:\Windsurf-Qlib\qlib-frontend\node_modules\@antv\g2\esm\data\utils\venn\src\data\utils\venn\circleintersection.ts' file: Error: ENOENT: no such file or directory, open 'E:\Windsurf-Qlib\qlib-frontend\node_modules\@antv\g2\esm\data\utils\venn\src\data\utils\venn\circleintersection.ts'

Failed to parse source map from 'E:\Windsurf-Qlib\qlib-frontend\node_modules\@antv\g2\esm\data\utils\venn\src\data\utils\venn\diagram.ts' file: Error: ENOENT: no such file or directory, open 'E:\Windsurf-Qlib\qlib-frontend\node_modules\@antv\g2\esm\data\utils\venn\src\data\utils\venn\diagram.ts'

Failed to parse source map from 'E:\Windsurf-Qlib\qlib-frontend\node_modules\@antv\g2\esm\data\utils\venn\src\data\utils\venn\index.ts' file: Error: ENOENT: no such file or directory, open 'E:\Windsurf-Qlib\qlib-frontend\node_modules\@antv\g2\esm\data\utils\venn\src\data\utils\venn\index.ts'

Failed to parse source map from 'E:\Windsurf-Qlib\qlib-frontend\node_modules\@antv\g2\esm\data\utils\venn\src\data\utils\venn\layout.ts' file: Error: ENOENT: no such file or directory, open 'E:\Windsurf-Qlib\qlib-frontend\node_modules\@antv\g2\esm\data\utils\venn\src\data\utils\venn\layout.ts'

Failed to parse source map from 'E:\Windsurf-Qlib\qlib-frontend\node_modules\@antv\g2\esm\data\src\data\venn.ts' file: Error: ENOENT: no such file or directory, open 'E:\Windsurf-Qlib\qlib-frontend\node_modules\@antv\g2\esm\data\src\data\venn.ts'

Failed to parse source map from 'E:\Windsurf-Qlib\qlib-frontend\node_modules\@antv\g2\esm\data\src\data\wordCloud.ts' file: Error: ENOENT: no such file or directory, open 'E:\Windsurf-Qlib\qlib-frontend\node_modules\@antv\g2\esm\data\src\data\wordCloud.ts'

Failed to parse source map from 'E:\Windsurf-Qlib\qlib-frontend\node_modules\@antv\g2\esm\encode\src\encode\column.ts' file: Error: ENOENT: no such file or directory, open 'E:\Windsurf-Qlib\qlib-frontend\node_modules\@antv\g2\esm\encode\src\encode\column.ts'

Failed to parse source map from 'E:\Windsurf-Qlib\qlib-frontend\node_modules\@antv\g2\esm\encode\src\encode\constant.ts' file: Error: ENOENT: no such file or directory, open 'E:\Windsurf-Qlib\qlib-frontend\node_modules\@antv\g2\esm\encode\src\encode\constant.ts'

Failed to parse source map from 'E:\Windsurf-Qlib\qlib-frontend\node_modules\@antv\g2\esm\encode\src\encode\field.ts' file: Error: ENOENT: no such file or directory, open 'E:\Windsurf-Qlib\qlib-frontend\node_modules\@antv\g2\esm\encode\src\encode\field.ts'

Failed to parse source map from 'E:\Windsurf-Qlib\qlib-frontend\node_modules\@antv\g2\esm\encode\src\encode\index.ts' file: Error: ENOENT: no such file or directory, open 'E:\Windsurf-Qlib\qlib-frontend\node_modules\@antv\g2\esm\encode\src\encode\index.ts'

Failed to parse source map from 'E:\Windsurf-Qlib\qlib-frontend\node_modules\@antv\g2\esm\encode\src\encode\transform.ts' file: Error: ENOENT: no such file or directory, open 'E:\Windsurf-Qlib\qlib-frontend\node_modules\@antv\g2\esm\encode\src\encode\transform.ts'

Failed to parse source map from 'E:\Windsurf-Qlib\qlib-frontend\node_modules\@antv\g2\esm\src\exports.ts' file: Error: ENOENT: no such file or directory, open 'E:\Windsurf-Qlib\qlib-frontend\node_modules\@antv\g2\esm\src\exports.ts'

Failed to parse source map from 'E:\Windsurf-Qlib\qlib-frontend\node_modules\@antv\g2\esm\src\index.ts' file: Error: ENOENT: no such file or directory, open 'E:\Windsurf-Qlib\qlib-frontend\node_modules\@antv\g2\esm\src\index.ts'

Failed to parse source map from 'E:\Windsurf-Qlib\qlib-frontend\node_modules\@antv\g2\esm\interaction\src\interaction\brushAxisHighlight.ts' file: Error: ENOENT: no such file or directory, open 'E:\Windsurf-Qlib\qlib-frontend\node_modules\@antv\g2\esm\interaction\src\interaction\brushAxisHighlight.ts'

Failed to parse source map from 'E:\Windsurf-Qlib\qlib-frontend\node_modules\@antv\g2\esm\interaction\src\interaction\brushFilter.ts' file: Error: ENOENT: no such file or directory, open 'E:\Windsurf-Qlib\qlib-frontend\node_modules\@antv\g2\esm\interaction\src\interaction\brushFilter.ts'

Failed to parse source map from 'E:\Windsurf-Qlib\qlib-frontend\node_modules\@antv\g2\esm\interaction\src\interaction\brushHighlight.ts' file: Error: ENOENT: no such file or directory, open 'E:\Windsurf-Qlib\qlib-frontend\node_modules\@antv\g2\esm\interaction\src\interaction\brushHighlight.ts'

Failed to parse source map from 'E:\Windsurf-Qlib\qlib-frontend\node_modules\@antv\g2\esm\interaction\src\interaction\brushXFilter.ts' file: Error: ENOENT: no such file or directory, open 'E:\Windsurf-Qlib\qlib-frontend\node_modules\@antv\g2\esm\interaction\src\interaction\brushXFilter.ts'

Failed to parse source map from 'E:\Windsurf-Qlib\qlib-frontend\node_modules\@antv\g2\esm\interaction\src\interaction\brushXHighlight.ts' file: Error: ENOENT: no such file or directory, open 'E:\Windsurf-Qlib\qlib-frontend\node_modules\@antv\g2\esm\interaction\src\interaction\brushXHighlight.ts'

Failed to parse source map from 'E:\Windsurf-Qlib\qlib-frontend\node_modules\@antv\g2\esm\interaction\src\interaction\brushYFilter.ts' file: Error: ENOENT: no such file or directory, open 'E:\Windsurf-Qlib\qlib-frontend\node_modules\@antv\g2\esm\interaction\src\interaction\brushYFilter.ts'

Failed to parse source map from 'E:\Windsurf-Qlib\qlib-frontend\node_modules\@antv\g2\esm\interaction\src\interaction\brushYHighlight.ts' file: Error: ENOENT: no such file or directory, open 'E:\Windsurf-Qlib\qlib-frontend\node_modules\@antv\g2\esm\interaction\src\interaction\brushYHighlight.ts'

Failed to parse source map from 'E:\Windsurf-Qlib\qlib-frontend\node_modules\@antv\g2\esm\interaction\src\interaction\chartIndex.ts' file: Error: ENOENT: no such file or directory, open 'E:\Windsurf-Qlib\qlib-frontend\node_modules\@antv\g2\esm\interaction\src\interaction\chartIndex.ts'

Failed to parse source map from 'E:\Windsurf-Qlib\qlib-frontend\node_modules\@antv\g2\esm\interaction\src\interaction\elementHighlight.ts' file: Error: ENOENT: no such file or directory, open 'E:\Windsurf-Qlib\qlib-frontend\node_modules\@antv\g2\esm\interaction\src\interaction\elementHighlight.ts'

Failed to parse source map from 'E:\Windsurf-Qlib\qlib-frontend\node_modules\@antv\g2\esm\interaction\src\interaction\elementHighlightByColor.ts' file: Error: ENOENT: no such file or directory, open 'E:\Windsurf-Qlib\qlib-frontend\node_modules\@antv\g2\esm\interaction\src\interaction\elementHighlightByColor.ts'

Failed to parse source map from 'E:\Windsurf-Qlib\qlib-frontend\node_modules\@antv\g2\esm\interaction\src\interaction\elementHighlightByX.ts' file: Error: ENOENT: no such file or directory, open 'E:\Windsurf-Qlib\qlib-frontend\node_modules\@antv\g2\esm\interaction\src\interaction\elementHighlightByX.ts'

Failed to parse source map from 'E:\Windsurf-Qlib\qlib-frontend\node_modules\@antv\g2\esm\interaction\src\interaction\elementPointMove.ts' file: Error: ENOENT: no such file or directory, open 'E:\Windsurf-Qlib\qlib-frontend\node_modules\@antv\g2\esm\interaction\src\interaction\elementPointMove.ts'

Failed to parse source map from 'E:\Windsurf-Qlib\qlib-frontend\node_modules\@antv\g2\esm\interaction\src\interaction\elementSelect.ts' file: Error: ENOENT: no such file or directory, open 'E:\Windsurf-Qlib\qlib-frontend\node_modules\@antv\g2\esm\interaction\src\interaction\elementSelect.ts'

Failed to parse source map from 'E:\Windsurf-Qlib\qlib-frontend\node_modules\@antv\g2\esm\interaction\src\interaction\elementSelectByColor.ts' file: Error: ENOENT: no such file or directory, open 'E:\Windsurf-Qlib\qlib-frontend\node_modules\@antv\g2\esm\interaction\src\interaction\elementSelectByColor.ts'

Failed to parse source map from 'E:\Windsurf-Qlib\qlib-frontend\node_modules\@antv\g2\esm\interaction\src\interaction\elementSelectByX.ts' file: Error: ENOENT: no such file or directory, open 'E:\Windsurf-Qlib\qlib-frontend\node_modules\@antv\g2\esm\interaction\src\interaction\elementSelectByX.ts'

Failed to parse source map from 'E:\Windsurf-Qlib\qlib-frontend\node_modules\@antv\g2\esm\interaction\src\interaction\event.ts' file: Error: ENOENT: no such file or directory, open 'E:\Windsurf-Qlib\qlib-frontend\node_modules\@antv\g2\esm\interaction\src\interaction\event.ts'

Failed to parse source map from 'E:\Windsurf-Qlib\qlib-frontend\node_modules\@antv\g2\esm\interaction\src\interaction\fisheye.ts' file: Error: ENOENT: no such file or directory, open 'E:\Windsurf-Qlib\qlib-frontend\node_modules\@antv\g2\esm\interaction\src\interaction\fisheye.ts'

Failed to parse source map from 'E:\Windsurf-Qlib\qlib-frontend\node_modules\@antv\g2\esm\interaction\src\interaction\index.ts' file: Error: ENOENT: no such file or directory, open 'E:\Windsurf-Qlib\qlib-frontend\node_modules\@antv\g2\esm\interaction\src\interaction\index.ts'

Failed to parse source map from 'E:\Windsurf-Qlib\qlib-frontend\node_modules\@antv\g2\esm\interaction\src\interaction\legendFilter.ts' file: Error: ENOENT: no such file or directory, open 'E:\Windsurf-Qlib\qlib-frontend\node_modules\@antv\g2\esm\interaction\src\interaction\legendFilter.ts'

Failed to parse source map from 'E:\Windsurf-Qlib\qlib-frontend\node_modules\@antv\g2\esm\interaction\src\interaction\legendHighlight.ts' file: Error: ENOENT: no such file or directory, open 'E:\Windsurf-Qlib\qlib-frontend\node_modules\@antv\g2\esm\interaction\src\interaction\legendHighlight.ts'

Failed to parse source map from 'E:\Windsurf-Qlib\qlib-frontend\node_modules\@antv\g2\esm\interaction\src\interaction\poptip.ts' file: Error: ENOENT: no such file or directory, open 'E:\Windsurf-Qlib\qlib-frontend\node_modules\@antv\g2\esm\interaction\src\interaction\poptip.ts'

Failed to parse source map from 'E:\Windsurf-Qlib\qlib-frontend\node_modules\@antv\g2\esm\interaction\src\interaction\scrollbarFilter.ts' file: Error: ENOENT: no such file or directory, open 'E:\Windsurf-Qlib\qlib-frontend\node_modules\@antv\g2\esm\interaction\src\interaction\scrollbarFilter.ts'

Failed to parse source map from 'E:\Windsurf-Qlib\qlib-frontend\node_modules\@antv\g2\esm\interaction\src\interaction\sliderFilter.ts' file: Error: ENOENT: no such file or directory, open 'E:\Windsurf-Qlib\qlib-frontend\node_modules\@antv\g2\esm\interaction\src\interaction\sliderFilter.ts'

Failed to parse source map from 'E:\Windsurf-Qlib\qlib-frontend\node_modules\@antv\g2\esm\interaction\src\interaction\tooltip.ts' file: Error: ENOENT: no such file or directory, open 'E:\Windsurf-Qlib\qlib-frontend\node_modules\@antv\g2\esm\interaction\src\interaction\tooltip.ts'

Failed to parse source map from 'E:\Windsurf-Qlib\qlib-frontend\node_modules\@antv\g2\esm\interaction\src\interaction\treemapDrillDown.ts' file: Error: ENOENT: no such file or directory, open 'E:\Windsurf-Qlib\qlib-frontend\node_modules\@antv\g2\esm\interaction\src\interaction\treemapDrillDown.ts'

Failed to parse source map from 'E:\Windsurf-Qlib\qlib-frontend\node_modules\@antv\g2\esm\interaction\src\interaction\utils.ts' file: Error: ENOENT: no such file or directory, open 'E:\Windsurf-Qlib\qlib-frontend\node_modules\@antv\g2\esm\interaction\src\interaction\utils.ts'

Failed to parse source map from 'E:\Windsurf-Qlib\qlib-frontend\node_modules\@antv\g2\esm\label-transform\src\label-transform\contrastReverse.ts' file: Error: ENOENT: no such file or directory, open 'E:\Windsurf-Qlib\qlib-frontend\node_modules\@antv\g2\esm\label-transform\src\label-transform\contrastReverse.ts'

Failed to parse source map from 'E:\Windsurf-Qlib\qlib-frontend\node_modules\@antv\g2\esm\label-transform\src\label-transform\exceedAdjust.ts' file: Error: ENOENT: no such file or directory, open 'E:\Windsurf-Qlib\qlib-frontend\node_modules\@antv\g2\esm\label-transform\src\label-transform\exceedAdjust.ts'

Failed to parse source map from 'E:\Windsurf-Qlib\qlib-frontend\node_modules\@antv\g2\esm\label-transform\src\label-transform\index.ts' file: Error: ENOENT: no such file or directory, open 'E:\Windsurf-Qlib\qlib-frontend\node_modules\@antv\g2\esm\label-transform\src\label-transform\index.ts'

Failed to parse source map from 'E:\Windsurf-Qlib\qlib-frontend\node_modules\@antv\g2\esm\label-transform\src\label-transform\overflowHide.ts' file: Error: ENOENT: no such file or directory, open 'E:\Windsurf-Qlib\qlib-frontend\node_modules\@antv\g2\esm\label-transform\src\label-transform\overflowHide.ts'

Failed to parse source map from 'E:\Windsurf-Qlib\qlib-frontend\node_modules\@antv\g2\esm\label-transform\src\label-transform\overlapDodgeY.ts' file: Error: ENOENT: no such file or directory, open 'E:\Windsurf-Qlib\qlib-frontend\node_modules\@antv\g2\esm\label-transform\src\label-transform\overlapDodgeY.ts'

Failed to parse source map from 'E:\Windsurf-Qlib\qlib-frontend\node_modules\@antv\g2\esm\label-transform\src\label-transform\overlapHide.ts' file: Error: ENOENT: no such file or directory, open 'E:\Windsurf-Qlib\qlib-frontend\node_modules\@antv\g2\esm\label-transform\src\label-transform\overlapHide.ts'

Failed to parse source map from 'E:\Windsurf-Qlib\qlib-frontend\node_modules\@antv\g2\esm\lib\src\lib\builtinlib.ts' file: Error: ENOENT: no such file or directory, open 'E:\Windsurf-Qlib\qlib-frontend\node_modules\@antv\g2\esm\lib\src\lib\builtinlib.ts'

Failed to parse source map from 'E:\Windsurf-Qlib\qlib-frontend\node_modules\@antv\g2\esm\lib\src\lib\core.ts' file: Error: ENOENT: no such file or directory, open 'E:\Windsurf-Qlib\qlib-frontend\node_modules\@antv\g2\esm\lib\src\lib\core.ts'

Failed to parse source map from 'E:\Windsurf-Qlib\qlib-frontend\node_modules\@antv\g2\esm\lib\src\lib\geo.ts' file: Error: ENOENT: no such file or directory, open 'E:\Windsurf-Qlib\qlib-frontend\node_modules\@antv\g2\esm\lib\src\lib\geo.ts'

Failed to parse source map from 'E:\Windsurf-Qlib\qlib-frontend\node_modules\@antv\g2\esm\lib\src\lib\graph.ts' file: Error: ENOENT: no such file or directory, open 'E:\Windsurf-Qlib\qlib-frontend\node_modules\@antv\g2\esm\lib\src\lib\graph.ts'

Failed to parse source map from 'E:\Windsurf-Qlib\qlib-frontend\node_modules\@antv\g2\esm\lib\src\lib\index.ts' file: Error: ENOENT: no such file or directory, open 'E:\Windsurf-Qlib\qlib-frontend\node_modules\@antv\g2\esm\lib\src\lib\index.ts'

Failed to parse source map from 'E:\Windsurf-Qlib\qlib-frontend\node_modules\@antv\g2\esm\lib\src\lib\lite.ts' file: Error: ENOENT: no such file or directory, open 'E:\Windsurf-Qlib\qlib-frontend\node_modules\@antv\g2\esm\lib\src\lib\lite.ts'

Failed to parse source map from 'E:\Windsurf-Qlib\qlib-frontend\node_modules\@antv\g2\esm\lib\src\lib\plot.ts' file: Error: ENOENT: no such file or directory, open 'E:\Windsurf-Qlib\qlib-frontend\node_modules\@antv\g2\esm\lib\src\lib\plot.ts'

Failed to parse source map from 'E:\Windsurf-Qlib\qlib-frontend\node_modules\@antv\g2\esm\lib\src\lib\std.ts' file: Error: ENOENT: no such file or directory, open 'E:\Windsurf-Qlib\qlib-frontend\node_modules\@antv\g2\esm\lib\src\lib\std.ts'

Failed to parse source map from 'E:\Windsurf-Qlib\qlib-frontend\node_modules\@antv\g2\esm\mark\src\mark\area.ts' file: Error: ENOENT: no such file or directory, open 'E:\Windsurf-Qlib\qlib-frontend\node_modules\@antv\g2\esm\mark\src\mark\area.ts'

Failed to parse source map from 'E:\Windsurf-Qlib\qlib-frontend\node_modules\@antv\g2\esm\mark\src\mark\box.ts' file: Error: ENOENT: no such file or directory, open 'E:\Windsurf-Qlib\qlib-frontend\node_modules\@antv\g2\esm\mark\src\mark\box.ts'

Failed to parse source map from 'E:\Windsurf-Qlib\qlib-frontend\node_modules\@antv\g2\esm\mark\src\mark\boxplot.ts' file: Error: ENOENT: no such file or directory, open 'E:\Windsurf-Qlib\qlib-frontend\node_modules\@antv\g2\esm\mark\src\mark\boxplot.ts'

Failed to parse source map from 'E:\Windsurf-Qlib\qlib-frontend\node_modules\@antv\g2\esm\mark\src\mark\cell.ts' file: Error: ENOENT: no such file or directory, open 'E:\Windsurf-Qlib\qlib-frontend\node_modules\@antv\g2\esm\mark\src\mark\cell.ts'

Failed to parse source map from 'E:\Windsurf-Qlib\qlib-frontend\node_modules\@antv\g2\esm\mark\src\mark\chord.ts' file: Error: ENOENT: no such file or directory, open 'E:\Windsurf-Qlib\qlib-frontend\node_modules\@antv\g2\esm\mark\src\mark\chord.ts'

Failed to parse source map from 'E:\Windsurf-Qlib\qlib-frontend\node_modules\@antv\g2\esm\mark\src\mark\connector.ts' file: Error: ENOENT: no such file or directory, open 'E:\Windsurf-Qlib\qlib-frontend\node_modules\@antv\g2\esm\mark\src\mark\connector.ts'

Failed to parse source map from 'E:\Windsurf-Qlib\qlib-frontend\node_modules\@antv\g2\esm\mark\src\mark\density.ts' file: Error: ENOENT: no such file or directory, open 'E:\Windsurf-Qlib\qlib-frontend\node_modules\@antv\g2\esm\mark\src\mark\density.ts'

Failed to parse source map from 'E:\Windsurf-Qlib\qlib-frontend\node_modules\@antv\g2\esm\mark\src\mark\forceGraph.ts' file: Error: ENOENT: no such file or directory, open 'E:\Windsurf-Qlib\qlib-frontend\node_modules\@antv\g2\esm\mark\src\mark\forceGraph.ts'

Failed to parse source map from 'E:\Windsurf-Qlib\qlib-frontend\node_modules\@antv\g2\esm\mark\src\mark\gauge.ts' file: Error: ENOENT: no such file or directory, open 'E:\Windsurf-Qlib\qlib-frontend\node_modules\@antv\g2\esm\mark\src\mark\gauge.ts'

Failed to parse source map from 'E:\Windsurf-Qlib\qlib-frontend\node_modules\@antv\g2\esm\mark\src\mark\heatmap.ts' file: Error: ENOENT: no such file or directory, open 'E:\Windsurf-Qlib\qlib-frontend\node_modules\@antv\g2\esm\mark\src\mark\heatmap.ts'

Failed to parse source map from 'E:\Windsurf-Qlib\qlib-frontend\node_modules\@antv\g2\esm\mark\src\mark\image.ts' file: Error: ENOENT: no such file or directory, open 'E:\Windsurf-Qlib\qlib-frontend\node_modules\@antv\g2\esm\mark\src\mark\image.ts'

Failed to parse source map from 'E:\Windsurf-Qlib\qlib-frontend\node_modules\@antv\g2\esm\mark\src\mark\index.ts' file: Error: ENOENT: no such file or directory, open 'E:\Windsurf-Qlib\qlib-frontend\node_modules\@antv\g2\esm\mark\src\mark\index.ts'

Failed to parse source map from 'E:\Windsurf-Qlib\qlib-frontend\node_modules\@antv\g2\esm\mark\src\mark\interval.ts' file: Error: ENOENT: no such file or directory, open 'E:\Windsurf-Qlib\qlib-frontend\node_modules\@antv\g2\esm\mark\src\mark\interval.ts'

Failed to parse source map from 'E:\Windsurf-Qlib\qlib-frontend\node_modules\@antv\g2\esm\mark\src\mark\line.ts' file: Error: ENOENT: no such file or directory, open 'E:\Windsurf-Qlib\qlib-frontend\node_modules\@antv\g2\esm\mark\src\mark\line.ts'

Failed to parse source map from 'E:\Windsurf-Qlib\qlib-frontend\node_modules\@antv\g2\esm\mark\src\mark\lineX.ts' file: Error: ENOENT: no such file or directory, open 'E:\Windsurf-Qlib\qlib-frontend\node_modules\@antv\g2\esm\mark\src\mark\lineX.ts'

Failed to parse source map from 'E:\Windsurf-Qlib\qlib-frontend\node_modules\@antv\g2\esm\mark\src\mark\lineY.ts' file: Error: ENOENT: no such file or directory, open 'E:\Windsurf-Qlib\qlib-frontend\node_modules\@antv\g2\esm\mark\src\mark\lineY.ts'

Failed to parse source map from 'E:\Windsurf-Qlib\qlib-frontend\node_modules\@antv\g2\esm\mark\src\mark\link.ts' file: Error: ENOENT: no such file or directory, open 'E:\Windsurf-Qlib\qlib-frontend\node_modules\@antv\g2\esm\mark\src\mark\link.ts'

Failed to parse source map from 'E:\Windsurf-Qlib\qlib-frontend\node_modules\@antv\g2\esm\mark\src\mark\liquid.ts' file: Error: ENOENT: no such file or directory, open 'E:\Windsurf-Qlib\qlib-frontend\node_modules\@antv\g2\esm\mark\src\mark\liquid.ts'

Failed to parse source map from 'E:\Windsurf-Qlib\qlib-frontend\node_modules\@antv\g2\esm\mark\src\mark\pack.ts' file: Error: ENOENT: no such file or directory, open 'E:\Windsurf-Qlib\qlib-frontend\node_modules\@antv\g2\esm\mark\src\mark\pack.ts'

Failed to parse source map from 'E:\Windsurf-Qlib\qlib-frontend\node_modules\@antv\g2\esm\mark\src\mark\path.ts' file: Error: ENOENT: no such file or directory, open 'E:\Windsurf-Qlib\qlib-frontend\node_modules\@antv\g2\esm\mark\src\mark\path.ts'

Failed to parse source map from 'E:\Windsurf-Qlib\qlib-frontend\node_modules\@antv\g2\esm\mark\src\mark\point.ts' file: Error: ENOENT: no such file or directory, open 'E:\Windsurf-Qlib\qlib-frontend\node_modules\@antv\g2\esm\mark\src\mark\point.ts'

Failed to parse source map from 'E:\Windsurf-Qlib\qlib-frontend\node_modules\@antv\g2\esm\mark\src\mark\polygon.ts' file: Error: ENOENT: no such file or directory, open 'E:\Windsurf-Qlib\qlib-frontend\node_modules\@antv\g2\esm\mark\src\mark\polygon.ts'

Failed to parse source map from 'E:\Windsurf-Qlib\qlib-frontend\node_modules\@antv\g2\esm\mark\src\mark\range.ts' file: Error: ENOENT: no such file or directory, open 'E:\Windsurf-Qlib\qlib-frontend\node_modules\@antv\g2\esm\mark\src\mark\range.ts'

Failed to parse source map from 'E:\Windsurf-Qlib\qlib-frontend\node_modules\@antv\g2\esm\mark\src\mark\rangeX.ts' file: Error: ENOENT: no such file or directory, open 'E:\Windsurf-Qlib\qlib-frontend\node_modules\@antv\g2\esm\mark\src\mark\rangeX.ts'

Failed to parse source map from 'E:\Windsurf-Qlib\qlib-frontend\node_modules\@antv\g2\esm\mark\src\mark\rangeY.ts' file: Error: ENOENT: no such file or directory, open 'E:\Windsurf-Qlib\qlib-frontend\node_modules\@antv\g2\esm\mark\src\mark\rangeY.ts'

Failed to parse source map from 'E:\Windsurf-Qlib\qlib-frontend\node_modules\@antv\g2\esm\mark\src\mark\rect.ts' file: Error: ENOENT: no such file or directory, open 'E:\Windsurf-Qlib\qlib-frontend\node_modules\@antv\g2\esm\mark\src\mark\rect.ts'

Failed to parse source map from 'E:\Windsurf-Qlib\qlib-frontend\node_modules\@antv\g2\esm\mark\src\mark\sankey.ts' file: Error: ENOENT: no such file or directory, open 'E:\Windsurf-Qlib\qlib-frontend\node_modules\@antv\g2\esm\mark\src\mark\sankey.ts'

Failed to parse source map from 'E:\Windsurf-Qlib\qlib-frontend\node_modules\@antv\g2\esm\mark\src\mark\shape.ts' file: Error: ENOENT: no such file or directory, open 'E:\Windsurf-Qlib\qlib-frontend\node_modules\@antv\g2\esm\mark\src\mark\shape.ts'

Failed to parse source map from 'E:\Windsurf-Qlib\qlib-frontend\node_modules\@antv\g2\esm\mark\src\mark\text.ts' file: Error: ENOENT: no such file or directory, open 'E:\Windsurf-Qlib\qlib-frontend\node_modules\@antv\g2\esm\mark\src\mark\text.ts'

Failed to parse source map from 'E:\Windsurf-Qlib\qlib-frontend\node_modules\@antv\g2\esm\mark\src\mark\tree.ts' file: Error: ENOENT: no such file or directory, open 'E:\Windsurf-Qlib\qlib-frontend\node_modules\@antv\g2\esm\mark\src\mark\tree.ts'

Failed to parse source map from 'E:\Windsurf-Qlib\qlib-frontend\node_modules\@antv\g2\esm\mark\src\mark\treemap.ts' file: Error: ENOENT: no such file or directory, open 'E:\Windsurf-Qlib\qlib-frontend\node_modules\@antv\g2\esm\mark\src\mark\treemap.ts'

Failed to parse source map from 'E:\Windsurf-Qlib\qlib-frontend\node_modules\@antv\g2\esm\mark\src\mark\utils.ts' file: Error: ENOENT: no such file or directory, open 'E:\Windsurf-Qlib\qlib-frontend\node_modules\@antv\g2\esm\mark\src\mark\utils.ts'

Failed to parse source map from 'E:\Windsurf-Qlib\qlib-frontend\node_modules\@antv\g2\esm\mark\src\mark\vector.ts' file: Error: ENOENT: no such file or directory, open 'E:\Windsurf-Qlib\qlib-frontend\node_modules\@antv\g2\esm\mark\src\mark\vector.ts'

Failed to parse source map from 'E:\Windsurf-Qlib\qlib-frontend\node_modules\@antv\g2\esm\mark\src\mark\wordCloud.ts' file: Error: ENOENT: no such file or directory, open 'E:\Windsurf-Qlib\qlib-frontend\node_modules\@antv\g2\esm\mark\src\mark\wordCloud.ts'

Failed to parse source map from 'E:\Windsurf-Qlib\qlib-frontend\node_modules\@antv\g2\esm\palette\src\palette\category10.ts' file: Error: ENOENT: no such file or directory, open 'E:\Windsurf-Qlib\qlib-frontend\node_modules\@antv\g2\esm\palette\src\palette\category10.ts'

Failed to parse source map from 'E:\Windsurf-Qlib\qlib-frontend\node_modules\@antv\g2\esm\palette\src\palette\category20.ts' file: Error: ENOENT: no such file or directory, open 'E:\Windsurf-Qlib\qlib-frontend\node_modules\@antv\g2\esm\palette\src\palette\category20.ts'

Failed to parse source map from 'E:\Windsurf-Qlib\qlib-frontend\node_modules\@antv\g2\esm\palette\src\palette\index.ts' file: Error: ENOENT: no such file or directory, open 'E:\Windsurf-Qlib\qlib-frontend\node_modules\@antv\g2\esm\palette\src\palette\index.ts'

Failed to parse source map from 'E:\Windsurf-Qlib\qlib-frontend\node_modules\@antv\g2\esm\runtime\src\runtime\component.ts' file: Error: ENOENT: no such file or directory, open 'E:\Windsurf-Qlib\qlib-frontend\node_modules\@antv\g2\esm\runtime\src\runtime\component.ts'

Failed to parse source map from 'E:\Windsurf-Qlib\qlib-frontend\node_modules\@antv\g2\esm\runtime\src\runtime\constant.ts' file: Error: ENOENT: no such file or directory, open 'E:\Windsurf-Qlib\qlib-frontend\node_modules\@antv\g2\esm\runtime\src\runtime\constant.ts'

Failed to parse source map from 'E:\Windsurf-Qlib\qlib-frontend\node_modules\@antv\g2\esm\runtime\src\runtime\coordinate.ts' file: Error: ENOENT: no such file or directory, open 'E:\Windsurf-Qlib\qlib-frontend\node_modules\@antv\g2\esm\runtime\src\runtime\coordinate.ts'

Failed to parse source map from 'E:\Windsurf-Qlib\qlib-frontend\node_modules\@antv\g2\esm\runtime\src\runtime\index.ts' file: Error: ENOENT: no such file or directory, open 'E:\Windsurf-Qlib\qlib-frontend\node_modules\@antv\g2\esm\runtime\src\runtime\index.ts'

Failed to parse source map from 'E:\Windsurf-Qlib\qlib-frontend\node_modules\@antv\g2\esm\runtime\src\runtime\layout.ts' file: Error: ENOENT: no such file or directory, open 'E:\Windsurf-Qlib\qlib-frontend\node_modules\@antv\g2\esm\runtime\src\runtime\layout.ts'

Failed to parse source map from 'E:\Windsurf-Qlib\qlib-frontend\node_modules\@antv\g2\esm\runtime\src\runtime\library.ts' file: Error: ENOENT: no such file or directory, open 'E:\Windsurf-Qlib\qlib-frontend\node_modules\@antv\g2\esm\runtime\src\runtime\library.ts'

Failed to parse source map from 'E:\Windsurf-Qlib\qlib-frontend\node_modules\@antv\g2\esm\runtime\src\runtime\mark.ts' file: Error: ENOENT: no such file or directory, open 'E:\Windsurf-Qlib\qlib-frontend\node_modules\@antv\g2\esm\runtime\src\runtime\mark.ts'

Failed to parse source map from 'E:\Windsurf-Qlib\qlib-frontend\node_modules\@antv\g2\esm\runtime\option-preprocess\src\runtime\option-preprocess\index.ts' file: Error: ENOENT: no such file or directory, open 'E:\Windsurf-Qlib\qlib-frontend\node_modules\@antv\g2\esm\runtime\option-preprocess\src\runtime\option-preprocess\index.ts'

Failed to parse source map from 'E:\Windsurf-Qlib\qlib-frontend\node_modules\@antv\g2\esm\runtime\option-preprocess\src\runtime\option-preprocess\style.ts' file: Error: ENOENT: no such file or directory, open 'E:\Windsurf-Qlib\qlib-frontend\node_modules\@antv\g2\esm\runtime\option-preprocess\src\runtime\option-preprocess\style.ts'

Failed to parse source map from 'E:\Windsurf-Qlib\qlib-frontend\node_modules\@antv\g2\esm\runtime\src\runtime\plot.ts' file: Error: ENOENT: no such file or directory, open 'E:\Windsurf-Qlib\qlib-frontend\node_modules\@antv\g2\esm\runtime\src\runtime\plot.ts'

Failed to parse source map from 'E:\Windsurf-Qlib\qlib-frontend\node_modules\@antv\g2\esm\runtime\src\runtime\render.ts' file: Error: ENOENT: no such file or directory, open 'E:\Windsurf-Qlib\qlib-frontend\node_modules\@antv\g2\esm\runtime\src\runtime\render.ts'

Failed to parse source map from 'E:\Windsurf-Qlib\qlib-frontend\node_modules\@antv\g2\esm\runtime\src\runtime\scale.ts' file: Error: ENOENT: no such file or directory, open 'E:\Windsurf-Qlib\qlib-frontend\node_modules\@antv\g2\esm\runtime\src\runtime\scale.ts'

Failed to parse source map from 'E:\Windsurf-Qlib\qlib-frontend\node_modules\@antv\g2\esm\runtime\src\runtime\transform.ts' file: Error: ENOENT: no such file or directory, open 'E:\Windsurf-Qlib\qlib-frontend\node_modules\@antv\g2\esm\runtime\src\runtime\transform.ts'

Failed to parse source map from 'E:\Windsurf-Qlib\qlib-frontend\node_modules\@antv\g2\esm\runtime\types\src\runtime\types\common.ts' file: Error: ENOENT: no such file or directory, open 'E:\Windsurf-Qlib\qlib-frontend\node_modules\@antv\g2\esm\runtime\types\src\runtime\types\common.ts'

Failed to parse source map from 'E:\Windsurf-Qlib\qlib-frontend\node_modules\@antv\g2\esm\runtime\types\src\runtime\types\component.ts' file: Error: ENOENT: no such file or directory, open 'E:\Windsurf-Qlib\qlib-frontend\node_modules\@antv\g2\esm\runtime\types\src\runtime\types\component.ts'

Failed to parse source map from 'E:\Windsurf-Qlib\qlib-frontend\node_modules\@antv\g2\esm\runtime\types\src\runtime\types\data.ts' file: Error: ENOENT: no such file or directory, open 'E:\Windsurf-Qlib\qlib-frontend\node_modules\@antv\g2\esm\runtime\types\src\runtime\types\data.ts'

Failed to parse source map from 'E:\Windsurf-Qlib\qlib-frontend\node_modules\@antv\g2\esm\runtime\types\src\runtime\types\encode.ts' file: Error: ENOENT: no such file or directory, open 'E:\Windsurf-Qlib\qlib-frontend\node_modules\@antv\g2\esm\runtime\types\src\runtime\types\encode.ts'

Failed to parse source map from 'E:\Windsurf-Qlib\qlib-frontend\node_modules\@antv\g2\esm\runtime\types\src\runtime\types\mark.ts' file: Error: ENOENT: no such file or directory, open 'E:\Windsurf-Qlib\qlib-frontend\node_modules\@antv\g2\esm\runtime\types\src\runtime\types\mark.ts'

Failed to parse source map from 'E:\Windsurf-Qlib\qlib-frontend\node_modules\@antv\g2\esm\runtime\types\src\runtime\types\options.ts' file: Error: ENOENT: no such file or directory, open 'E:\Windsurf-Qlib\qlib-frontend\node_modules\@antv\g2\esm\runtime\types\src\runtime\types\options.ts'

Failed to parse source map from 'E:\Windsurf-Qlib\qlib-frontend\node_modules\@antv\g2\esm\runtime\types\src\runtime\types\scale.ts' file: Error: ENOENT: no such file or directory, open 'E:\Windsurf-Qlib\qlib-frontend\node_modules\@antv\g2\esm\runtime\types\src\runtime\types\scale.ts'

Failed to parse source map from 'E:\Windsurf-Qlib\qlib-frontend\node_modules\@antv\g2\esm\runtime\types\src\runtime\types\transform.ts' file: Error: ENOENT: no such file or directory, open 'E:\Windsurf-Qlib\qlib-frontend\node_modules\@antv\g2\esm\runtime\types\src\runtime\types\transform.ts'

Failed to parse source map from 'E:\Windsurf-Qlib\qlib-frontend\node_modules\@antv\g2\esm\scale\src\scale\band.ts' file: Error: ENOENT: no such file or directory, open 'E:\Windsurf-Qlib\qlib-frontend\node_modules\@antv\g2\esm\scale\src\scale\band.ts'

Failed to parse source map from 'E:\Windsurf-Qlib\qlib-frontend\node_modules\@antv\g2\esm\scale\src\scale\constant.ts' file: Error: ENOENT: no such file or directory, open 'E:\Windsurf-Qlib\qlib-frontend\node_modules\@antv\g2\esm\scale\src\scale\constant.ts'

Failed to parse source map from 'E:\Windsurf-Qlib\qlib-frontend\node_modules\@antv\g2\esm\scale\src\scale\identity.ts' file: Error: ENOENT: no such file or directory, open 'E:\Windsurf-Qlib\qlib-frontend\node_modules\@antv\g2\esm\scale\src\scale\identity.ts'

Failed to parse source map from 'E:\Windsurf-Qlib\qlib-frontend\node_modules\@antv\g2\esm\scale\src\scale\index.ts' file: Error: ENOENT: no such file or directory, open 'E:\Windsurf-Qlib\qlib-frontend\node_modules\@antv\g2\esm\scale\src\scale\index.ts'

Failed to parse source map from 'E:\Windsurf-Qlib\qlib-frontend\node_modules\@antv\g2\esm\scale\src\scale\linear.ts' file: Error: ENOENT: no such file or directory, open 'E:\Windsurf-Qlib\qlib-frontend\node_modules\@antv\g2\esm\scale\src\scale\linear.ts'

Failed to parse source map from 'E:\Windsurf-Qlib\qlib-frontend\node_modules\@antv\g2\esm\scale\src\scale\log.ts' file: Error: ENOENT: no such file or directory, open 'E:\Windsurf-Qlib\qlib-frontend\node_modules\@antv\g2\esm\scale\src\scale\log.ts'

Failed to parse source map from 'E:\Windsurf-Qlib\qlib-frontend\node_modules\@antv\g2\esm\scale\src\scale\ordinal.ts' file: Error: ENOENT: no such file or directory, open 'E:\Windsurf-Qlib\qlib-frontend\node_modules\@antv\g2\esm\scale\src\scale\ordinal.ts'

Failed to parse source map from 'E:\Windsurf-Qlib\qlib-frontend\node_modules\@antv\g2\esm\scale\src\scale\point.ts' file: Error: ENOENT: no such file or directory, open 'E:\Windsurf-Qlib\qlib-frontend\node_modules\@antv\g2\esm\scale\src\scale\point.ts'

Failed to parse source map from 'E:\Windsurf-Qlib\qlib-frontend\node_modules\@antv\g2\esm\scale\src\scale\pow.ts' file: Error: ENOENT: no such file or directory, open 'E:\Windsurf-Qlib\qlib-frontend\node_modules\@antv\g2\esm\scale\src\scale\pow.ts'

Failed to parse source map from 'E:\Windsurf-Qlib\qlib-frontend\node_modules\@antv\g2\esm\scale\src\scale\quantile.ts' file: Error: ENOENT: no such file or directory, open 'E:\Windsurf-Qlib\qlib-frontend\node_modules\@antv\g2\esm\scale\src\scale\quantile.ts'

Failed to parse source map from 'E:\Windsurf-Qlib\qlib-frontend\node_modules\@antv\g2\esm\scale\src\scale\quantize.ts' file: Error: ENOENT: no such file or directory, open 'E:\Windsurf-Qlib\qlib-frontend\node_modules\@antv\g2\esm\scale\src\scale\quantize.ts'

Failed to parse source map from 'E:\Windsurf-Qlib\qlib-frontend\node_modules\@antv\g2\esm\scale\src\scale\sequential.ts' file: Error: ENOENT: no such file or directory, open 'E:\Windsurf-Qlib\qlib-frontend\node_modules\@antv\g2\esm\scale\src\scale\sequential.ts'

Failed to parse source map from 'E:\Windsurf-Qlib\qlib-frontend\node_modules\@antv\g2\esm\scale\src\scale\sqrt.ts' file: Error: ENOENT: no such file or directory, open 'E:\Windsurf-Qlib\qlib-frontend\node_modules\@antv\g2\esm\scale\src\scale\sqrt.ts'

Failed to parse source map from 'E:\Windsurf-Qlib\qlib-frontend\node_modules\@antv\g2\esm\scale\src\scale\threshold.ts' file: Error: ENOENT: no such file or directory, open 'E:\Windsurf-Qlib\qlib-frontend\node_modules\@antv\g2\esm\scale\src\scale\threshold.ts'

Failed to parse source map from 'E:\Windsurf-Qlib\qlib-frontend\node_modules\@antv\g2\esm\scale\src\scale\time.ts' file: Error: ENOENT: no such file or directory, open 'E:\Windsurf-Qlib\qlib-frontend\node_modules\@antv\g2\esm\scale\src\scale\time.ts'

Failed to parse source map from 'E:\Windsurf-Qlib\qlib-frontend\node_modules\@antv\g2\esm\shape\area\src\shape\area\area.ts' file: Error: ENOENT: no such file or directory, open 'E:\Windsurf-Qlib\qlib-frontend\node_modules\@antv\g2\esm\shape\area\src\shape\area\area.ts'

Failed to parse source map from 'E:\Windsurf-Qlib\qlib-frontend\node_modules\@antv\g2\esm\shape\area\src\shape\area\curve.ts' file: Error: ENOENT: no such file or directory, open 'E:\Windsurf-Qlib\qlib-frontend\node_modules\@antv\g2\esm\shape\area\src\shape\area\curve.ts'

Failed to parse source map from 'E:\Windsurf-Qlib\qlib-frontend\node_modules\@antv\g2\esm\shape\area\src\shape\area\hv.ts' file: Error: ENOENT: no such file or directory, open 'E:\Windsurf-Qlib\qlib-frontend\node_modules\@antv\g2\esm\shape\area\src\shape\area\hv.ts'

Failed to parse source map from 'E:\Windsurf-Qlib\qlib-frontend\node_modules\@antv\g2\esm\shape\area\src\shape\area\hvh.ts' file: Error: ENOENT: no such file or directory, open 'E:\Windsurf-Qlib\qlib-frontend\node_modules\@antv\g2\esm\shape\area\src\shape\area\hvh.ts'

Failed to parse source map from 'E:\Windsurf-Qlib\qlib-frontend\node_modules\@antv\g2\esm\shape\area\src\shape\area\smooth.ts' file: Error: ENOENT: no such file or directory, open 'E:\Windsurf-Qlib\qlib-frontend\node_modules\@antv\g2\esm\shape\area\src\shape\area\smooth.ts'

Failed to parse source map from 'E:\Windsurf-Qlib\qlib-frontend\node_modules\@antv\g2\esm\shape\area\src\shape\area\vh.ts' file: Error: ENOENT: no such file or directory, open 'E:\Windsurf-Qlib\qlib-frontend\node_modules\@antv\g2\esm\shape\area\src\shape\area\vh.ts'

Failed to parse source map from 'E:\Windsurf-Qlib\qlib-frontend\node_modules\@antv\g2\esm\shape\box\src\shape\box\box.ts' file: Error: ENOENT: no such file or directory, open 'E:\Windsurf-Qlib\qlib-frontend\node_modules\@antv\g2\esm\shape\box\src\shape\box\box.ts'

Failed to parse source map from 'E:\Windsurf-Qlib\qlib-frontend\node_modules\@antv\g2\esm\shape\box\src\shape\box\violin.ts' file: Error: ENOENT: no such file or directory, open 'E:\Windsurf-Qlib\qlib-frontend\node_modules\@antv\g2\esm\shape\box\src\shape\box\violin.ts'

Failed to parse source map from 'E:\Windsurf-Qlib\qlib-frontend\node_modules\@antv\g2\esm\shape\connector\src\shape\connector\connector.ts' file: Error: ENOENT: no such file or directory, open 'E:\Windsurf-Qlib\qlib-frontend\node_modules\@antv\g2\esm\shape\connector\src\shape\connector\connector.ts'

Failed to parse source map from 'E:\Windsurf-Qlib\qlib-frontend\node_modules\@antv\g2\esm\shape\density\src\shape\density\density.ts' file: Error: ENOENT: no such file or directory, open 'E:\Windsurf-Qlib\qlib-frontend\node_modules\@antv\g2\esm\shape\density\src\shape\density\density.ts'

Failed to parse source map from 'E:\Windsurf-Qlib\qlib-frontend\node_modules\@antv\g2\esm\shape\gauge\src\shape\gauge\round.ts' file: Error: ENOENT: no such file or directory, open 'E:\Windsurf-Qlib\qlib-frontend\node_modules\@antv\g2\esm\shape\gauge\src\shape\gauge\round.ts'

Failed to parse source map from 'E:\Windsurf-Qlib\qlib-frontend\node_modules\@antv\g2\esm\shape\heatmap\src\shape\heatmap\heatmap.ts' file: Error: ENOENT: no such file or directory, open 'E:\Windsurf-Qlib\qlib-frontend\node_modules\@antv\g2\esm\shape\heatmap\src\shape\heatmap\heatmap.ts'

Failed to parse source map from 'E:\Windsurf-Qlib\qlib-frontend\node_modules\@antv\g2\esm\shape\heatmap\renderer\src\shape\heatmap\renderer\gradient.ts' file: Error: ENOENT: no such file or directory, open 'E:\Windsurf-Qlib\qlib-frontend\node_modules\@antv\g2\esm\shape\heatmap\renderer\src\shape\heatmap\renderer\gradient.ts'

Failed to parse source map from 'E:\Windsurf-Qlib\qlib-frontend\node_modules\@antv\g2\esm\shape\heatmap\renderer\src\shape\heatmap\renderer\index.ts' file: Error: ENOENT: no such file or directory, open 'E:\Windsurf-Qlib\qlib-frontend\node_modules\@antv\g2\esm\shape\heatmap\renderer\src\shape\heatmap\renderer\index.ts'

Failed to parse source map from 'E:\Windsurf-Qlib\qlib-frontend\node_modules\@antv\g2\esm\shape\image\src\shape\image\image.ts' file: Error: ENOENT: no such file or directory, open 'E:\Windsurf-Qlib\qlib-frontend\node_modules\@antv\g2\esm\shape\image\src\shape\image\image.ts'

Failed to parse source map from 'E:\Windsurf-Qlib\qlib-frontend\node_modules\@antv\g2\esm\shape\src\shape\index.ts' file: Error: ENOENT: no such file or directory, open 'E:\Windsurf-Qlib\qlib-frontend\node_modules\@antv\g2\esm\shape\src\shape\index.ts'

Failed to parse source map from 'E:\Windsurf-Qlib\qlib-frontend\node_modules\@antv\g2\esm\shape\interval\src\shape\interval\color.ts' file: Error: ENOENT: no such file or directory, open 'E:\Windsurf-Qlib\qlib-frontend\node_modules\@antv\g2\esm\shape\interval\src\shape\interval\color.ts'

Failed to parse source map from 'E:\Windsurf-Qlib\qlib-frontend\node_modules\@antv\g2\esm\shape\interval\src\shape\interval\funnel.ts' file: Error: ENOENT: no such file or directory, open 'E:\Windsurf-Qlib\qlib-frontend\node_modules\@antv\g2\esm\shape\interval\src\shape\interval\funnel.ts'

Failed to parse source map from 'E:\Windsurf-Qlib\qlib-frontend\node_modules\@antv\g2\esm\shape\interval\src\shape\interval\hollow.ts' file: Error: ENOENT: no such file or directory, open 'E:\Windsurf-Qlib\qlib-frontend\node_modules\@antv\g2\esm\shape\interval\src\shape\interval\hollow.ts'

Failed to parse source map from 'E:\Windsurf-Qlib\qlib-frontend\node_modules\@antv\g2\esm\shape\interval\src\shape\interval\pyramid.ts' file: Error: ENOENT: no such file or directory, open 'E:\Windsurf-Qlib\qlib-frontend\node_modules\@antv\g2\esm\shape\interval\src\shape\interval\pyramid.ts'

Failed to parse source map from 'E:\Windsurf-Qlib\qlib-frontend\node_modules\@antv\g2\esm\shape\interval\src\shape\interval\rect.ts' file: Error: ENOENT: no such file or directory, open 'E:\Windsurf-Qlib\qlib-frontend\node_modules\@antv\g2\esm\shape\interval\src\shape\interval\rect.ts'

Failed to parse source map from 'E:\Windsurf-Qlib\qlib-frontend\node_modules\@antv\g2\esm\shape\label\src\shape\label\label.ts' file: Error: ENOENT: no such file or directory, open 'E:\Windsurf-Qlib\qlib-frontend\node_modules\@antv\g2\esm\shape\label\src\shape\label\label.ts'

Failed to parse source map from 'E:\Windsurf-Qlib\qlib-frontend\node_modules\@antv\g2\esm\shape\label\position\src\shape\label\position\area.ts' file: Error: ENOENT: no such file or directory, open 'E:\Windsurf-Qlib\qlib-frontend\node_modules\@antv\g2\esm\shape\label\position\src\shape\label\position\area.ts'

Failed to parse source map from 'E:\Windsurf-Qlib\qlib-frontend\node_modules\@antv\g2\esm\shape\label\position\src\shape\label\position\bottom.ts' file: Error: ENOENT: no such file or directory, open 'E:\Windsurf-Qlib\qlib-frontend\node_modules\@antv\g2\esm\shape\label\position\src\shape\label\position\bottom.ts'

Failed to parse source map from 'E:\Windsurf-Qlib\qlib-frontend\node_modules\@antv\g2\esm\shape\label\position\src\shape\label\position\bottomLeft.ts' file: Error: ENOENT: no such file or directory, open 'E:\Windsurf-Qlib\qlib-frontend\node_modules\@antv\g2\esm\shape\label\position\src\shape\label\position\bottomLeft.ts'

Failed to parse source map from 'E:\Windsurf-Qlib\qlib-frontend\node_modules\@antv\g2\esm\shape\label\position\src\shape\label\position\bottomRight.ts' file: Error: ENOENT: no such file or directory, open 'E:\Windsurf-Qlib\qlib-frontend\node_modules\@antv\g2\esm\shape\label\position\src\shape\label\position\bottomRight.ts'

Failed to parse source map from 'E:\Windsurf-Qlib\qlib-frontend\node_modules\@antv\g2\esm\shape\label\position\src\shape\label\position\default.ts' file: Error: ENOENT: no such file or directory, open 'E:\Windsurf-Qlib\qlib-frontend\node_modules\@antv\g2\esm\shape\label\position\src\shape\label\position\default.ts'

Failed to parse source map from 'E:\Windsurf-Qlib\qlib-frontend\node_modules\@antv\g2\esm\shape\label\position\src\shape\label\position\index.ts' file: Error: ENOENT: no such file or directory, open 'E:\Windsurf-Qlib\qlib-frontend\node_modules\@antv\g2\esm\shape\label\position\src\shape\label\position\index.ts'

Failed to parse source map from 'E:\Windsurf-Qlib\qlib-frontend\node_modules\@antv\g2\esm\shape\label\position\src\shape\label\position\inside.ts' file: Error: ENOENT: no such file or directory, open 'E:\Windsurf-Qlib\qlib-frontend\node_modules\@antv\g2\esm\shape\label\position\src\shape\label\position\inside.ts'

Failed to parse source map from 'E:\Windsurf-Qlib\qlib-frontend\node_modules\@antv\g2\esm\shape\label\position\src\shape\label\position\left.ts' file: Error: ENOENT: no such file or directory, open 'E:\Windsurf-Qlib\qlib-frontend\node_modules\@antv\g2\esm\shape\label\position\src\shape\label\position\left.ts'

Failed to parse source map from 'E:\Windsurf-Qlib\qlib-frontend\node_modules\@antv\g2\esm\shape\label\position\src\shape\label\position\outside.ts' file: Error: ENOENT: no such file or directory, open 'E:\Windsurf-Qlib\qlib-frontend\node_modules\@antv\g2\esm\shape\label\position\src\shape\label\position\outside.ts'

Failed to parse source map from 'E:\Windsurf-Qlib\qlib-frontend\node_modules\@antv\g2\esm\shape\label\position\src\shape\label\position\right.ts' file: Error: ENOENT: no such file or directory, open 'E:\Windsurf-Qlib\qlib-frontend\node_modules\@antv\g2\esm\shape\label\position\src\shape\label\position\right.ts'

Failed to parse source map from 'E:\Windsurf-Qlib\qlib-frontend\node_modules\@antv\g2\esm\shape\label\position\src\shape\label\position\spider.ts' file: Error: ENOENT: no such file or directory, open 'E:\Windsurf-Qlib\qlib-frontend\node_modules\@antv\g2\esm\shape\label\position\src\shape\label\position\spider.ts'

Failed to parse source map from 'E:\Windsurf-Qlib\qlib-frontend\node_modules\@antv\g2\esm\shape\label\position\src\shape\label\position\surround.ts' file: Error: ENOENT: no such file or directory, open 'E:\Windsurf-Qlib\qlib-frontend\node_modules\@antv\g2\esm\shape\label\position\src\shape\label\position\surround.ts'

Failed to parse source map from 'E:\Windsurf-Qlib\qlib-frontend\node_modules\@antv\g2\esm\shape\label\position\src\shape\label\position\top.ts' file: Error: ENOENT: no such file or directory, open 'E:\Windsurf-Qlib\qlib-frontend\node_modules\@antv\g2\esm\shape\label\position\src\shape\label\position\top.ts'

Failed to parse source map from 'E:\Windsurf-Qlib\qlib-frontend\node_modules\@antv\g2\esm\shape\label\position\src\shape\label\position\topLeft.ts' file: Error: ENOENT: no such file or directory, open 'E:\Windsurf-Qlib\qlib-frontend\node_modules\@antv\g2\esm\shape\label\position\src\shape\label\position\topLeft.ts'

Failed to parse source map from 'E:\Windsurf-Qlib\qlib-frontend\node_modules\@antv\g2\esm\shape\label\position\src\shape\label\position\topRight.ts' file: Error: ENOENT: no such file or directory, open 'E:\Windsurf-Qlib\qlib-frontend\node_modules\@antv\g2\esm\shape\label\position\src\shape\label\position\topRight.ts'

Failed to parse source map from 'E:\Windsurf-Qlib\qlib-frontend\node_modules\@antv\g2\esm\shape\label\position\src\shape\label\position\utils.ts' file: Error: ENOENT: no such file or directory, open 'E:\Windsurf-Qlib\qlib-frontend\node_modules\@antv\g2\esm\shape\label\position\src\shape\label\position\utils.ts'

Failed to parse source map from 'E:\Windsurf-Qlib\qlib-frontend\node_modules\@antv\g2\esm\shape\lineXY\src\shape\lineXY\line.ts' file: Error: ENOENT: no such file or directory, open 'E:\Windsurf-Qlib\qlib-frontend\node_modules\@antv\g2\esm\shape\lineXY\src\shape\lineXY\line.ts'

Failed to parse source map from 'E:\Windsurf-Qlib\qlib-frontend\node_modules\@antv\g2\esm\shape\line\src\shape\line\curve.ts' file: Error: ENOENT: no such file or directory, open 'E:\Windsurf-Qlib\qlib-frontend\node_modules\@antv\g2\esm\shape\line\src\shape\line\curve.ts'

Failed to parse source map from 'E:\Windsurf-Qlib\qlib-frontend\node_modules\@antv\g2\esm\shape\line\src\shape\line\hv.ts' file: Error: ENOENT: no such file or directory, open 'E:\Windsurf-Qlib\qlib-frontend\node_modules\@antv\g2\esm\shape\line\src\shape\line\hv.ts'

Failed to parse source map from 'E:\Windsurf-Qlib\qlib-frontend\node_modules\@antv\g2\esm\shape\line\src\shape\line\hvh.ts' file: Error: ENOENT: no such file or directory, open 'E:\Windsurf-Qlib\qlib-frontend\node_modules\@antv\g2\esm\shape\line\src\shape\line\hvh.ts'

Failed to parse source map from 'E:\Windsurf-Qlib\qlib-frontend\node_modules\@antv\g2\esm\shape\line\src\shape\line\line.ts' file: Error: ENOENT: no such file or directory, open 'E:\Windsurf-Qlib\qlib-frontend\node_modules\@antv\g2\esm\shape\line\src\shape\line\line.ts'

Failed to parse source map from 'E:\Windsurf-Qlib\qlib-frontend\node_modules\@antv\g2\esm\shape\line\src\shape\line\smooth.ts' file: Error: ENOENT: no such file or directory, open 'E:\Windsurf-Qlib\qlib-frontend\node_modules\@antv\g2\esm\shape\line\src\shape\line\smooth.ts'

Failed to parse source map from 'E:\Windsurf-Qlib\qlib-frontend\node_modules\@antv\g2\esm\shape\line\src\shape\line\trail.ts' file: Error: ENOENT: no such file or directory, open 'E:\Windsurf-Qlib\qlib-frontend\node_modules\@antv\g2\esm\shape\line\src\shape\line\trail.ts'

Failed to parse source map from 'E:\Windsurf-Qlib\qlib-frontend\node_modules\@antv\g2\esm\shape\line\src\shape\line\vh.ts' file: Error: ENOENT: no such file or directory, open 'E:\Windsurf-Qlib\qlib-frontend\node_modules\@antv\g2\esm\shape\line\src\shape\line\vh.ts'

Failed to parse source map from 'E:\Windsurf-Qlib\qlib-frontend\node_modules\@antv\g2\esm\shape\link\src\shape\link\arc.ts' file: Error: ENOENT: no such file or directory, open 'E:\Windsurf-Qlib\qlib-frontend\node_modules\@antv\g2\esm\shape\link\src\shape\link\arc.ts'

Failed to parse source map from 'E:\Windsurf-Qlib\qlib-frontend\node_modules\@antv\g2\esm\shape\link\src\shape\link\link.ts' file: Error: ENOENT: no such file or directory, open 'E:\Windsurf-Qlib\qlib-frontend\node_modules\@antv\g2\esm\shape\link\src\shape\link\link.ts'

Failed to parse source map from 'E:\Windsurf-Qlib\qlib-frontend\node_modules\@antv\g2\esm\shape\link\src\shape\link\smooth.ts' file: Error: ENOENT: no such file or directory, open 'E:\Windsurf-Qlib\qlib-frontend\node_modules\@antv\g2\esm\shape\link\src\shape\link\smooth.ts'

Failed to parse source map from 'E:\Windsurf-Qlib\qlib-frontend\node_modules\@antv\g2\esm\shape\link\src\shape\link\vhv.ts' file: Error: ENOENT: no such file or directory, open 'E:\Windsurf-Qlib\qlib-frontend\node_modules\@antv\g2\esm\shape\link\src\shape\link\vhv.ts'

Failed to parse source map from 'E:\Windsurf-Qlib\qlib-frontend\node_modules\@antv\g2\esm\shape\liquid\src\shape\liquid\liquid.ts' file: Error: ENOENT: no such file or directory, open 'E:\Windsurf-Qlib\qlib-frontend\node_modules\@antv\g2\esm\shape\liquid\src\shape\liquid\liquid.ts'

Failed to parse source map from 'E:\Windsurf-Qlib\qlib-frontend\node_modules\@antv\g2\esm\shape\liquid\src\shape\liquid\shapes.ts' file: Error: ENOENT: no such file or directory, open 'E:\Windsurf-Qlib\qlib-frontend\node_modules\@antv\g2\esm\shape\liquid\src\shape\liquid\shapes.ts'

Failed to parse source map from 'E:\Windsurf-Qlib\qlib-frontend\node_modules\@antv\g2\esm\shape\liquid\src\shape\liquid\wave.ts' file: Error: ENOENT: no such file or directory, open 'E:\Windsurf-Qlib\qlib-frontend\node_modules\@antv\g2\esm\shape\liquid\src\shape\liquid\wave.ts'

Failed to parse source map from 'E:\Windsurf-Qlib\qlib-frontend\node_modules\@antv\g2\esm\shape\path\src\shape\path\color.ts' file: Error: ENOENT: no such file or directory, open 'E:\Windsurf-Qlib\qlib-frontend\node_modules\@antv\g2\esm\shape\path\src\shape\path\color.ts'

Failed to parse source map from 'E:\Windsurf-Qlib\qlib-frontend\node_modules\@antv\g2\esm\shape\path\src\shape\path\hollow.ts' file: Error: ENOENT: no such file or directory, open 'E:\Windsurf-Qlib\qlib-frontend\node_modules\@antv\g2\esm\shape\path\src\shape\path\hollow.ts'

Failed to parse source map from 'E:\Windsurf-Qlib\qlib-frontend\node_modules\@antv\g2\esm\shape\path\src\shape\path\path.ts' file: Error: ENOENT: no such file or directory, open 'E:\Windsurf-Qlib\qlib-frontend\node_modules\@antv\g2\esm\shape\path\src\shape\path\path.ts'

Failed to parse source map from 'E:\Windsurf-Qlib\qlib-frontend\node_modules\@antv\g2\esm\shape\point\src\shape\point\bowtie.ts' file: Error: ENOENT: no such file or directory, open 'E:\Windsurf-Qlib\qlib-frontend\node_modules\@antv\g2\esm\shape\point\src\shape\point\bowtie.ts'

Failed to parse source map from 'E:\Windsurf-Qlib\qlib-frontend\node_modules\@antv\g2\esm\shape\point\src\shape\point\circle.ts' file: Error: ENOENT: no such file or directory, open 'E:\Windsurf-Qlib\qlib-frontend\node_modules\@antv\g2\esm\shape\point\src\shape\point\circle.ts'

Failed to parse source map from 'E:\Windsurf-Qlib\qlib-frontend\node_modules\@antv\g2\esm\shape\point\src\shape\point\color.ts' file: Error: ENOENT: no such file or directory, open 'E:\Windsurf-Qlib\qlib-frontend\node_modules\@antv\g2\esm\shape\point\src\shape\point\color.ts'

Failed to parse source map from 'E:\Windsurf-Qlib\qlib-frontend\node_modules\@antv\g2\esm\shape\point\src\shape\point\cross.ts' file: Error: ENOENT: no such file or directory, open 'E:\Windsurf-Qlib\qlib-frontend\node_modules\@antv\g2\esm\shape\point\src\shape\point\cross.ts'

Failed to parse source map from 'E:\Windsurf-Qlib\qlib-frontend\node_modules\@antv\g2\esm\shape\point\src\shape\point\diamond.ts' file: Error: ENOENT: no such file or directory, open 'E:\Windsurf-Qlib\qlib-frontend\node_modules\@antv\g2\esm\shape\point\src\shape\point\diamond.ts'

Failed to parse source map from 'E:\Windsurf-Qlib\qlib-frontend\node_modules\@antv\g2\esm\shape\point\src\shape\point\hexagon.ts' file: Error: ENOENT: no such file or directory, open 'E:\Windsurf-Qlib\qlib-frontend\node_modules\@antv\g2\esm\shape\point\src\shape\point\hexagon.ts'

Failed to parse source map from 'E:\Windsurf-Qlib\qlib-frontend\node_modules\@antv\g2\esm\shape\point\src\shape\point\hollow.ts' file: Error: ENOENT: no such file or directory, open 'E:\Windsurf-Qlib\qlib-frontend\node_modules\@antv\g2\esm\shape\point\src\shape\point\hollow.ts'

Failed to parse source map from 'E:\Windsurf-Qlib\qlib-frontend\node_modules\@antv\g2\esm\shape\point\src\shape\point\hollowBowtie.ts' file: Error: ENOENT: no such file or directory, open 'E:\Windsurf-Qlib\qlib-frontend\node_modules\@antv\g2\esm\shape\point\src\shape\point\hollowBowtie.ts'

Failed to parse source map from 'E:\Windsurf-Qlib\qlib-frontend\node_modules\@antv\g2\esm\shape\point\src\shape\point\hollowCircle.ts' file: Error: ENOENT: no such file or directory, open 'E:\Windsurf-Qlib\qlib-frontend\node_modules\@antv\g2\esm\shape\point\src\shape\point\hollowCircle.ts'

Failed to parse source map from 'E:\Windsurf-Qlib\qlib-frontend\node_modules\@antv\g2\esm\shape\point\src\shape\point\hollowDiamond.ts' file: Error: ENOENT: no such file or directory, open 'E:\Windsurf-Qlib\qlib-frontend\node_modules\@antv\g2\esm\shape\point\src\shape\point\hollowDiamond.ts'

Failed to parse source map from 'E:\Windsurf-Qlib\qlib-frontend\node_modules\@antv\g2\esm\shape\point\src\shape\point\hollowHexagon.ts' file: Error: ENOENT: no such file or directory, open 'E:\Windsurf-Qlib\qlib-frontend\node_modules\@antv\g2\esm\shape\point\src\shape\point\hollowHexagon.ts'

Failed to parse source map from 'E:\Windsurf-Qlib\qlib-frontend\node_modules\@antv\g2\esm\shape\point\src\shape\point\hollowSquare.ts' file: Error: ENOENT: no such file or directory, open 'E:\Windsurf-Qlib\qlib-frontend\node_modules\@antv\g2\esm\shape\point\src\shape\point\hollowSquare.ts'

Failed to parse source map from 'E:\Windsurf-Qlib\qlib-frontend\node_modules\@antv\g2\esm\shape\point\src\shape\point\hollowTriangle.ts' file: Error: ENOENT: no such file or directory, open 'E:\Windsurf-Qlib\qlib-frontend\node_modules\@antv\g2\esm\shape\point\src\shape\point\hollowTriangle.ts'

Failed to parse source map from 'E:\Windsurf-Qlib\qlib-frontend\node_modules\@antv\g2\esm\shape\point\src\shape\point\hollowTriangleDown.ts' file: Error: ENOENT: no such file or directory, open 'E:\Windsurf-Qlib\qlib-frontend\node_modules\@antv\g2\esm\shape\point\src\shape\point\hollowTriangleDown.ts'

Failed to parse source map from 'E:\Windsurf-Qlib\qlib-frontend\node_modules\@antv\g2\esm\shape\point\src\shape\point\hyphen.ts' file: Error: ENOENT: no such file or directory, open 'E:\Windsurf-Qlib\qlib-frontend\node_modules\@antv\g2\esm\shape\point\src\shape\point\hyphen.ts'

Failed to parse source map from 'E:\Windsurf-Qlib\qlib-frontend\node_modules\@antv\g2\esm\shape\point\src\shape\point\line.ts' file: Error: ENOENT: no such file or directory, open 'E:\Windsurf-Qlib\qlib-frontend\node_modules\@antv\g2\esm\shape\point\src\shape\point\line.ts'

Failed to parse source map from 'E:\Windsurf-Qlib\qlib-frontend\node_modules\@antv\g2\esm\shape\point\src\shape\point\plus.ts' file: Error: ENOENT: no such file or directory, open 'E:\Windsurf-Qlib\qlib-frontend\node_modules\@antv\g2\esm\shape\point\src\shape\point\plus.ts'

Failed to parse source map from 'E:\Windsurf-Qlib\qlib-frontend\node_modules\@antv\g2\esm\shape\point\src\shape\point\point.ts' file: Error: ENOENT: no such file or directory, open 'E:\Windsurf-Qlib\qlib-frontend\node_modules\@antv\g2\esm\shape\point\src\shape\point\point.ts'

Failed to parse source map from 'E:\Windsurf-Qlib\qlib-frontend\node_modules\@antv\g2\esm\shape\point\src\shape\point\square.ts' file: Error: ENOENT: no such file or directory, open 'E:\Windsurf-Qlib\qlib-frontend\node_modules\@antv\g2\esm\shape\point\src\shape\point\square.ts'

Failed to parse source map from 'E:\Windsurf-Qlib\qlib-frontend\node_modules\@antv\g2\esm\shape\point\src\shape\point\tick.ts' file: Error: ENOENT: no such file or directory, open 'E:\Windsurf-Qlib\qlib-frontend\node_modules\@antv\g2\esm\shape\point\src\shape\point\tick.ts'

Failed to parse source map from 'E:\Windsurf-Qlib\qlib-frontend\node_modules\@antv\g2\esm\shape\point\src\shape\point\triangle.ts' file: Error: ENOENT: no such file or directory, open 'E:\Windsurf-Qlib\qlib-frontend\node_modules\@antv\g2\esm\shape\point\src\shape\point\triangle.ts'

Failed to parse source map from 'E:\Windsurf-Qlib\qlib-frontend\node_modules\@antv\g2\esm\shape\point\src\shape\point\triangleDown.ts' file: Error: ENOENT: no such file or directory, open 'E:\Windsurf-Qlib\qlib-frontend\node_modules\@antv\g2\esm\shape\point\src\shape\point\triangleDown.ts'

Failed to parse source map from 'E:\Windsurf-Qlib\qlib-frontend\node_modules\@antv\g2\esm\shape\polygon\src\shape\polygon\polygon.ts' file: Error: ENOENT: no such file or directory, open 'E:\Windsurf-Qlib\qlib-frontend\node_modules\@antv\g2\esm\shape\polygon\src\shape\polygon\polygon.ts'

Failed to parse source map from 'E:\Windsurf-Qlib\qlib-frontend\node_modules\@antv\g2\esm\shape\polygon\src\shape\polygon\ribbon.ts' file: Error: ENOENT: no such file or directory, open 'E:\Windsurf-Qlib\qlib-frontend\node_modules\@antv\g2\esm\shape\polygon\src\shape\polygon\ribbon.ts'

Failed to parse source map from 'E:\Windsurf-Qlib\qlib-frontend\node_modules\@antv\g2\esm\shape\shape\src\shape\shape\shape.ts' file: Error: ENOENT: no such file or directory, open 'E:\Windsurf-Qlib\qlib-frontend\node_modules\@antv\g2\esm\shape\shape\src\shape\shape\shape.ts'

Failed to parse source map from 'E:\Windsurf-Qlib\qlib-frontend\node_modules\@antv\g2\esm\shape\text\src\shape\text\advance.ts' file: Error: ENOENT: no such file or directory, open 'E:\Windsurf-Qlib\qlib-frontend\node_modules\@antv\g2\esm\shape\text\src\shape\text\advance.ts'

Failed to parse source map from 'E:\Windsurf-Qlib\qlib-frontend\node_modules\@antv\g2\esm\shape\text\src\shape\text\badge.ts' file: Error: ENOENT: no such file or directory, open 'E:\Windsurf-Qlib\qlib-frontend\node_modules\@antv\g2\esm\shape\text\src\shape\text\badge.ts'

Failed to parse source map from 'E:\Windsurf-Qlib\qlib-frontend\node_modules\@antv\g2\esm\shape\text\src\shape\text\tag.ts' file: Error: ENOENT: no such file or directory, open 'E:\Windsurf-Qlib\qlib-frontend\node_modules\@antv\g2\esm\shape\text\src\shape\text\tag.ts'

Failed to parse source map from 'E:\Windsurf-Qlib\qlib-frontend\node_modules\@antv\g2\esm\shape\text\src\shape\text\text.ts' file: Error: ENOENT: no such file or directory, open 'E:\Windsurf-Qlib\qlib-frontend\node_modules\@antv\g2\esm\shape\text\src\shape\text\text.ts'

Failed to parse source map from 'E:\Windsurf-Qlib\qlib-frontend\node_modules\@antv\g2\esm\shape\src\shape\utils.ts' file: Error: ENOENT: no such file or directory, open 'E:\Windsurf-Qlib\qlib-frontend\node_modules\@antv\g2\esm\shape\src\shape\utils.ts'

Failed to parse source map from 'E:\Windsurf-Qlib\qlib-frontend\node_modules\@antv\g2\esm\shape\vector\src\shape\vector\vector.ts' file: Error: ENOENT: no such file or directory, open 'E:\Windsurf-Qlib\qlib-frontend\node_modules\@antv\g2\esm\shape\vector\src\shape\vector\vector.ts'

Failed to parse source map from 'E:\Windsurf-Qlib\qlib-frontend\node_modules\@antv\g2\esm\spec\src\spec\animate.ts' file: Error: ENOENT: no such file or directory, open 'E:\Windsurf-Qlib\qlib-frontend\node_modules\@antv\g2\esm\spec\src\spec\animate.ts'

Failed to parse source map from 'E:\Windsurf-Qlib\qlib-frontend\node_modules\@antv\g2\esm\spec\src\spec\component.ts' file: Error: ENOENT: no such file or directory, open 'E:\Windsurf-Qlib\qlib-frontend\node_modules\@antv\g2\esm\spec\src\spec\component.ts'

Failed to parse source map from 'E:\Windsurf-Qlib\qlib-frontend\node_modules\@antv\g2\esm\spec\src\spec\composition.ts' file: Error: ENOENT: no such file or directory, open 'E:\Windsurf-Qlib\qlib-frontend\node_modules\@antv\g2\esm\spec\src\spec\composition.ts'

Failed to parse source map from 'E:\Windsurf-Qlib\qlib-frontend\node_modules\@antv\g2\esm\spec\src\spec\coordinate.ts' file: Error: ENOENT: no such file or directory, open 'E:\Windsurf-Qlib\qlib-frontend\node_modules\@antv\g2\esm\spec\src\spec\coordinate.ts'

Failed to parse source map from 'E:\Windsurf-Qlib\qlib-frontend\node_modules\@antv\g2\esm\spec\src\spec\coordinateTransform.ts' file: Error: ENOENT: no such file or directory, open 'E:\Windsurf-Qlib\qlib-frontend\node_modules\@antv\g2\esm\spec\src\spec\coordinateTransform.ts'

Failed to parse source map from 'E:\Windsurf-Qlib\qlib-frontend\node_modules\@antv\g2\esm\spec\src\spec\data.ts' file: Error: ENOENT: no such file or directory, open 'E:\Windsurf-Qlib\qlib-frontend\node_modules\@antv\g2\esm\spec\src\spec\data.ts'

Failed to parse source map from 'E:\Windsurf-Qlib\qlib-frontend\node_modules\@antv\g2\esm\spec\src\spec\dataTransform.ts' file: Error: ENOENT: no such file or directory, open 'E:\Windsurf-Qlib\qlib-frontend\node_modules\@antv\g2\esm\spec\src\spec\dataTransform.ts'

Failed to parse source map from 'E:\Windsurf-Qlib\qlib-frontend\node_modules\@antv\g2\esm\spec\src\spec\encode.ts' file: Error: ENOENT: no such file or directory, open 'E:\Windsurf-Qlib\qlib-frontend\node_modules\@antv\g2\esm\spec\src\spec\encode.ts'

Failed to parse source map from 'E:\Windsurf-Qlib\qlib-frontend\node_modules\@antv\g2\esm\spec\src\spec\index.ts' file: Error: ENOENT: no such file or directory, open 'E:\Windsurf-Qlib\qlib-frontend\node_modules\@antv\g2\esm\spec\src\spec\index.ts'

Failed to parse source map from 'E:\Windsurf-Qlib\qlib-frontend\node_modules\@antv\g2\esm\spec\src\spec\interaction.ts' file: Error: ENOENT: no such file or directory, open 'E:\Windsurf-Qlib\qlib-frontend\node_modules\@antv\g2\esm\spec\src\spec\interaction.ts'

Failed to parse source map from 'E:\Windsurf-Qlib\qlib-frontend\node_modules\@antv\g2\esm\spec\src\spec\labelTransform.ts' file: Error: ENOENT: no such file or directory, open 'E:\Windsurf-Qlib\qlib-frontend\node_modules\@antv\g2\esm\spec\src\spec\labelTransform.ts'

Failed to parse source map from 'E:\Windsurf-Qlib\qlib-frontend\node_modules\@antv\g2\esm\spec\src\spec\mark.ts' file: Error: ENOENT: no such file or directory, open 'E:\Windsurf-Qlib\qlib-frontend\node_modules\@antv\g2\esm\spec\src\spec\mark.ts'

Failed to parse source map from 'E:\Windsurf-Qlib\qlib-frontend\node_modules\@antv\g2\esm\spec\src\spec\palette.ts' file: Error: ENOENT: no such file or directory, open 'E:\Windsurf-Qlib\qlib-frontend\node_modules\@antv\g2\esm\spec\src\spec\palette.ts'

Failed to parse source map from 'E:\Windsurf-Qlib\qlib-frontend\node_modules\@antv\g2\esm\spec\src\spec\scale.ts' file: Error: ENOENT: no such file or directory, open 'E:\Windsurf-Qlib\qlib-frontend\node_modules\@antv\g2\esm\spec\src\spec\scale.ts'

Failed to parse source map from 'E:\Windsurf-Qlib\qlib-frontend\node_modules\@antv\g2\esm\spec\src\spec\theme.ts' file: Error: ENOENT: no such file or directory, open 'E:\Windsurf-Qlib\qlib-frontend\node_modules\@antv\g2\esm\spec\src\spec\theme.ts'

Failed to parse source map from 'E:\Windsurf-Qlib\qlib-frontend\node_modules\@antv\g2\esm\spec\src\spec\transform.ts' file: Error: ENOENT: no such file or directory, open 'E:\Windsurf-Qlib\qlib-frontend\node_modules\@antv\g2\esm\spec\src\spec\transform.ts'

Failed to parse source map from 'E:\Windsurf-Qlib\qlib-frontend\node_modules\@antv\g2\esm\theme\src\theme\academy.ts' file: Error: ENOENT: no such file or directory, open 'E:\Windsurf-Qlib\qlib-frontend\node_modules\@antv\g2\esm\theme\src\theme\academy.ts'

Failed to parse source map from 'E:\Windsurf-Qlib\qlib-frontend\node_modules\@antv\g2\esm\theme\src\theme\classic.ts' file: Error: ENOENT: no such file or directory, open 'E:\Windsurf-Qlib\qlib-frontend\node_modules\@antv\g2\esm\theme\src\theme\classic.ts'

Failed to parse source map from 'E:\Windsurf-Qlib\qlib-frontend\node_modules\@antv\g2\esm\theme\src\theme\classicDark.ts' file: Error: ENOENT: no such file or directory, open 'E:\Windsurf-Qlib\qlib-frontend\node_modules\@antv\g2\esm\theme\src\theme\classicDark.ts'

Failed to parse source map from 'E:\Windsurf-Qlib\qlib-frontend\node_modules\@antv\g2\esm\theme\src\theme\create.ts' file: Error: ENOENT: no such file or directory, open 'E:\Windsurf-Qlib\qlib-frontend\node_modules\@antv\g2\esm\theme\src\theme\create.ts'

Failed to parse source map from 'E:\Windsurf-Qlib\qlib-frontend\node_modules\@antv\g2\esm\theme\src\theme\dark.ts' file: Error: ENOENT: no such file or directory, open 'E:\Windsurf-Qlib\qlib-frontend\node_modules\@antv\g2\esm\theme\src\theme\dark.ts'

Failed to parse source map from 'E:\Windsurf-Qlib\qlib-frontend\node_modules\@antv\g2\esm\theme\src\theme\index.ts' file: Error: ENOENT: no such file or directory, open 'E:\Windsurf-Qlib\qlib-frontend\node_modules\@antv\g2\esm\theme\src\theme\index.ts'

Failed to parse source map from 'E:\Windsurf-Qlib\qlib-frontend\node_modules\@antv\g2\esm\theme\src\theme\light.ts' file: Error: ENOENT: no such file or directory, open 'E:\Windsurf-Qlib\qlib-frontend\node_modules\@antv\g2\esm\theme\src\theme\light.ts'

Failed to parse source map from 'E:\Windsurf-Qlib\qlib-frontend\node_modules\@antv\g2\esm\transform\src\transform\bin.ts' file: Error: ENOENT: no such file or directory, open 'E:\Windsurf-Qlib\qlib-frontend\node_modules\@antv\g2\esm\transform\src\transform\bin.ts'

Failed to parse source map from 'E:\Windsurf-Qlib\qlib-frontend\node_modules\@antv\g2\esm\transform\src\transform\binX.ts' file: Error: ENOENT: no such file or directory, open 'E:\Windsurf-Qlib\qlib-frontend\node_modules\@antv\g2\esm\transform\src\transform\binX.ts'

Failed to parse source map from 'E:\Windsurf-Qlib\qlib-frontend\node_modules\@antv\g2\esm\transform\src\transform\diffY.ts' file: Error: ENOENT: no such file or directory, open 'E:\Windsurf-Qlib\qlib-frontend\node_modules\@antv\g2\esm\transform\src\transform\diffY.ts'

Failed to parse source map from 'E:\Windsurf-Qlib\qlib-frontend\node_modules\@antv\g2\esm\transform\src\transform\dodgeX.ts' file: Error: ENOENT: no such file or directory, open 'E:\Windsurf-Qlib\qlib-frontend\node_modules\@antv\g2\esm\transform\src\transform\dodgeX.ts'

Failed to parse source map from 'E:\Windsurf-Qlib\qlib-frontend\node_modules\@antv\g2\esm\transform\src\transform\filter.ts' file: Error: ENOENT: no such file or directory, open 'E:\Windsurf-Qlib\qlib-frontend\node_modules\@antv\g2\esm\transform\src\transform\filter.ts'

Failed to parse source map from 'E:\Windsurf-Qlib\qlib-frontend\node_modules\@antv\g2\esm\transform\src\transform\flexX.ts' file: Error: ENOENT: no such file or directory, open 'E:\Windsurf-Qlib\qlib-frontend\node_modules\@antv\g2\esm\transform\src\transform\flexX.ts'

Failed to parse source map from 'E:\Windsurf-Qlib\qlib-frontend\node_modules\@antv\g2\esm\transform\src\transform\group.ts' file: Error: ENOENT: no such file or directory, open 'E:\Windsurf-Qlib\qlib-frontend\node_modules\@antv\g2\esm\transform\src\transform\group.ts'

Failed to parse source map from 'E:\Windsurf-Qlib\qlib-frontend\node_modules\@antv\g2\esm\transform\src\transform\groupColor.ts' file: Error: ENOENT: no such file or directory, open 'E:\Windsurf-Qlib\qlib-frontend\node_modules\@antv\g2\esm\transform\src\transform\groupColor.ts'

Failed to parse source map from 'E:\Windsurf-Qlib\qlib-frontend\node_modules\@antv\g2\esm\transform\src\transform\groupN.ts' file: Error: ENOENT: no such file or directory, open 'E:\Windsurf-Qlib\qlib-frontend\node_modules\@antv\g2\esm\transform\src\transform\groupN.ts'

Failed to parse source map from 'E:\Windsurf-Qlib\qlib-frontend\node_modules\@antv\g2\esm\transform\src\transform\groupX.ts' file: Error: ENOENT: no such file or directory, open 'E:\Windsurf-Qlib\qlib-frontend\node_modules\@antv\g2\esm\transform\src\transform\groupX.ts'

Failed to parse source map from 'E:\Windsurf-Qlib\qlib-frontend\node_modules\@antv\g2\esm\transform\src\transform\groupY.ts' file: Error: ENOENT: no such file or directory, open 'E:\Windsurf-Qlib\qlib-frontend\node_modules\@antv\g2\esm\transform\src\transform\groupY.ts'

Failed to parse source map from 'E:\Windsurf-Qlib\qlib-frontend\node_modules\@antv\g2\esm\transform\src\transform\index.ts' file: Error: ENOENT: no such file or directory, open 'E:\Windsurf-Qlib\qlib-frontend\node_modules\@antv\g2\esm\transform\src\transform\index.ts'

Failed to parse source map from 'E:\Windsurf-Qlib\qlib-frontend\node_modules\@antv\g2\esm\transform\src\transform\jitter.ts' file: Error: ENOENT: no such file or directory, open 'E:\Windsurf-Qlib\qlib-frontend\node_modules\@antv\g2\esm\transform\src\transform\jitter.ts'

Failed to parse source map from 'E:\Windsurf-Qlib\qlib-frontend\node_modules\@antv\g2\esm\transform\src\transform\jitterX.ts' file: Error: ENOENT: no such file or directory, open 'E:\Windsurf-Qlib\qlib-frontend\node_modules\@antv\g2\esm\transform\src\transform\jitterX.ts'

Failed to parse source map from 'E:\Windsurf-Qlib\qlib-frontend\node_modules\@antv\g2\esm\transform\src\transform\jitterY.ts' file: Error: ENOENT: no such file or directory, open 'E:\Windsurf-Qlib\qlib-frontend\node_modules\@antv\g2\esm\transform\src\transform\jitterY.ts'

Failed to parse source map from 'E:\Windsurf-Qlib\qlib-frontend\node_modules\@antv\g2\esm\transform\src\transform\maybeDefaultX.ts' file: Error: ENOENT: no such file or directory, open 'E:\Windsurf-Qlib\qlib-frontend\node_modules\@antv\g2\esm\transform\src\transform\maybeDefaultX.ts'

Failed to parse source map from 'E:\Windsurf-Qlib\qlib-frontend\node_modules\@antv\g2\esm\transform\src\transform\maybeDefaultY.ts' file: Error: ENOENT: no such file or directory, open 'E:\Windsurf-Qlib\qlib-frontend\node_modules\@antv\g2\esm\transform\src\transform\maybeDefaultY.ts'

Failed to parse source map from 'E:\Windsurf-Qlib\qlib-frontend\node_modules\@antv\g2\esm\transform\src\transform\maybeFunctionAttribute.ts' file: Error: ENOENT: no such file or directory, open 'E:\Windsurf-Qlib\qlib-frontend\node_modules\@antv\g2\esm\transform\src\transform\maybeFunctionAttribute.ts'

Failed to parse source map from 'E:\Windsurf-Qlib\qlib-frontend\node_modules\@antv\g2\esm\transform\src\transform\maybeGradient.ts' file: Error: ENOENT: no such file or directory, open 'E:\Windsurf-Qlib\qlib-frontend\node_modules\@antv\g2\esm\transform\src\transform\maybeGradient.ts'

Failed to parse source map from 'E:\Windsurf-Qlib\qlib-frontend\node_modules\@antv\g2\esm\transform\src\transform\maybeIdentityX.ts' file: Error: ENOENT: no such file or directory, open 'E:\Windsurf-Qlib\qlib-frontend\node_modules\@antv\g2\esm\transform\src\transform\maybeIdentityX.ts'

Failed to parse source map from 'E:\Windsurf-Qlib\qlib-frontend\node_modules\@antv\g2\esm\transform\src\transform\maybeIdentityY.ts' file: Error: ENOENT: no such file or directory, open 'E:\Windsurf-Qlib\qlib-frontend\node_modules\@antv\g2\esm\transform\src\transform\maybeIdentityY.ts'

Failed to parse source map from 'E:\Windsurf-Qlib\qlib-frontend\node_modules\@antv\g2\esm\transform\src\transform\maybeKey.ts' file: Error: ENOENT: no such file or directory, open 'E:\Windsurf-Qlib\qlib-frontend\node_modules\@antv\g2\esm\transform\src\transform\maybeKey.ts'

Failed to parse source map from 'E:\Windsurf-Qlib\qlib-frontend\node_modules\@antv\g2\esm\transform\src\transform\maybeSeries.ts' file: Error: ENOENT: no such file or directory, open 'E:\Windsurf-Qlib\qlib-frontend\node_modules\@antv\g2\esm\transform\src\transform\maybeSeries.ts'

Failed to parse source map from 'E:\Windsurf-Qlib\qlib-frontend\node_modules\@antv\g2\esm\transform\src\transform\maybeSize.ts' file: Error: ENOENT: no such file or directory, open 'E:\Windsurf-Qlib\qlib-frontend\node_modules\@antv\g2\esm\transform\src\transform\maybeSize.ts'

Failed to parse source map from 'E:\Windsurf-Qlib\qlib-frontend\node_modules\@antv\g2\esm\transform\src\transform\maybeStackY.ts' file: Error: ENOENT: no such file or directory, open 'E:\Windsurf-Qlib\qlib-frontend\node_modules\@antv\g2\esm\transform\src\transform\maybeStackY.ts'

Failed to parse source map from 'E:\Windsurf-Qlib\qlib-frontend\node_modules\@antv\g2\esm\transform\src\transform\maybeTitle.ts' file: Error: ENOENT: no such file or directory, open 'E:\Windsurf-Qlib\qlib-frontend\node_modules\@antv\g2\esm\transform\src\transform\maybeTitle.ts'

Failed to parse source map from 'E:\Windsurf-Qlib\qlib-frontend\node_modules\@antv\g2\esm\transform\src\transform\maybeTooltip.ts' file: Error: ENOENT: no such file or directory, open 'E:\Windsurf-Qlib\qlib-frontend\node_modules\@antv\g2\esm\transform\src\transform\maybeTooltip.ts'

Failed to parse source map from 'E:\Windsurf-Qlib\qlib-frontend\node_modules\@antv\g2\esm\transform\src\transform\maybeTuple.ts' file: Error: ENOENT: no such file or directory, open 'E:\Windsurf-Qlib\qlib-frontend\node_modules\@antv\g2\esm\transform\src\transform\maybeTuple.ts'

Failed to parse source map from 'E:\Windsurf-Qlib\qlib-frontend\node_modules\@antv\g2\esm\transform\src\transform\maybeTupleX.ts' file: Error: ENOENT: no such file or directory, open 'E:\Windsurf-Qlib\qlib-frontend\node_modules\@antv\g2\esm\transform\src\transform\maybeTupleX.ts'

Failed to parse source map from 'E:\Windsurf-Qlib\qlib-frontend\node_modules\@antv\g2\esm\transform\src\transform\maybeTupleY.ts' file: Error: ENOENT: no such file or directory, open 'E:\Windsurf-Qlib\qlib-frontend\node_modules\@antv\g2\esm\transform\src\transform\maybeTupleY.ts'

Failed to parse source map from 'E:\Windsurf-Qlib\qlib-frontend\node_modules\@antv\g2\esm\transform\src\transform\maybeVisualPosition.ts' file: Error: ENOENT: no such file or directory, open 'E:\Windsurf-Qlib\qlib-frontend\node_modules\@antv\g2\esm\transform\src\transform\maybeVisualPosition.ts'

Failed to parse source map from 'E:\Windsurf-Qlib\qlib-frontend\node_modules\@antv\g2\esm\transform\src\transform\maybeZeroPadding.ts' file: Error: ENOENT: no such file or directory, open 'E:\Windsurf-Qlib\qlib-frontend\node_modules\@antv\g2\esm\transform\src\transform\maybeZeroPadding.ts'

Failed to parse source map from 'E:\Windsurf-Qlib\qlib-frontend\node_modules\@antv\g2\esm\transform\src\transform\maybeZeroX.ts' file: Error: ENOENT: no such file or directory, open 'E:\Windsurf-Qlib\qlib-frontend\node_modules\@antv\g2\esm\transform\src\transform\maybeZeroX.ts'

Failed to parse source map from 'E:\Windsurf-Qlib\qlib-frontend\node_modules\@antv\g2\esm\transform\src\transform\maybeZeroY.ts' file: Error: ENOENT: no such file or directory, open 'E:\Windsurf-Qlib\qlib-frontend\node_modules\@antv\g2\esm\transform\src\transform\maybeZeroY.ts'

Failed to parse source map from 'E:\Windsurf-Qlib\qlib-frontend\node_modules\@antv\g2\esm\transform\src\transform\maybeZeroY1.ts' file: Error: ENOENT: no such file or directory, open 'E:\Windsurf-Qlib\qlib-frontend\node_modules\@antv\g2\esm\transform\src\transform\maybeZeroY1.ts'

Failed to parse source map from 'E:\Windsurf-Qlib\qlib-frontend\node_modules\@antv\g2\esm\transform\src\transform\maybeZeroZ.ts' file: Error: ENOENT: no such file or directory, open 'E:\Windsurf-Qlib\qlib-frontend\node_modules\@antv\g2\esm\transform\src\transform\maybeZeroZ.ts'

Failed to parse source map from 'E:\Windsurf-Qlib\qlib-frontend\node_modules\@antv\g2\esm\transform\src\transform\normalizeY.ts' file: Error: ENOENT: no such file or directory, open 'E:\Windsurf-Qlib\qlib-frontend\node_modules\@antv\g2\esm\transform\src\transform\normalizeY.ts'

Failed to parse source map from 'E:\Windsurf-Qlib\qlib-frontend\node_modules\@antv\g2\esm\transform\src\transform\pack.ts' file: Error: ENOENT: no such file or directory, open 'E:\Windsurf-Qlib\qlib-frontend\node_modules\@antv\g2\esm\transform\src\transform\pack.ts'

Failed to parse source map from 'E:\Windsurf-Qlib\qlib-frontend\node_modules\@antv\g2\esm\transform\src\transform\sample.ts' file: Error: ENOENT: no such file or directory, open 'E:\Windsurf-Qlib\qlib-frontend\node_modules\@antv\g2\esm\transform\src\transform\sample.ts'

Failed to parse source map from 'E:\Windsurf-Qlib\qlib-frontend\node_modules\@antv\g2\esm\transform\src\transform\select.ts' file: Error: ENOENT: no such file or directory, open 'E:\Windsurf-Qlib\qlib-frontend\node_modules\@antv\g2\esm\transform\src\transform\select.ts'

Failed to parse source map from 'E:\Windsurf-Qlib\qlib-frontend\node_modules\@antv\g2\esm\transform\src\transform\selectX.ts' file: Error: ENOENT: no such file or directory, open 'E:\Windsurf-Qlib\qlib-frontend\node_modules\@antv\g2\esm\transform\src\transform\selectX.ts'

Failed to parse source map from 'E:\Windsurf-Qlib\qlib-frontend\node_modules\@antv\g2\esm\transform\src\transform\selectY.ts' file: Error: ENOENT: no such file or directory, open 'E:\Windsurf-Qlib\qlib-frontend\node_modules\@antv\g2\esm\transform\src\transform\selectY.ts'

Failed to parse source map from 'E:\Windsurf-Qlib\qlib-frontend\node_modules\@antv\g2\esm\transform\src\transform\sort.ts' file: Error: ENOENT: no such file or directory, open 'E:\Windsurf-Qlib\qlib-frontend\node_modules\@antv\g2\esm\transform\src\transform\sort.ts'

Failed to parse source map from 'E:\Windsurf-Qlib\qlib-frontend\node_modules\@antv\g2\esm\transform\src\transform\sortColor.ts' file: Error: ENOENT: no such file or directory, open 'E:\Windsurf-Qlib\qlib-frontend\node_modules\@antv\g2\esm\transform\src\transform\sortColor.ts'

Failed to parse source map from 'E:\Windsurf-Qlib\qlib-frontend\node_modules\@antv\g2\esm\transform\src\transform\sortX.ts' file: Error: ENOENT: no such file or directory, open 'E:\Windsurf-Qlib\qlib-frontend\node_modules\@antv\g2\esm\transform\src\transform\sortX.ts'

Failed to parse source map from 'E:\Windsurf-Qlib\qlib-frontend\node_modules\@antv\g2\esm\transform\src\transform\sortY.ts' file: Error: ENOENT: no such file or directory, open 'E:\Windsurf-Qlib\qlib-frontend\node_modules\@antv\g2\esm\transform\src\transform\sortY.ts'

Failed to parse source map from 'E:\Windsurf-Qlib\qlib-frontend\node_modules\@antv\g2\esm\transform\src\transform\stackEnter.ts' file: Error: ENOENT: no such file or directory, open 'E:\Windsurf-Qlib\qlib-frontend\node_modules\@antv\g2\esm\transform\src\transform\stackEnter.ts'

Failed to parse source map from 'E:\Windsurf-Qlib\qlib-frontend\node_modules\@antv\g2\esm\transform\src\transform\stackY.ts' file: Error: ENOENT: no such file or directory, open 'E:\Windsurf-Qlib\qlib-frontend\node_modules\@antv\g2\esm\transform\src\transform\stackY.ts'

Failed to parse source map from 'E:\Windsurf-Qlib\qlib-frontend\node_modules\@antv\g2\esm\transform\src\transform\symmetryY.ts' file: Error: ENOENT: no such file or directory, open 'E:\Windsurf-Qlib\qlib-frontend\node_modules\@antv\g2\esm\transform\src\transform\symmetryY.ts'

Failed to parse source map from 'E:\Windsurf-Qlib\qlib-frontend\node_modules\@antv\g2\esm\transform\utils\src\transform\utils\helper.ts' file: Error: ENOENT: no such file or directory, open 'E:\Windsurf-Qlib\qlib-frontend\node_modules\@antv\g2\esm\transform\utils\src\transform\utils\helper.ts'

Failed to parse source map from 'E:\Windsurf-Qlib\qlib-frontend\node_modules\@antv\g2\esm\transform\utils\src\transform\utils\lttb.ts' file: Error: ENOENT: no such file or directory, open 'E:\Windsurf-Qlib\qlib-frontend\node_modules\@antv\g2\esm\transform\utils\src\transform\utils\lttb.ts'

Failed to parse source map from 'E:\Windsurf-Qlib\qlib-frontend\node_modules\@antv\g2\esm\transform\utils\src\transform\utils\order.ts' file: Error: ENOENT: no such file or directory, open 'E:\Windsurf-Qlib\qlib-frontend\node_modules\@antv\g2\esm\transform\utils\src\transform\utils\order.ts'

Failed to parse source map from 'E:\Windsurf-Qlib\qlib-frontend\node_modules\@antv\g2\esm\utils\src\utils\angle.ts' file: Error: ENOENT: no such file or directory, open 'E:\Windsurf-Qlib\qlib-frontend\node_modules\@antv\g2\esm\utils\src\utils\angle.ts'

Failed to parse source map from 'E:\Windsurf-Qlib\qlib-frontend\node_modules\@antv\g2\esm\utils\src\utils\array.ts' file: Error: ENOENT: no such file or directory, open 'E:\Windsurf-Qlib\qlib-frontend\node_modules\@antv\g2\esm\utils\src\utils\array.ts'

Failed to parse source map from 'E:\Windsurf-Qlib\qlib-frontend\node_modules\@antv\g2\esm\utils\src\utils\bounds.ts' file: Error: ENOENT: no such file or directory, open 'E:\Windsurf-Qlib\qlib-frontend\node_modules\@antv\g2\esm\utils\src\utils\bounds.ts'

Failed to parse source map from 'E:\Windsurf-Qlib\qlib-frontend\node_modules\@antv\g2\esm\utils\src\utils\color.ts' file: Error: ENOENT: no such file or directory, open 'E:\Windsurf-Qlib\qlib-frontend\node_modules\@antv\g2\esm\utils\src\utils\color.ts'

Failed to parse source map from 'E:\Windsurf-Qlib\qlib-frontend\node_modules\@antv\g2\esm\utils\src\utils\container.ts' file: Error: ENOENT: no such file or directory, open 'E:\Windsurf-Qlib\qlib-frontend\node_modules\@antv\g2\esm\utils\src\utils\container.ts'

Failed to parse source map from 'E:\Windsurf-Qlib\qlib-frontend\node_modules\@antv\g2\esm\utils\src\utils\coordinate.ts' file: Error: ENOENT: no such file or directory, open 'E:\Windsurf-Qlib\qlib-frontend\node_modules\@antv\g2\esm\utils\src\utils\coordinate.ts'

Failed to parse source map from 'E:\Windsurf-Qlib\qlib-frontend\node_modules\@antv\g2\esm\utils\src\utils\createElement.ts' file: Error: ENOENT: no such file or directory, open 'E:\Windsurf-Qlib\qlib-frontend\node_modules\@antv\g2\esm\utils\src\utils\createElement.ts'

Failed to parse source map from 'E:\Windsurf-Qlib\qlib-frontend\node_modules\@antv\g2\esm\utils\src\utils\dateFormat.ts' file: Error: ENOENT: no such file or directory, open 'E:\Windsurf-Qlib\qlib-frontend\node_modules\@antv\g2\esm\utils\src\utils\dateFormat.ts'

Failed to parse source map from 'E:\Windsurf-Qlib\qlib-frontend\node_modules\@antv\g2\esm\utils\src\utils\event.ts' file: Error: ENOENT: no such file or directory, open 'E:\Windsurf-Qlib\qlib-frontend\node_modules\@antv\g2\esm\utils\src\utils\event.ts'

Failed to parse source map from 'E:\Windsurf-Qlib\qlib-frontend\node_modules\@antv\g2\esm\utils\src\utils\expr.ts' file: Error: ENOENT: no such file or directory, open 'E:\Windsurf-Qlib\qlib-frontend\node_modules\@antv\g2\esm\utils\src\utils\expr.ts'

Failed to parse source map from 'E:\Windsurf-Qlib\qlib-frontend\node_modules\@antv\g2\esm\utils\src\utils\flow.ts' file: Error: ENOENT: no such file or directory, open 'E:\Windsurf-Qlib\qlib-frontend\node_modules\@antv\g2\esm\utils\src\utils\flow.ts'

Failed to parse source map from 'E:\Windsurf-Qlib\qlib-frontend\node_modules\@antv\g2\esm\utils\src\utils\helper.ts' file: Error: ENOENT: no such file or directory, open 'E:\Windsurf-Qlib\qlib-frontend\node_modules\@antv\g2\esm\utils\src\utils\helper.ts'

Failed to parse source map from 'E:\Windsurf-Qlib\qlib-frontend\node_modules\@antv\g2\esm\utils\src\utils\lru.ts' file: Error: ENOENT: no such file or directory, open 'E:\Windsurf-Qlib\qlib-frontend\node_modules\@antv\g2\esm\utils\src\utils\lru.ts'

Failed to parse source map from 'E:\Windsurf-Qlib\qlib-frontend\node_modules\@antv\g2\esm\utils\src\utils\mark.ts' file: Error: ENOENT: no such file or directory, open 'E:\Windsurf-Qlib\qlib-frontend\node_modules\@antv\g2\esm\utils\src\utils\mark.ts'

Failed to parse source map from 'E:\Windsurf-Qlib\qlib-frontend\node_modules\@antv\g2\esm\utils\src\utils\marker.ts' file: Error: ENOENT: no such file or directory, open 'E:\Windsurf-Qlib\qlib-frontend\node_modules\@antv\g2\esm\utils\src\utils\marker.ts'

Failed to parse source map from 'E:\Windsurf-Qlib\qlib-frontend\node_modules\@antv\g2\esm\utils\src\utils\number.ts' file: Error: ENOENT: no such file or directory, open 'E:\Windsurf-Qlib\qlib-frontend\node_modules\@antv\g2\esm\utils\src\utils\number.ts'

Failed to parse source map from 'E:\Windsurf-Qlib\qlib-frontend\node_modules\@antv\g2\esm\utils\src\utils\scale.ts' file: Error: ENOENT: no such file or directory, open 'E:\Windsurf-Qlib\qlib-frontend\node_modules\@antv\g2\esm\utils\src\utils\scale.ts'

Failed to parse source map from 'E:\Windsurf-Qlib\qlib-frontend\node_modules\@antv\g2\esm\utils\src\utils\selection.ts' file: Error: ENOENT: no such file or directory, open 'E:\Windsurf-Qlib\qlib-frontend\node_modules\@antv\g2\esm\utils\src\utils\selection.ts'

Failed to parse source map from 'E:\Windsurf-Qlib\qlib-frontend\node_modules\@antv\g2\esm\utils\src\utils\size.ts' file: Error: ENOENT: no such file or directory, open 'E:\Windsurf-Qlib\qlib-frontend\node_modules\@antv\g2\esm\utils\src\utils\size.ts'

Failed to parse source map from 'E:\Windsurf-Qlib\qlib-frontend\node_modules\@antv\g2\esm\utils\src\utils\string.ts' file: Error: ENOENT: no such file or directory, open 'E:\Windsurf-Qlib\qlib-frontend\node_modules\@antv\g2\esm\utils\src\utils\string.ts'

Failed to parse source map from 'E:\Windsurf-Qlib\qlib-frontend\node_modules\@antv\g2\esm\utils\src\utils\style.ts' file: Error: ENOENT: no such file or directory, open 'E:\Windsurf-Qlib\qlib-frontend\node_modules\@antv\g2\esm\utils\src\utils\style.ts'

Failed to parse source map from 'E:\Windsurf-Qlib\qlib-frontend\node_modules\@antv\g2\esm\utils\src\utils\treeDataTransform.ts' file: Error: ENOENT: no such file or directory, open 'E:\Windsurf-Qlib\qlib-frontend\node_modules\@antv\g2\esm\utils\src\utils\treeDataTransform.ts'

Failed to parse source map from 'E:\Windsurf-Qlib\qlib-frontend\node_modules\@antv\g2\esm\utils\src\utils\vector.ts' file: Error: ENOENT: no such file or directory, open 'E:\Windsurf-Qlib\qlib-frontend\node_modules\@antv\g2\esm\utils\src\utils\vector.ts'

Failed to parse source map from 'E:\Windsurf-Qlib\qlib-frontend\node_modules\@antv\scale\esm\src\index.ts' file: Error: ENOENT: no such file or directory, open 'E:\Windsurf-Qlib\qlib-frontend\node_modules\@antv\scale\esm\src\index.ts'

Failed to parse source map from 'E:\Windsurf-Qlib\qlib-frontend\node_modules\@antv\scale\esm\scales\src\scales\band.ts' file: Error: ENOENT: no such file or directory, open 'E:\Windsurf-Qlib\qlib-frontend\node_modules\@antv\scale\esm\scales\src\scales\band.ts'

Failed to parse source map from 'E:\Windsurf-Qlib\qlib-frontend\node_modules\@antv\scale\esm\scales\src\scales\base.ts' file: Error: ENOENT: no such file or directory, open 'E:\Windsurf-Qlib\qlib-frontend\node_modules\@antv\scale\esm\scales\src\scales\base.ts'

Failed to parse source map from 'E:\Windsurf-Qlib\qlib-frontend\node_modules\@antv\scale\esm\scales\src\scales\constant.ts' file: Error: ENOENT: no such file or directory, open 'E:\Windsurf-Qlib\qlib-frontend\node_modules\@antv\scale\esm\scales\src\scales\constant.ts'

Failed to parse source map from 'E:\Windsurf-Qlib\qlib-frontend\node_modules\@antv\scale\esm\scales\src\scales\continuous.ts' file: Error: ENOENT: no such file or directory, open 'E:\Windsurf-Qlib\qlib-frontend\node_modules\@antv\scale\esm\scales\src\scales\continuous.ts'

Failed to parse source map from 'E:\Windsurf-Qlib\qlib-frontend\node_modules\@antv\scale\esm\scales\src\scales\diverging.ts' file: Error: ENOENT: no such file or directory, open 'E:\Windsurf-Qlib\qlib-frontend\node_modules\@antv\scale\esm\scales\src\scales\diverging.ts'

Failed to parse source map from 'E:\Windsurf-Qlib\qlib-frontend\node_modules\@antv\scale\esm\scales\src\scales\identity.ts' file: Error: ENOENT: no such file or directory, open 'E:\Windsurf-Qlib\qlib-frontend\node_modules\@antv\scale\esm\scales\src\scales\identity.ts'

Failed to parse source map from 'E:\Windsurf-Qlib\qlib-frontend\node_modules\@antv\scale\esm\scales\src\scales\linear.ts' file: Error: ENOENT: no such file or directory, open 'E:\Windsurf-Qlib\qlib-frontend\node_modules\@antv\scale\esm\scales\src\scales\linear.ts'

Failed to parse source map from 'E:\Windsurf-Qlib\qlib-frontend\node_modules\@antv\scale\esm\scales\src\scales\log.ts' file: Error: ENOENT: no such file or directory, open 'E:\Windsurf-Qlib\qlib-frontend\node_modules\@antv\scale\esm\scales\src\scales\log.ts'

Failed to parse source map from 'E:\Windsurf-Qlib\qlib-frontend\node_modules\@antv\scale\esm\scales\src\scales\ordinal.ts' file: Error: ENOENT: no such file or directory, open 'E:\Windsurf-Qlib\qlib-frontend\node_modules\@antv\scale\esm\scales\src\scales\ordinal.ts'

Failed to parse source map from 'E:\Windsurf-Qlib\qlib-frontend\node_modules\@antv\scale\esm\scales\src\scales\point.ts' file: Error: ENOENT: no such file or directory, open 'E:\Windsurf-Qlib\qlib-frontend\node_modules\@antv\scale\esm\scales\src\scales\point.ts'

Failed to parse source map from 'E:\Windsurf-Qlib\qlib-frontend\node_modules\@antv\scale\esm\scales\src\scales\pow.ts' file: Error: ENOENT: no such file or directory, open 'E:\Windsurf-Qlib\qlib-frontend\node_modules\@antv\scale\esm\scales\src\scales\pow.ts'

Failed to parse source map from 'E:\Windsurf-Qlib\qlib-frontend\node_modules\@antv\scale\esm\scales\src\scales\quantile.ts' file: Error: ENOENT: no such file or directory, open 'E:\Windsurf-Qlib\qlib-frontend\node_modules\@antv\scale\esm\scales\src\scales\quantile.ts'

Failed to parse source map from 'E:\Windsurf-Qlib\qlib-frontend\node_modules\@antv\scale\esm\scales\src\scales\quantize.ts' file: Error: ENOENT: no such file or directory, open 'E:\Windsurf-Qlib\qlib-frontend\node_modules\@antv\scale\esm\scales\src\scales\quantize.ts'

Failed to parse source map from 'E:\Windsurf-Qlib\qlib-frontend\node_modules\@antv\scale\esm\scales\src\scales\sequential.ts' file: Error: ENOENT: no such file or directory, open 'E:\Windsurf-Qlib\qlib-frontend\node_modules\@antv\scale\esm\scales\src\scales\sequential.ts'

Failed to parse source map from 'E:\Windsurf-Qlib\qlib-frontend\node_modules\@antv\scale\esm\scales\src\scales\sqrt.ts' file: Error: ENOENT: no such file or directory, open 'E:\Windsurf-Qlib\qlib-frontend\node_modules\@antv\scale\esm\scales\src\scales\sqrt.ts'

Failed to parse source map from 'E:\Windsurf-Qlib\qlib-frontend\node_modules\@antv\scale\esm\scales\src\scales\threshold.ts' file: Error: ENOENT: no such file or directory, open 'E:\Windsurf-Qlib\qlib-frontend\node_modules\@antv\scale\esm\scales\src\scales\threshold.ts'

Failed to parse source map from 'E:\Windsurf-Qlib\qlib-frontend\node_modules\@antv\scale\esm\scales\src\scales\time.ts' file: Error: ENOENT: no such file or directory, open 'E:\Windsurf-Qlib\qlib-frontend\node_modules\@antv\scale\esm\scales\src\scales\time.ts'

Failed to parse source map from 'E:\Windsurf-Qlib\qlib-frontend\node_modules\@antv\scale\esm\tick-methods\src\tick-methods\d3-log.ts' file: Error: ENOENT: no such file or directory, open 'E:\Windsurf-Qlib\qlib-frontend\node_modules\@antv\scale\esm\tick-methods\src\tick-methods\d3-log.ts'

Failed to parse source map from 'E:\Windsurf-Qlib\qlib-frontend\node_modules\@antv\scale\esm\tick-methods\src\tick-methods\d3-ticks.ts' file: Error: ENOENT: no such file or directory, open 'E:\Windsurf-Qlib\qlib-frontend\node_modules\@antv\scale\esm\tick-methods\src\tick-methods\d3-ticks.ts'

Failed to parse source map from 'E:\Windsurf-Qlib\qlib-frontend\node_modules\@antv\scale\esm\tick-methods\src\tick-methods\d3-time.ts' file: Error: ENOENT: no such file or directory, open 'E:\Windsurf-Qlib\qlib-frontend\node_modules\@antv\scale\esm\tick-methods\src\tick-methods\d3-time.ts'

Failed to parse source map from 'E:\Windsurf-Qlib\qlib-frontend\node_modules\@antv\scale\esm\tick-methods\src\tick-methods\r-pretty.ts' file: Error: ENOENT: no such file or directory, open 'E:\Windsurf-Qlib\qlib-frontend\node_modules\@antv\scale\esm\tick-methods\src\tick-methods\r-pretty.ts'

Failed to parse source map from 'E:\Windsurf-Qlib\qlib-frontend\node_modules\@antv\scale\esm\tick-methods\src\tick-methods\wilkinson-extended.ts' file: Error: ENOENT: no such file or directory, open 'E:\Windsurf-Qlib\qlib-frontend\node_modules\@antv\scale\esm\tick-methods\src\tick-methods\wilkinson-extended.ts'

Failed to parse source map from 'E:\Windsurf-Qlib\qlib-frontend\node_modules\@antv\scale\esm\utils\src\utils\bisect.ts' file: Error: ENOENT: no such file or directory, open 'E:\Windsurf-Qlib\qlib-frontend\node_modules\@antv\scale\esm\utils\src\utils\bisect.ts'

Failed to parse source map from 'E:\Windsurf-Qlib\qlib-frontend\node_modules\@antv\scale\esm\utils\src\utils\choose-mask.ts' file: Error: ENOENT: no such file or directory, open 'E:\Windsurf-Qlib\qlib-frontend\node_modules\@antv\scale\esm\utils\src\utils\choose-mask.ts'

Failed to parse source map from 'E:\Windsurf-Qlib\qlib-frontend\node_modules\@antv\scale\esm\utils\src\utils\clamp.ts' file: Error: ENOENT: no such file or directory, open 'E:\Windsurf-Qlib\qlib-frontend\node_modules\@antv\scale\esm\utils\src\utils\clamp.ts'

Failed to parse source map from 'E:\Windsurf-Qlib\qlib-frontend\node_modules\@antv\scale\esm\utils\src\utils\color.ts' file: Error: ENOENT: no such file or directory, open 'E:\Windsurf-Qlib\qlib-frontend\node_modules\@antv\scale\esm\utils\src\utils\color.ts'

Failed to parse source map from 'E:\Windsurf-Qlib\qlib-frontend\node_modules\@antv\scale\esm\utils\src\utils\compose.ts' file: Error: ENOENT: no such file or directory, open 'E:\Windsurf-Qlib\qlib-frontend\node_modules\@antv\scale\esm\utils\src\utils\compose.ts'

Failed to parse source map from 'E:\Windsurf-Qlib\qlib-frontend\node_modules\@antv\scale\esm\utils\src\utils\create-quartile.ts' file: Error: ENOENT: no such file or directory, open 'E:\Windsurf-Qlib\qlib-frontend\node_modules\@antv\scale\esm\utils\src\utils\create-quartile.ts'

Failed to parse source map from 'E:\Windsurf-Qlib\qlib-frontend\node_modules\@antv\scale\esm\utils\src\utils\d3-linear-nice.ts' file: Error: ENOENT: no such file or directory, open 'E:\Windsurf-Qlib\qlib-frontend\node_modules\@antv\scale\esm\utils\src\utils\d3-linear-nice.ts'

Failed to parse source map from 'E:\Windsurf-Qlib\qlib-frontend\node_modules\@antv\scale\esm\utils\src\utils\d3-log-nice.ts' file: Error: ENOENT: no such file or directory, open 'E:\Windsurf-Qlib\qlib-frontend\node_modules\@antv\scale\esm\utils\src\utils\d3-log-nice.ts'

Failed to parse source map from 'E:\Windsurf-Qlib\qlib-frontend\node_modules\@antv\scale\esm\utils\src\utils\d3-time-nice.ts' file: Error: ENOENT: no such file or directory, open 'E:\Windsurf-Qlib\qlib-frontend\node_modules\@antv\scale\esm\utils\src\utils\d3-time-nice.ts'

Failed to parse source map from 'E:\Windsurf-Qlib\qlib-frontend\node_modules\@antv\scale\esm\utils\src\utils\find-tick-interval.ts' file: Error: ENOENT: no such file or directory, open 'E:\Windsurf-Qlib\qlib-frontend\node_modules\@antv\scale\esm\utils\src\utils\find-tick-interval.ts'

Failed to parse source map from 'E:\Windsurf-Qlib\qlib-frontend\node_modules\@antv\scale\esm\utils\src\utils\index.ts' file: Error: ENOENT: no such file or directory, open 'E:\Windsurf-Qlib\qlib-frontend\node_modules\@antv\scale\esm\utils\src\utils\index.ts'

Failed to parse source map from 'E:\Windsurf-Qlib\qlib-frontend\node_modules\@antv\scale\esm\utils\src\utils\internMap.ts' file: Error: ENOENT: no such file or directory, open 'E:\Windsurf-Qlib\qlib-frontend\node_modules\@antv\scale\esm\utils\src\utils\internMap.ts'

Failed to parse source map from 'E:\Windsurf-Qlib\qlib-frontend\node_modules\@antv\scale\esm\utils\src\utils\interpolate.ts' file: Error: ENOENT: no such file or directory, open 'E:\Windsurf-Qlib\qlib-frontend\node_modules\@antv\scale\esm\utils\src\utils\interpolate.ts'

Failed to parse source map from 'E:\Windsurf-Qlib\qlib-frontend\node_modules\@antv\scale\esm\utils\src\utils\interpolatize.ts' file: Error: ENOENT: no such file or directory, open 'E:\Windsurf-Qlib\qlib-frontend\node_modules\@antv\scale\esm\utils\src\utils\interpolatize.ts'

Failed to parse source map from 'E:\Windsurf-Qlib\qlib-frontend\node_modules\@antv\scale\esm\utils\src\utils\is-valid.ts' file: Error: ENOENT: no such file or directory, open 'E:\Windsurf-Qlib\qlib-frontend\node_modules\@antv\scale\esm\utils\src\utils\is-valid.ts'

Failed to parse source map from 'E:\Windsurf-Qlib\qlib-frontend\node_modules\@antv\scale\esm\utils\src\utils\log.ts' file: Error: ENOENT: no such file or directory, open 'E:\Windsurf-Qlib\qlib-frontend\node_modules\@antv\scale\esm\utils\src\utils\log.ts'

Failed to parse source map from 'E:\Windsurf-Qlib\qlib-frontend\node_modules\@antv\scale\esm\utils\src\utils\normalize.ts' file: Error: ENOENT: no such file or directory, open 'E:\Windsurf-Qlib\qlib-frontend\node_modules\@antv\scale\esm\utils\src\utils\normalize.ts'

Failed to parse source map from 'E:\Windsurf-Qlib\qlib-frontend\node_modules\@antv\scale\esm\utils\src\utils\pretty-number.ts' file: Error: ENOENT: no such file or directory, open 'E:\Windsurf-Qlib\qlib-frontend\node_modules\@antv\scale\esm\utils\src\utils\pretty-number.ts'

Failed to parse source map from 'E:\Windsurf-Qlib\qlib-frontend\node_modules\@antv\scale\esm\utils\src\utils\ticks.ts' file: Error: ENOENT: no such file or directory, open 'E:\Windsurf-Qlib\qlib-frontend\node_modules\@antv\scale\esm\utils\src\utils\ticks.ts'

Failed to parse source map from 'E:\Windsurf-Qlib\qlib-frontend\node_modules\@antv\scale\esm\utils\src\utils\time-interval.ts' file: Error: ENOENT: no such file or directory, open 'E:\Windsurf-Qlib\qlib-frontend\node_modules\@antv\scale\esm\utils\src\utils\time-interval.ts'

Failed to parse source map from 'E:\Windsurf-Qlib\qlib-frontend\node_modules\@antv\scale\esm\utils\src\utils\utc-interval.ts' file: Error: ENOENT: no such file or directory, open 'E:\Windsurf-Qlib\qlib-frontend\node_modules\@antv\scale\esm\utils\src\utils\utc-interval.ts'

Failed to parse source map from 'E:\Windsurf-Qlib\qlib-frontend\node_modules\@antv\util\esm\color\src\color\arr2rgb.ts' file: Error: ENOENT: no such file or directory, open 'E:\Windsurf-Qlib\qlib-frontend\node_modules\@antv\util\esm\color\src\color\arr2rgb.ts'

Failed to parse source map from 'E:\Windsurf-Qlib\qlib-frontend\node_modules\@antv\util\esm\color\src\color\gradient.ts' file: Error: ENOENT: no such file or directory, open 'E:\Windsurf-Qlib\qlib-frontend\node_modules\@antv\util\esm\color\src\color\gradient.ts'

Failed to parse source map from 'E:\Windsurf-Qlib\qlib-frontend\node_modules\@antv\util\esm\color\src\color\index.ts' file: Error: ENOENT: no such file or directory, open 'E:\Windsurf-Qlib\qlib-frontend\node_modules\@antv\util\esm\color\src\color\index.ts'

Failed to parse source map from 'E:\Windsurf-Qlib\qlib-frontend\node_modules\@antv\util\esm\color\src\color\rgb2arr.ts' file: Error: ENOENT: no such file or directory, open 'E:\Windsurf-Qlib\qlib-frontend\node_modules\@antv\util\esm\color\src\color\rgb2arr.ts'

Failed to parse source map from 'E:\Windsurf-Qlib\qlib-frontend\node_modules\@antv\util\esm\color\src\color\tocssgradient.ts' file: Error: ENOENT: no such file or directory, open 'E:\Windsurf-Qlib\qlib-frontend\node_modules\@antv\util\esm\color\src\color\tocssgradient.ts'

Failed to parse source map from 'E:\Windsurf-Qlib\qlib-frontend\node_modules\@antv\util\esm\color\src\color\torgb.ts' file: Error: ENOENT: no such file or directory, open 'E:\Windsurf-Qlib\qlib-frontend\node_modules\@antv\util\esm\color\src\color\torgb.ts'

Failed to parse source map from 'E:\Windsurf-Qlib\qlib-frontend\node_modules\@antv\util\esm\dom\src\dom\create-dom.ts' file: Error: ENOENT: no such file or directory, open 'E:\Windsurf-Qlib\qlib-frontend\node_modules\@antv\util\esm\dom\src\dom\create-dom.ts'

Failed to parse source map from 'E:\Windsurf-Qlib\qlib-frontend\node_modules\@antv\util\esm\dom\src\dom\index.ts' file: Error: ENOENT: no such file or directory, open 'E:\Windsurf-Qlib\qlib-frontend\node_modules\@antv\util\esm\dom\src\dom\index.ts'

Failed to parse source map from 'E:\Windsurf-Qlib\qlib-frontend\node_modules\@antv\util\esm\dom\src\dom\modify-css.ts' file: Error: ENOENT: no such file or directory, open 'E:\Windsurf-Qlib\qlib-frontend\node_modules\@antv\util\esm\dom\src\dom\modify-css.ts'

Failed to parse source map from 'E:\Windsurf-Qlib\qlib-frontend\node_modules\@antv\util\esm\src\index.ts' file: Error: ENOENT: no such file or directory, open 'E:\Windsurf-Qlib\qlib-frontend\node_modules\@antv\util\esm\src\index.ts'

Failed to parse source map from 'E:\Windsurf-Qlib\qlib-frontend\node_modules\@antv\util\esm\lodash\src\lodash\augment.ts' file: Error: ENOENT: no such file or directory, open 'E:\Windsurf-Qlib\qlib-frontend\node_modules\@antv\util\esm\lodash\src\lodash\augment.ts'

Failed to parse source map from 'E:\Windsurf-Qlib\qlib-frontend\node_modules\@antv\util\esm\lodash\src\lodash\cache.ts' file: Error: ENOENT: no such file or directory, open 'E:\Windsurf-Qlib\qlib-frontend\node_modules\@antv\util\esm\lodash\src\lodash\cache.ts'

Failed to parse source map from 'E:\Windsurf-Qlib\qlib-frontend\node_modules\@antv\util\esm\lodash\src\lodash\clamp.ts' file: Error: ENOENT: no such file or directory, open 'E:\Windsurf-Qlib\qlib-frontend\node_modules\@antv\util\esm\lodash\src\lodash\clamp.ts'

Failed to parse source map from 'E:\Windsurf-Qlib\qlib-frontend\node_modules\@antv\util\esm\lodash\src\lodash\clear-animation-frame.ts' file: Error: ENOENT: no such file or directory, open 'E:\Windsurf-Qlib\qlib-frontend\node_modules\@antv\util\esm\lodash\src\lodash\clear-animation-frame.ts'

Failed to parse source map from 'E:\Windsurf-Qlib\qlib-frontend\node_modules\@antv\util\esm\lodash\src\lodash\clone.ts' file: Error: ENOENT: no such file or directory, open 'E:\Windsurf-Qlib\qlib-frontend\node_modules\@antv\util\esm\lodash\src\lodash\clone.ts'

Failed to parse source map from 'E:\Windsurf-Qlib\qlib-frontend\node_modules\@antv\util\esm\lodash\src\lodash\contains.ts' file: Error: ENOENT: no such file or directory, open 'E:\Windsurf-Qlib\qlib-frontend\node_modules\@antv\util\esm\lodash\src\lodash\contains.ts'

Failed to parse source map from 'E:\Windsurf-Qlib\qlib-frontend\node_modules\@antv\util\esm\lodash\src\lodash\debounce.ts' file: Error: ENOENT: no such file or directory, open 'E:\Windsurf-Qlib\qlib-frontend\node_modules\@antv\util\esm\lodash\src\lodash\debounce.ts'

Failed to parse source map from 'E:\Windsurf-Qlib\qlib-frontend\node_modules\@antv\util\esm\lodash\src\lodash\deep-mix.ts' file: Error: ENOENT: no such file or directory, open 'E:\Windsurf-Qlib\qlib-frontend\node_modules\@antv\util\esm\lodash\src\lodash\deep-mix.ts'

Failed to parse source map from 'E:\Windsurf-Qlib\qlib-frontend\node_modules\@antv\util\esm\lodash\src\lodash\difference.ts' file: Error: ENOENT: no such file or directory, open 'E:\Windsurf-Qlib\qlib-frontend\node_modules\@antv\util\esm\lodash\src\lodash\difference.ts'

Failed to parse source map from 'E:\Windsurf-Qlib\qlib-frontend\node_modules\@antv\util\esm\lodash\src\lodash\each.ts' file: Error: ENOENT: no such file or directory, open 'E:\Windsurf-Qlib\qlib-frontend\node_modules\@antv\util\esm\lodash\src\lodash\each.ts'

Failed to parse source map from 'E:\Windsurf-Qlib\qlib-frontend\node_modules\@antv\util\esm\lodash\src\lodash\ends-with.ts' file: Error: ENOENT: no such file or directory, open 'E:\Windsurf-Qlib\qlib-frontend\node_modules\@antv\util\esm\lodash\src\lodash\ends-with.ts'

Failed to parse source map from 'E:\Windsurf-Qlib\qlib-frontend\node_modules\@antv\util\esm\lodash\src\lodash\every.ts' file: Error: ENOENT: no such file or directory, open 'E:\Windsurf-Qlib\qlib-frontend\node_modules\@antv\util\esm\lodash\src\lodash\every.ts'

Failed to parse source map from 'E:\Windsurf-Qlib\qlib-frontend\node_modules\@antv\util\esm\lodash\src\lodash\extend.ts' file: Error: ENOENT: no such file or directory, open 'E:\Windsurf-Qlib\qlib-frontend\node_modules\@antv\util\esm\lodash\src\lodash\extend.ts'

Failed to parse source map from 'E:\Windsurf-Qlib\qlib-frontend\node_modules\@antv\util\esm\lodash\src\lodash\filter.ts' file: Error: ENOENT: no such file or directory, open 'E:\Windsurf-Qlib\qlib-frontend\node_modules\@antv\util\esm\lodash\src\lodash\filter.ts'

Failed to parse source map from 'E:\Windsurf-Qlib\qlib-frontend\node_modules\@antv\util\esm\lodash\src\lodash\find-index.ts' file: Error: ENOENT: no such file or directory, open 'E:\Windsurf-Qlib\qlib-frontend\node_modules\@antv\util\esm\lodash\src\lodash\find-index.ts'

Failed to parse source map from 'E:\Windsurf-Qlib\qlib-frontend\node_modules\@antv\util\esm\lodash\src\lodash\find.ts' file: Error: ENOENT: no such file or directory, open 'E:\Windsurf-Qlib\qlib-frontend\node_modules\@antv\util\esm\lodash\src\lodash\find.ts'

Failed to parse source map from 'E:\Windsurf-Qlib\qlib-frontend\node_modules\@antv\util\esm\lodash\src\lodash\first-value.ts' file: Error: ENOENT: no such file or directory, open 'E:\Windsurf-Qlib\qlib-frontend\node_modules\@antv\util\esm\lodash\src\lodash\first-value.ts'

Failed to parse source map from 'E:\Windsurf-Qlib\qlib-frontend\node_modules\@antv\util\esm\lodash\src\lodash\fixed-base.ts' file: Error: ENOENT: no such file or directory, open 'E:\Windsurf-Qlib\qlib-frontend\node_modules\@antv\util\esm\lodash\src\lodash\fixed-base.ts'

Failed to parse source map from 'E:\Windsurf-Qlib\qlib-frontend\node_modules\@antv\util\esm\lodash\src\lodash\flatten-deep.ts' file: Error: ENOENT: no such file or directory, open 'E:\Windsurf-Qlib\qlib-frontend\node_modules\@antv\util\esm\lodash\src\lodash\flatten-deep.ts'

Failed to parse source map from 'E:\Windsurf-Qlib\qlib-frontend\node_modules\@antv\util\esm\lodash\src\lodash\flatten.ts' file: Error: ENOENT: no such file or directory, open 'E:\Windsurf-Qlib\qlib-frontend\node_modules\@antv\util\esm\lodash\src\lodash\flatten.ts'

Failed to parse source map from 'E:\Windsurf-Qlib\qlib-frontend\node_modules\@antv\util\esm\lodash\src\lodash\for-in.ts' file: Error: ENOENT: no such file or directory, open 'E:\Windsurf-Qlib\qlib-frontend\node_modules\@antv\util\esm\lodash\src\lodash\for-in.ts'

Failed to parse source map from 'E:\Windsurf-Qlib\qlib-frontend\node_modules\@antv\util\esm\lodash\src\lodash\get-range.ts' file: Error: ENOENT: no such file or directory, open 'E:\Windsurf-Qlib\qlib-frontend\node_modules\@antv\util\esm\lodash\src\lodash\get-range.ts'

Failed to parse source map from 'E:\Windsurf-Qlib\qlib-frontend\node_modules\@antv\util\esm\lodash\src\lodash\get-type.ts' file: Error: ENOENT: no such file or directory, open 'E:\Windsurf-Qlib\qlib-frontend\node_modules\@antv\util\esm\lodash\src\lodash\get-type.ts'

Failed to parse source map from 'E:\Windsurf-Qlib\qlib-frontend\node_modules\@antv\util\esm\lodash\src\lodash\get-wrap-behavior.ts' file: Error: ENOENT: no such file or directory, open 'E:\Windsurf-Qlib\qlib-frontend\node_modules\@antv\util\esm\lodash\src\lodash\get-wrap-behavior.ts'

Failed to parse source map from 'E:\Windsurf-Qlib\qlib-frontend\node_modules\@antv\util\esm\lodash\src\lodash\get.ts' file: Error: ENOENT: no such file or directory, open 'E:\Windsurf-Qlib\qlib-frontend\node_modules\@antv\util\esm\lodash\src\lodash\get.ts'

Failed to parse source map from 'E:\Windsurf-Qlib\qlib-frontend\node_modules\@antv\util\esm\lodash\src\lodash\group-by.ts' file: Error: ENOENT: no such file or directory, open 'E:\Windsurf-Qlib\qlib-frontend\node_modules\@antv\util\esm\lodash\src\lodash\group-by.ts'

Failed to parse source map from 'E:\Windsurf-Qlib\qlib-frontend\node_modules\@antv\util\esm\lodash\src\lodash\group-to-map.ts' file: Error: ENOENT: no such file or directory, open 'E:\Windsurf-Qlib\qlib-frontend\node_modules\@antv\util\esm\lodash\src\lodash\group-to-map.ts'

Failed to parse source map from 'E:\Windsurf-Qlib\qlib-frontend\node_modules\@antv\util\esm\lodash\src\lodash\group.ts' file: Error: ENOENT: no such file or directory, open 'E:\Windsurf-Qlib\qlib-frontend\node_modules\@antv\util\esm\lodash\src\lodash\group.ts'

Failed to parse source map from 'E:\Windsurf-Qlib\qlib-frontend\node_modules\@antv\util\esm\lodash\src\lodash\has-key.ts' file: Error: ENOENT: no such file or directory, open 'E:\Windsurf-Qlib\qlib-frontend\node_modules\@antv\util\esm\lodash\src\lodash\has-key.ts'

Failed to parse source map from 'E:\Windsurf-Qlib\qlib-frontend\node_modules\@antv\util\esm\lodash\src\lodash\has-value.ts' file: Error: ENOENT: no such file or directory, open 'E:\Windsurf-Qlib\qlib-frontend\node_modules\@antv\util\esm\lodash\src\lodash\has-value.ts'

Failed to parse source map from 'E:\Windsurf-Qlib\qlib-frontend\node_modules\@antv\util\esm\lodash\src\lodash\has.ts' file: Error: ENOENT: no such file or directory, open 'E:\Windsurf-Qlib\qlib-frontend\node_modules\@antv\util\esm\lodash\src\lodash\has.ts'

Failed to parse source map from 'E:\Windsurf-Qlib\qlib-frontend\node_modules\@antv\util\esm\lodash\src\lodash\head.ts' file: Error: ENOENT: no such file or directory, open 'E:\Windsurf-Qlib\qlib-frontend\node_modules\@antv\util\esm\lodash\src\lodash\head.ts'

Failed to parse source map from 'E:\Windsurf-Qlib\qlib-frontend\node_modules\@antv\util\esm\lodash\src\lodash\identity.ts' file: Error: ENOENT: no such file or directory, open 'E:\Windsurf-Qlib\qlib-frontend\node_modules\@antv\util\esm\lodash\src\lodash\identity.ts'

Failed to parse source map from 'E:\Windsurf-Qlib\qlib-frontend\node_modules\@antv\util\esm\lodash\src\lodash\index-of.ts' file: Error: ENOENT: no such file or directory, open 'E:\Windsurf-Qlib\qlib-frontend\node_modules\@antv\util\esm\lodash\src\lodash\index-of.ts'

Failed to parse source map from 'E:\Windsurf-Qlib\qlib-frontend\node_modules\@antv\util\esm\lodash\src\lodash\index.ts' file: Error: ENOENT: no such file or directory, open 'E:\Windsurf-Qlib\qlib-frontend\node_modules\@antv\util\esm\lodash\src\lodash\index.ts'

Failed to parse source map from 'E:\Windsurf-Qlib\qlib-frontend\node_modules\@antv\util\esm\lodash\src\lodash\is-arguments.ts' file: Error: ENOENT: no such file or directory, open 'E:\Windsurf-Qlib\qlib-frontend\node_modules\@antv\util\esm\lodash\src\lodash\is-arguments.ts'

Failed to parse source map from 'E:\Windsurf-Qlib\qlib-frontend\node_modules\@antv\util\esm\lodash\src\lodash\is-array-like.ts' file: Error: ENOENT: no such file or directory, open 'E:\Windsurf-Qlib\qlib-frontend\node_modules\@antv\util\esm\lodash\src\lodash\is-array-like.ts'

Failed to parse source map from 'E:\Windsurf-Qlib\qlib-frontend\node_modules\@antv\util\esm\lodash\src\lodash\is-array.ts' file: Error: ENOENT: no such file or directory, open 'E:\Windsurf-Qlib\qlib-frontend\node_modules\@antv\util\esm\lodash\src\lodash\is-array.ts'

Failed to parse source map from 'E:\Windsurf-Qlib\qlib-frontend\node_modules\@antv\util\esm\lodash\src\lodash\is-boolean.ts' file: Error: ENOENT: no such file or directory, open 'E:\Windsurf-Qlib\qlib-frontend\node_modules\@antv\util\esm\lodash\src\lodash\is-boolean.ts'

Failed to parse source map from 'E:\Windsurf-Qlib\qlib-frontend\node_modules\@antv\util\esm\lodash\src\lodash\is-date.ts' file: Error: ENOENT: no such file or directory, open 'E:\Windsurf-Qlib\qlib-frontend\node_modules\@antv\util\esm\lodash\src\lodash\is-date.ts'

Failed to parse source map from 'E:\Windsurf-Qlib\qlib-frontend\node_modules\@antv\util\esm\lodash\src\lodash\is-decimal.ts' file: Error: ENOENT: no such file or directory, open 'E:\Windsurf-Qlib\qlib-frontend\node_modules\@antv\util\esm\lodash\src\lodash\is-decimal.ts'

Failed to parse source map from 'E:\Windsurf-Qlib\qlib-frontend\node_modules\@antv\util\esm\lodash\src\lodash\is-element.ts' file: Error: ENOENT: no such file or directory, open 'E:\Windsurf-Qlib\qlib-frontend\node_modules\@antv\util\esm\lodash\src\lodash\is-element.ts'

Failed to parse source map from 'E:\Windsurf-Qlib\qlib-frontend\node_modules\@antv\util\esm\lodash\src\lodash\is-empty.ts' file: Error: ENOENT: no such file or directory, open 'E:\Windsurf-Qlib\qlib-frontend\node_modules\@antv\util\esm\lodash\src\lodash\is-empty.ts'

Failed to parse source map from 'E:\Windsurf-Qlib\qlib-frontend\node_modules\@antv\util\esm\lodash\src\lodash\is-equal-with.ts' file: Error: ENOENT: no such file or directory, open 'E:\Windsurf-Qlib\qlib-frontend\node_modules\@antv\util\esm\lodash\src\lodash\is-equal-with.ts'

Failed to parse source map from 'E:\Windsurf-Qlib\qlib-frontend\node_modules\@antv\util\esm\lodash\src\lodash\is-equal.ts' file: Error: ENOENT: no such file or directory, open 'E:\Windsurf-Qlib\qlib-frontend\node_modules\@antv\util\esm\lodash\src\lodash\is-equal.ts'

Failed to parse source map from 'E:\Windsurf-Qlib\qlib-frontend\node_modules\@antv\util\esm\lodash\src\lodash\is-error.ts' file: Error: ENOENT: no such file or directory, open 'E:\Windsurf-Qlib\qlib-frontend\node_modules\@antv\util\esm\lodash\src\lodash\is-error.ts'

Failed to parse source map from 'E:\Windsurf-Qlib\qlib-frontend\node_modules\@antv\util\esm\lodash\src\lodash\is-even.ts' file: Error: ENOENT: no such file or directory, open 'E:\Windsurf-Qlib\qlib-frontend\node_modules\@antv\util\esm\lodash\src\lodash\is-even.ts'

Failed to parse source map from 'E:\Windsurf-Qlib\qlib-frontend\node_modules\@antv\util\esm\lodash\src\lodash\is-finite.ts' file: Error: ENOENT: no such file or directory, open 'E:\Windsurf-Qlib\qlib-frontend\node_modules\@antv\util\esm\lodash\src\lodash\is-finite.ts'

Failed to parse source map from 'E:\Windsurf-Qlib\qlib-frontend\node_modules\@antv\util\esm\lodash\src\lodash\is-function.ts' file: Error: ENOENT: no such file or directory, open 'E:\Windsurf-Qlib\qlib-frontend\node_modules\@antv\util\esm\lodash\src\lodash\is-function.ts'

Failed to parse source map from 'E:\Windsurf-Qlib\qlib-frontend\node_modules\@antv\util\esm\lodash\src\lodash\is-integer.ts' file: Error: ENOENT: no such file or directory, open 'E:\Windsurf-Qlib\qlib-frontend\node_modules\@antv\util\esm\lodash\src\lodash\is-integer.ts'

Failed to parse source map from 'E:\Windsurf-Qlib\qlib-frontend\node_modules\@antv\util\esm\lodash\src\lodash\is-match.ts' file: Error: ENOENT: no such file or directory, open 'E:\Windsurf-Qlib\qlib-frontend\node_modules\@antv\util\esm\lodash\src\lodash\is-match.ts'

Failed to parse source map from 'E:\Windsurf-Qlib\qlib-frontend\node_modules\@antv\util\esm\lodash\src\lodash\is-negative.ts' file: Error: ENOENT: no such file or directory, open 'E:\Windsurf-Qlib\qlib-frontend\node_modules\@antv\util\esm\lodash\src\lodash\is-negative.ts'

Failed to parse source map from 'E:\Windsurf-Qlib\qlib-frontend\node_modules\@antv\util\esm\lodash\src\lodash\is-nil.ts' file: Error: ENOENT: no such file or directory, open 'E:\Windsurf-Qlib\qlib-frontend\node_modules\@antv\util\esm\lodash\src\lodash\is-nil.ts'

Failed to parse source map from 'E:\Windsurf-Qlib\qlib-frontend\node_modules\@antv\util\esm\lodash\src\lodash\is-null.ts' file: Error: ENOENT: no such file or directory, open 'E:\Windsurf-Qlib\qlib-frontend\node_modules\@antv\util\esm\lodash\src\lodash\is-null.ts'

Failed to parse source map from 'E:\Windsurf-Qlib\qlib-frontend\node_modules\@antv\util\esm\lodash\src\lodash\is-number-equal.ts' file: Error: ENOENT: no such file or directory, open 'E:\Windsurf-Qlib\qlib-frontend\node_modules\@antv\util\esm\lodash\src\lodash\is-number-equal.ts'

Failed to parse source map from 'E:\Windsurf-Qlib\qlib-frontend\node_modules\@antv\util\esm\lodash\src\lodash\is-number.ts' file: Error: ENOENT: no such file or directory, open 'E:\Windsurf-Qlib\qlib-frontend\node_modules\@antv\util\esm\lodash\src\lodash\is-number.ts'

Failed to parse source map from 'E:\Windsurf-Qlib\qlib-frontend\node_modules\@antv\util\esm\lodash\src\lodash\is-object-like.ts' file: Error: ENOENT: no such file or directory, open 'E:\Windsurf-Qlib\qlib-frontend\node_modules\@antv\util\esm\lodash\src\lodash\is-object-like.ts'

Failed to parse source map from 'E:\Windsurf-Qlib\qlib-frontend\node_modules\@antv\util\esm\lodash\src\lodash\is-object.ts' file: Error: ENOENT: no such file or directory, open 'E:\Windsurf-Qlib\qlib-frontend\node_modules\@antv\util\esm\lodash\src\lodash\is-object.ts'

Failed to parse source map from 'E:\Windsurf-Qlib\qlib-frontend\node_modules\@antv\util\esm\lodash\src\lodash\is-odd.ts' file: Error: ENOENT: no such file or directory, open 'E:\Windsurf-Qlib\qlib-frontend\node_modules\@antv\util\esm\lodash\src\lodash\is-odd.ts'

Failed to parse source map from 'E:\Windsurf-Qlib\qlib-frontend\node_modules\@antv\util\esm\lodash\src\lodash\is-plain-object.ts' file: Error: ENOENT: no such file or directory, open 'E:\Windsurf-Qlib\qlib-frontend\node_modules\@antv\util\esm\lodash\src\lodash\is-plain-object.ts'

Failed to parse source map from 'E:\Windsurf-Qlib\qlib-frontend\node_modules\@antv\util\esm\lodash\src\lodash\is-positive.ts' file: Error: ENOENT: no such file or directory, open 'E:\Windsurf-Qlib\qlib-frontend\node_modules\@antv\util\esm\lodash\src\lodash\is-positive.ts'

Failed to parse source map from 'E:\Windsurf-Qlib\qlib-frontend\node_modules\@antv\util\esm\lodash\src\lodash\is-prototype.ts' file: Error: ENOENT: no such file or directory, open 'E:\Windsurf-Qlib\qlib-frontend\node_modules\@antv\util\esm\lodash\src\lodash\is-prototype.ts'

Failed to parse source map from 'E:\Windsurf-Qlib\qlib-frontend\node_modules\@antv\util\esm\lodash\src\lodash\is-reg-exp.ts' file: Error: ENOENT: no such file or directory, open 'E:\Windsurf-Qlib\qlib-frontend\node_modules\@antv\util\esm\lodash\src\lodash\is-reg-exp.ts'

Failed to parse source map from 'E:\Windsurf-Qlib\qlib-frontend\node_modules\@antv\util\esm\lodash\src\lodash\is-string.ts' file: Error: ENOENT: no such file or directory, open 'E:\Windsurf-Qlib\qlib-frontend\node_modules\@antv\util\esm\lodash\src\lodash\is-string.ts'

Failed to parse source map from 'E:\Windsurf-Qlib\qlib-frontend\node_modules\@antv\util\esm\lodash\src\lodash\is-type.ts' file: Error: ENOENT: no such file or directory, open 'E:\Windsurf-Qlib\qlib-frontend\node_modules\@antv\util\esm\lodash\src\lodash\is-type.ts'

Failed to parse source map from 'E:\Windsurf-Qlib\qlib-frontend\node_modules\@antv\util\esm\lodash\src\lodash\is-undefined.ts' file: Error: ENOENT: no such file or directory, open 'E:\Windsurf-Qlib\qlib-frontend\node_modules\@antv\util\esm\lodash\src\lodash\is-undefined.ts'

Failed to parse source map from 'E:\Windsurf-Qlib\qlib-frontend\node_modules\@antv\util\esm\lodash\src\lodash\keys.ts' file: Error: ENOENT: no such file or directory, open 'E:\Windsurf-Qlib\qlib-frontend\node_modules\@antv\util\esm\lodash\src\lodash\keys.ts'

Failed to parse source map from 'E:\Windsurf-Qlib\qlib-frontend\node_modules\@antv\util\esm\lodash\src\lodash\last.ts' file: Error: ENOENT: no such file or directory, open 'E:\Windsurf-Qlib\qlib-frontend\node_modules\@antv\util\esm\lodash\src\lodash\last.ts'

Failed to parse source map from 'E:\Windsurf-Qlib\qlib-frontend\node_modules\@antv\util\esm\lodash\src\lodash\lower-case.ts' file: Error: ENOENT: no such file or directory, open 'E:\Windsurf-Qlib\qlib-frontend\node_modules\@antv\util\esm\lodash\src\lodash\lower-case.ts'

Failed to parse source map from 'E:\Windsurf-Qlib\qlib-frontend\node_modules\@antv\util\esm\lodash\src\lodash\lower-first.ts' file: Error: ENOENT: no such file or directory, open 'E:\Windsurf-Qlib\qlib-frontend\node_modules\@antv\util\esm\lodash\src\lodash\lower-first.ts'

Failed to parse source map from 'E:\Windsurf-Qlib\qlib-frontend\node_modules\@antv\util\esm\lodash\src\lodash\map-values.ts' file: Error: ENOENT: no such file or directory, open 'E:\Windsurf-Qlib\qlib-frontend\node_modules\@antv\util\esm\lodash\src\lodash\map-values.ts'

Failed to parse source map from 'E:\Windsurf-Qlib\qlib-frontend\node_modules\@antv\util\esm\lodash\src\lodash\map.ts' file: Error: ENOENT: no such file or directory, open 'E:\Windsurf-Qlib\qlib-frontend\node_modules\@antv\util\esm\lodash\src\lodash\map.ts'

Failed to parse source map from 'E:\Windsurf-Qlib\qlib-frontend\node_modules\@antv\util\esm\lodash\src\lodash\max-by.ts' file: Error: ENOENT: no such file or directory, open 'E:\Windsurf-Qlib\qlib-frontend\node_modules\@antv\util\esm\lodash\src\lodash\max-by.ts'

Failed to parse source map from 'E:\Windsurf-Qlib\qlib-frontend\node_modules\@antv\util\esm\lodash\src\lodash\max.ts' file: Error: ENOENT: no such file or directory, open 'E:\Windsurf-Qlib\qlib-frontend\node_modules\@antv\util\esm\lodash\src\lodash\max.ts'

Failed to parse source map from 'E:\Windsurf-Qlib\qlib-frontend\node_modules\@antv\util\esm\lodash\src\lodash\memoize.ts' file: Error: ENOENT: no such file or directory, open 'E:\Windsurf-Qlib\qlib-frontend\node_modules\@antv\util\esm\lodash\src\lodash\memoize.ts'

Failed to parse source map from 'E:\Windsurf-Qlib\qlib-frontend\node_modules\@antv\util\esm\lodash\src\lodash\min-by.ts' file: Error: ENOENT: no such file or directory, open 'E:\Windsurf-Qlib\qlib-frontend\node_modules\@antv\util\esm\lodash\src\lodash\min-by.ts'

Failed to parse source map from 'E:\Windsurf-Qlib\qlib-frontend\node_modules\@antv\util\esm\lodash\src\lodash\min.ts' file: Error: ENOENT: no such file or directory, open 'E:\Windsurf-Qlib\qlib-frontend\node_modules\@antv\util\esm\lodash\src\lodash\min.ts'

Failed to parse source map from 'E:\Windsurf-Qlib\qlib-frontend\node_modules\@antv\util\esm\lodash\src\lodash\mix.ts' file: Error: ENOENT: no such file or directory, open 'E:\Windsurf-Qlib\qlib-frontend\node_modules\@antv\util\esm\lodash\src\lodash\mix.ts'

Failed to parse source map from 'E:\Windsurf-Qlib\qlib-frontend\node_modules\@antv\util\esm\lodash\src\lodash\mod.ts' file: Error: ENOENT: no such file or directory, open 'E:\Windsurf-Qlib\qlib-frontend\node_modules\@antv\util\esm\lodash\src\lodash\mod.ts'

Failed to parse source map from 'E:\Windsurf-Qlib\qlib-frontend\node_modules\@antv\util\esm\lodash\src\lodash\noop.ts' file: Error: ENOENT: no such file or directory, open 'E:\Windsurf-Qlib\qlib-frontend\node_modules\@antv\util\esm\lodash\src\lodash\noop.ts'

Failed to parse source map from 'E:\Windsurf-Qlib\qlib-frontend\node_modules\@antv\util\esm\lodash\src\lodash\number2color.ts' file: Error: ENOENT: no such file or directory, open 'E:\Windsurf-Qlib\qlib-frontend\node_modules\@antv\util\esm\lodash\src\lodash\number2color.ts'

Failed to parse source map from 'E:\Windsurf-Qlib\qlib-frontend\node_modules\@antv\util\esm\lodash\src\lodash\omit.ts' file: Error: ENOENT: no such file or directory, open 'E:\Windsurf-Qlib\qlib-frontend\node_modules\@antv\util\esm\lodash\src\lodash\omit.ts'

Failed to parse source map from 'E:\Windsurf-Qlib\qlib-frontend\node_modules\@antv\util\esm\lodash\src\lodash\parse-radius.ts' file: Error: ENOENT: no such file or directory, open 'E:\Windsurf-Qlib\qlib-frontend\node_modules\@antv\util\esm\lodash\src\lodash\parse-radius.ts'

Failed to parse source map from 'E:\Windsurf-Qlib\qlib-frontend\node_modules\@antv\util\esm\lodash\src\lodash\pick.ts' file: Error: ENOENT: no such file or directory, open 'E:\Windsurf-Qlib\qlib-frontend\node_modules\@antv\util\esm\lodash\src\lodash\pick.ts'

Failed to parse source map from 'E:\Windsurf-Qlib\qlib-frontend\node_modules\@antv\util\esm\lodash\src\lodash\pull-at.ts' file: Error: ENOENT: no such file or directory, open 'E:\Windsurf-Qlib\qlib-frontend\node_modules\@antv\util\esm\lodash\src\lodash\pull-at.ts'

Failed to parse source map from 'E:\Windsurf-Qlib\qlib-frontend\node_modules\@antv\util\esm\lodash\src\lodash\pull.ts' file: Error: ENOENT: no such file or directory, open 'E:\Windsurf-Qlib\qlib-frontend\node_modules\@antv\util\esm\lodash\src\lodash\pull.ts'

Failed to parse source map from 'E:\Windsurf-Qlib\qlib-frontend\node_modules\@antv\util\esm\lodash\src\lodash\reduce.ts' file: Error: ENOENT: no such file or directory, open 'E:\Windsurf-Qlib\qlib-frontend\node_modules\@antv\util\esm\lodash\src\lodash\reduce.ts'

Failed to parse source map from 'E:\Windsurf-Qlib\qlib-frontend\node_modules\@antv\util\esm\lodash\src\lodash\remove.ts' file: Error: ENOENT: no such file or directory, open 'E:\Windsurf-Qlib\qlib-frontend\node_modules\@antv\util\esm\lodash\src\lodash\remove.ts'

Failed to parse source map from 'E:\Windsurf-Qlib\qlib-frontend\node_modules\@antv\util\esm\lodash\src\lodash\request-animation-frame.ts' file: Error: ENOENT: no such file or directory, open 'E:\Windsurf-Qlib\qlib-frontend\node_modules\@antv\util\esm\lodash\src\lodash\request-animation-frame.ts'

Failed to parse source map from 'E:\Windsurf-Qlib\qlib-frontend\node_modules\@antv\util\esm\lodash\src\lodash\set.ts' file: Error: ENOENT: no such file or directory, open 'E:\Windsurf-Qlib\qlib-frontend\node_modules\@antv\util\esm\lodash\src\lodash\set.ts'

Failed to parse source map from 'E:\Windsurf-Qlib\qlib-frontend\node_modules\@antv\util\esm\lodash\src\lodash\size.ts' file: Error: ENOENT: no such file or directory, open 'E:\Windsurf-Qlib\qlib-frontend\node_modules\@antv\util\esm\lodash\src\lodash\size.ts'

Failed to parse source map from 'E:\Windsurf-Qlib\qlib-frontend\node_modules\@antv\util\esm\lodash\src\lodash\some.ts' file: Error: ENOENT: no such file or directory, open 'E:\Windsurf-Qlib\qlib-frontend\node_modules\@antv\util\esm\lodash\src\lodash\some.ts'

Failed to parse source map from 'E:\Windsurf-Qlib\qlib-frontend\node_modules\@antv\util\esm\lodash\src\lodash\sort-by.ts' file: Error: ENOENT: no such file or directory, open 'E:\Windsurf-Qlib\qlib-frontend\node_modules\@antv\util\esm\lodash\src\lodash\sort-by.ts'

Failed to parse source map from 'E:\Windsurf-Qlib\qlib-frontend\node_modules\@antv\util\esm\lodash\src\lodash\starts-with.ts' file: Error: ENOENT: no such file or directory, open 'E:\Windsurf-Qlib\qlib-frontend\node_modules\@antv\util\esm\lodash\src\lodash\starts-with.ts'

Failed to parse source map from 'E:\Windsurf-Qlib\qlib-frontend\node_modules\@antv\util\esm\lodash\src\lodash\substitute.ts' file: Error: ENOENT: no such file or directory, open 'E:\Windsurf-Qlib\qlib-frontend\node_modules\@antv\util\esm\lodash\src\lodash\substitute.ts'

Failed to parse source map from 'E:\Windsurf-Qlib\qlib-frontend\node_modules\@antv\util\esm\lodash\src\lodash\throttle.ts' file: Error: ENOENT: no such file or directory, open 'E:\Windsurf-Qlib\qlib-frontend\node_modules\@antv\util\esm\lodash\src\lodash\throttle.ts'

Failed to parse source map from 'E:\Windsurf-Qlib\qlib-frontend\node_modules\@antv\util\esm\lodash\src\lodash\to-array.ts' file: Error: ENOENT: no such file or directory, open 'E:\Windsurf-Qlib\qlib-frontend\node_modules\@antv\util\esm\lodash\src\lodash\to-array.ts'

Failed to parse source map from 'E:\Windsurf-Qlib\qlib-frontend\node_modules\@antv\util\esm\lodash\src\lodash\to-degree.ts' file: Error: ENOENT: no such file or directory, open 'E:\Windsurf-Qlib\qlib-frontend\node_modules\@antv\util\esm\lodash\src\lodash\to-degree.ts'

Failed to parse source map from 'E:\Windsurf-Qlib\qlib-frontend\node_modules\@antv\util\esm\lodash\src\lodash\to-integer.ts' file: Error: ENOENT: no such file or directory, open 'E:\Windsurf-Qlib\qlib-frontend\node_modules\@antv\util\esm\lodash\src\lodash\to-integer.ts'

Failed to parse source map from 'E:\Windsurf-Qlib\qlib-frontend\node_modules\@antv\util\esm\lodash\src\lodash\to-radian.ts' file: Error: ENOENT: no such file or directory, open 'E:\Windsurf-Qlib\qlib-frontend\node_modules\@antv\util\esm\lodash\src\lodash\to-radian.ts'

Failed to parse source map from 'E:\Windsurf-Qlib\qlib-frontend\node_modules\@antv\util\esm\lodash\src\lodash\to-string.ts' file: Error: ENOENT: no such file or directory, open 'E:\Windsurf-Qlib\qlib-frontend\node_modules\@antv\util\esm\lodash\src\lodash\to-string.ts'

Failed to parse source map from 'E:\Windsurf-Qlib\qlib-frontend\node_modules\@antv\util\esm\lodash\src\lodash\union.ts' file: Error: ENOENT: no such file or directory, open 'E:\Windsurf-Qlib\qlib-frontend\node_modules\@antv\util\esm\lodash\src\lodash\union.ts'

Failed to parse source map from 'E:\Windsurf-Qlib\qlib-frontend\node_modules\@antv\util\esm\lodash\src\lodash\uniq.ts' file: Error: ENOENT: no such file or directory, open 'E:\Windsurf-Qlib\qlib-frontend\node_modules\@antv\util\esm\lodash\src\lodash\uniq.ts'

Failed to parse source map from 'E:\Windsurf-Qlib\qlib-frontend\node_modules\@antv\util\esm\lodash\src\lodash\unique-id.ts' file: Error: ENOENT: no such file or directory, open 'E:\Windsurf-Qlib\qlib-frontend\node_modules\@antv\util\esm\lodash\src\lodash\unique-id.ts'

Failed to parse source map from 'E:\Windsurf-Qlib\qlib-frontend\node_modules\@antv\util\esm\lodash\src\lodash\upper-case.ts' file: Error: ENOENT: no such file or directory, open 'E:\Windsurf-Qlib\qlib-frontend\node_modules\@antv\util\esm\lodash\src\lodash\upper-case.ts'

Failed to parse source map from 'E:\Windsurf-Qlib\qlib-frontend\node_modules\@antv\util\esm\lodash\src\lodash\upper-first.ts' file: Error: ENOENT: no such file or directory, open 'E:\Windsurf-Qlib\qlib-frontend\node_modules\@antv\util\esm\lodash\src\lodash\upper-first.ts'

Failed to parse source map from 'E:\Windsurf-Qlib\qlib-frontend\node_modules\@antv\util\esm\lodash\src\lodash\values-of-key.ts' file: Error: ENOENT: no such file or directory, open 'E:\Windsurf-Qlib\qlib-frontend\node_modules\@antv\util\esm\lodash\src\lodash\values-of-key.ts'

Failed to parse source map from 'E:\Windsurf-Qlib\qlib-frontend\node_modules\@antv\util\esm\lodash\src\lodash\values.ts' file: Error: ENOENT: no such file or directory, open 'E:\Windsurf-Qlib\qlib-frontend\node_modules\@antv\util\esm\lodash\src\lodash\values.ts'

Failed to parse source map from 'E:\Windsurf-Qlib\qlib-frontend\node_modules\@antv\util\esm\lodash\src\lodash\wrap-behavior.ts' file: Error: ENOENT: no such file or directory, open 'E:\Windsurf-Qlib\qlib-frontend\node_modules\@antv\util\esm\lodash\src\lodash\wrap-behavior.ts'

Failed to parse source map from 'E:\Windsurf-Qlib\qlib-frontend\node_modules\@antv\util\esm\math\src\math\index.ts' file: Error: ENOENT: no such file or directory, open 'E:\Windsurf-Qlib\qlib-frontend\node_modules\@antv\util\esm\math\src\math\index.ts'

Failed to parse source map from 'E:\Windsurf-Qlib\qlib-frontend\node_modules\@antv\util\esm\math\src\math\is-point-in-polygon.ts' file: Error: ENOENT: no such file or directory, open 'E:\Windsurf-Qlib\qlib-frontend\node_modules\@antv\util\esm\math\src\math\is-point-in-polygon.ts'

Failed to parse source map from 'E:\Windsurf-Qlib\qlib-frontend\node_modules\@antv\util\esm\math\src\math\is-polygons-intersect.ts' file: Error: ENOENT: no such file or directory, open 'E:\Windsurf-Qlib\qlib-frontend\node_modules\@antv\util\esm\math\src\math\is-polygons-intersect.ts'

Failed to parse source map from 'E:\Windsurf-Qlib\qlib-frontend\node_modules\@antv\util\esm\matrix\src\matrix\angle-to.ts' file: Error: ENOENT: no such file or directory, open 'E:\Windsurf-Qlib\qlib-frontend\node_modules\@antv\util\esm\matrix\src\matrix\angle-to.ts'

Failed to parse source map from 'E:\Windsurf-Qlib\qlib-frontend\node_modules\@antv\util\esm\matrix\src\matrix\direction.ts' file: Error: ENOENT: no such file or directory, open 'E:\Windsurf-Qlib\qlib-frontend\node_modules\@antv\util\esm\matrix\src\matrix\direction.ts'

Failed to parse source map from 'E:\Windsurf-Qlib\qlib-frontend\node_modules\@antv\util\esm\matrix\src\matrix\index.ts' file: Error: ENOENT: no such file or directory, open 'E:\Windsurf-Qlib\qlib-frontend\node_modules\@antv\util\esm\matrix\src\matrix\index.ts'

Failed to parse source map from 'E:\Windsurf-Qlib\qlib-frontend\node_modules\@antv\util\esm\matrix\src\matrix\transform.ts' file: Error: ENOENT: no such file or directory, open 'E:\Windsurf-Qlib\qlib-frontend\node_modules\@antv\util\esm\matrix\src\matrix\transform.ts'

Failed to parse source map from 'E:\Windsurf-Qlib\qlib-frontend\node_modules\@antv\util\esm\matrix\src\matrix\vertical.ts' file: Error: ENOENT: no such file or directory, open 'E:\Windsurf-Qlib\qlib-frontend\node_modules\@antv\util\esm\matrix\src\matrix\vertical.ts'

Failed to parse source map from 'E:\Windsurf-Qlib\qlib-frontend\node_modules\@antv\util\esm\path\convert\src\path\convert\path-2-absolute.ts' file: Error: ENOENT: no such file or directory, open 'E:\Windsurf-Qlib\qlib-frontend\node_modules\@antv\util\esm\path\convert\src\path\convert\path-2-absolute.ts'

Failed to parse source map from 'E:\Windsurf-Qlib\qlib-frontend\node_modules\@antv\util\esm\path\convert\src\path\convert\path-2-array.ts' file: Error: ENOENT: no such file or directory, open 'E:\Windsurf-Qlib\qlib-frontend\node_modules\@antv\util\esm\path\convert\src\path\convert\path-2-array.ts'

Failed to parse source map from 'E:\Windsurf-Qlib\qlib-frontend\node_modules\@antv\util\esm\path\convert\src\path\convert\path-2-curve.ts' file: Error: ENOENT: no such file or directory, open 'E:\Windsurf-Qlib\qlib-frontend\node_modules\@antv\util\esm\path\convert\src\path\convert\path-2-curve.ts'

Failed to parse source map from 'E:\Windsurf-Qlib\qlib-frontend\node_modules\@antv\util\esm\path\convert\src\path\convert\path-2-string.ts' file: Error: ENOENT: no such file or directory, open 'E:\Windsurf-Qlib\qlib-frontend\node_modules\@antv\util\esm\path\convert\src\path\convert\path-2-string.ts'

Failed to parse source map from 'E:\Windsurf-Qlib\qlib-frontend\node_modules\@antv\util\esm\path\src\path\index.ts' file: Error: ENOENT: no such file or directory, open 'E:\Windsurf-Qlib\qlib-frontend\node_modules\@antv\util\esm\path\src\path\index.ts'

Failed to parse source map from 'E:\Windsurf-Qlib\qlib-frontend\node_modules\@antv\util\esm\path\parser\src\path\parser\finalize-segment.ts' file: Error: ENOENT: no such file or directory, open 'E:\Windsurf-Qlib\qlib-frontend\node_modules\@antv\util\esm\path\parser\src\path\parser\finalize-segment.ts'

Failed to parse source map from 'E:\Windsurf-Qlib\qlib-frontend\node_modules\@antv\util\esm\path\parser\src\path\parser\is-arc-command.ts' file: Error: ENOENT: no such file or directory, open 'E:\Windsurf-Qlib\qlib-frontend\node_modules\@antv\util\esm\path\parser\src\path\parser\is-arc-command.ts'

Failed to parse source map from 'E:\Windsurf-Qlib\qlib-frontend\node_modules\@antv\util\esm\path\parser\src\path\parser\is-digit-start.ts' file: Error: ENOENT: no such file or directory, open 'E:\Windsurf-Qlib\qlib-frontend\node_modules\@antv\util\esm\path\parser\src\path\parser\is-digit-start.ts'

Failed to parse source map from 'E:\Windsurf-Qlib\qlib-frontend\node_modules\@antv\util\esm\path\parser\src\path\parser\is-path-command.ts' file: Error: ENOENT: no such file or directory, open 'E:\Windsurf-Qlib\qlib-frontend\node_modules\@antv\util\esm\path\parser\src\path\parser\is-path-command.ts'

Failed to parse source map from 'E:\Windsurf-Qlib\qlib-frontend\node_modules\@antv\util\esm\path\parser\src\path\parser\is-space.ts' file: Error: ENOENT: no such file or directory, open 'E:\Windsurf-Qlib\qlib-frontend\node_modules\@antv\util\esm\path\parser\src\path\parser\is-space.ts'

Failed to parse source map from 'E:\Windsurf-Qlib\qlib-frontend\node_modules\@antv\util\esm\path\parser\src\path\parser\params-count.ts' file: Error: ENOENT: no such file or directory, open 'E:\Windsurf-Qlib\qlib-frontend\node_modules\@antv\util\esm\path\parser\src\path\parser\params-count.ts'

Failed to parse source map from 'E:\Windsurf-Qlib\qlib-frontend\node_modules\@antv\util\esm\path\parser\src\path\parser\params-parser.ts' file: Error: ENOENT: no such file or directory, open 'E:\Windsurf-Qlib\qlib-frontend\node_modules\@antv\util\esm\path\parser\src\path\parser\params-parser.ts'

Failed to parse source map from 'E:\Windsurf-Qlib\qlib-frontend\node_modules\@antv\util\esm\path\parser\src\path\parser\parse-path-string.ts' file: Error: ENOENT: no such file or directory, open 'E:\Windsurf-Qlib\qlib-frontend\node_modules\@antv\util\esm\path\parser\src\path\parser\parse-path-string.ts'

Failed to parse source map from 'E:\Windsurf-Qlib\qlib-frontend\node_modules\@antv\util\esm\path\parser\src\path\parser\path-parser.ts' file: Error: ENOENT: no such file or directory, open 'E:\Windsurf-Qlib\qlib-frontend\node_modules\@antv\util\esm\path\parser\src\path\parser\path-parser.ts'

Failed to parse source map from 'E:\Windsurf-Qlib\qlib-frontend\node_modules\@antv\util\esm\path\parser\src\path\parser\scan-flag.ts' file: Error: ENOENT: no such file or directory, open 'E:\Windsurf-Qlib\qlib-frontend\node_modules\@antv\util\esm\path\parser\src\path\parser\scan-flag.ts'

Failed to parse source map from 'E:\Windsurf-Qlib\qlib-frontend\node_modules\@antv\util\esm\path\parser\src\path\parser\scan-param.ts' file: Error: ENOENT: no such file or directory, open 'E:\Windsurf-Qlib\qlib-frontend\node_modules\@antv\util\esm\path\parser\src\path\parser\scan-param.ts'

Failed to parse source map from 'E:\Windsurf-Qlib\qlib-frontend\node_modules\@antv\util\esm\path\parser\src\path\parser\scan-segment.ts' file: Error: ENOENT: no such file or directory, open 'E:\Windsurf-Qlib\qlib-frontend\node_modules\@antv\util\esm\path\parser\src\path\parser\scan-segment.ts'

Failed to parse source map from 'E:\Windsurf-Qlib\qlib-frontend\node_modules\@antv\util\esm\path\parser\src\path\parser\skip-spaces.ts' file: Error: ENOENT: no such file or directory, open 'E:\Windsurf-Qlib\qlib-frontend\node_modules\@antv\util\esm\path\parser\src\path\parser\skip-spaces.ts'

Failed to parse source map from 'E:\Windsurf-Qlib\qlib-frontend\node_modules\@antv\util\esm\path\process\src\path\process\arc-2-cubic.ts' file: Error: ENOENT: no such file or directory, open 'E:\Windsurf-Qlib\qlib-frontend\node_modules\@antv\util\esm\path\process\src\path\process\arc-2-cubic.ts'

Failed to parse source map from 'E:\Windsurf-Qlib\qlib-frontend\node_modules\@antv\util\esm\path\process\src\path\process\clone-path.ts' file: Error: ENOENT: no such file or directory, open 'E:\Windsurf-Qlib\qlib-frontend\node_modules\@antv\util\esm\path\process\src\path\process\clone-path.ts'

Failed to parse source map from 'E:\Windsurf-Qlib\qlib-frontend\node_modules\@antv\util\esm\path\process\src\path\process\fix-arc.ts' file: Error: ENOENT: no such file or directory, open 'E:\Windsurf-Qlib\qlib-frontend\node_modules\@antv\util\esm\path\process\src\path\process\fix-arc.ts'

Failed to parse source map from 'E:\Windsurf-Qlib\qlib-frontend\node_modules\@antv\util\esm\path\process\src\path\process\line-2-cubic.ts' file: Error: ENOENT: no such file or directory, open 'E:\Windsurf-Qlib\qlib-frontend\node_modules\@antv\util\esm\path\process\src\path\process\line-2-cubic.ts'

Failed to parse source map from 'E:\Windsurf-Qlib\qlib-frontend\node_modules\@antv\util\esm\path\process\src\path\process\normalize-path.ts' file: Error: ENOENT: no such file or directory, open 'E:\Windsurf-Qlib\qlib-frontend\node_modules\@antv\util\esm\path\process\src\path\process\normalize-path.ts'

Failed to parse source map from 'E:\Windsurf-Qlib\qlib-frontend\node_modules\@antv\util\esm\path\process\src\path\process\normalize-segment.ts' file: Error: ENOENT: no such file or directory, open 'E:\Windsurf-Qlib\qlib-frontend\node_modules\@antv\util\esm\path\process\src\path\process\normalize-segment.ts'

Failed to parse source map from 'E:\Windsurf-Qlib\qlib-frontend\node_modules\@antv\util\esm\path\process\src\path\process\quad-2-cubic.ts' file: Error: ENOENT: no such file or directory, open 'E:\Windsurf-Qlib\qlib-frontend\node_modules\@antv\util\esm\path\process\src\path\process\quad-2-cubic.ts'

Failed to parse source map from 'E:\Windsurf-Qlib\qlib-frontend\node_modules\@antv\util\esm\path\process\src\path\process\reverse-curve.ts' file: Error: ENOENT: no such file or directory, open 'E:\Windsurf-Qlib\qlib-frontend\node_modules\@antv\util\esm\path\process\src\path\process\reverse-curve.ts'

Failed to parse source map from 'E:\Windsurf-Qlib\qlib-frontend\node_modules\@antv\util\esm\path\process\src\path\process\round-path.ts' file: Error: ENOENT: no such file or directory, open 'E:\Windsurf-Qlib\qlib-frontend\node_modules\@antv\util\esm\path\process\src\path\process\round-path.ts'

Failed to parse source map from 'E:\Windsurf-Qlib\qlib-frontend\node_modules\@antv\util\esm\path\process\src\path\process\segment-2-cubic.ts' file: Error: ENOENT: no such file or directory, open 'E:\Windsurf-Qlib\qlib-frontend\node_modules\@antv\util\esm\path\process\src\path\process\segment-2-cubic.ts'

Failed to parse source map from 'E:\Windsurf-Qlib\qlib-frontend\node_modules\@antv\util\esm\path\src\path\types.ts' file: Error: ENOENT: no such file or directory, open 'E:\Windsurf-Qlib\qlib-frontend\node_modules\@antv\util\esm\path\src\path\types.ts'

Failed to parse source map from 'E:\Windsurf-Qlib\qlib-frontend\node_modules\@antv\util\esm\path\util\src\path\util\distance-square-root.ts' file: Error: ENOENT: no such file or directory, open 'E:\Windsurf-Qlib\qlib-frontend\node_modules\@antv\util\esm\path\util\src\path\util\distance-square-root.ts'

Failed to parse source map from 'E:\Windsurf-Qlib\qlib-frontend\node_modules\@antv\util\esm\path\util\src\path\util\equalize-segments.ts' file: Error: ENOENT: no such file or directory, open 'E:\Windsurf-Qlib\qlib-frontend\node_modules\@antv\util\esm\path\util\src\path\util\equalize-segments.ts'

Failed to parse source map from 'E:\Windsurf-Qlib\qlib-frontend\node_modules\@antv\util\esm\path\util\src\path\util\get-draw-direction.ts' file: Error: ENOENT: no such file or directory, open 'E:\Windsurf-Qlib\qlib-frontend\node_modules\@antv\util\esm\path\util\src\path\util\get-draw-direction.ts'

Failed to parse source map from 'E:\Windsurf-Qlib\qlib-frontend\node_modules\@antv\util\esm\path\util\src\path\util\get-path-area.ts' file: Error: ENOENT: no such file or directory, open 'E:\Windsurf-Qlib\qlib-frontend\node_modules\@antv\util\esm\path\util\src\path\util\get-path-area.ts'

Failed to parse source map from 'E:\Windsurf-Qlib\qlib-frontend\node_modules\@antv\util\esm\path\util\src\path\util\get-path-bbox-total-length.ts' file: Error: ENOENT: no such file or directory, open 'E:\Windsurf-Qlib\qlib-frontend\node_modules\@antv\util\esm\path\util\src\path\util\get-path-bbox-total-length.ts'

Failed to parse source map from 'E:\Windsurf-Qlib\qlib-frontend\node_modules\@antv\util\esm\path\util\src\path\util\get-path-bbox.ts' file: Error: ENOENT: no such file or directory, open 'E:\Windsurf-Qlib\qlib-frontend\node_modules\@antv\util\esm\path\util\src\path\util\get-path-bbox.ts'

Failed to parse source map from 'E:\Windsurf-Qlib\qlib-frontend\node_modules\@antv\util\esm\path\util\src\path\util\get-point-at-length.ts' file: Error: ENOENT: no such file or directory, open 'E:\Windsurf-Qlib\qlib-frontend\node_modules\@antv\util\esm\path\util\src\path\util\get-point-at-length.ts'

Failed to parse source map from 'E:\Windsurf-Qlib\qlib-frontend\node_modules\@antv\util\esm\path\util\src\path\util\get-properties-at-length.ts' file: Error: ENOENT: no such file or directory, open 'E:\Windsurf-Qlib\qlib-frontend\node_modules\@antv\util\esm\path\util\src\path\util\get-properties-at-length.ts'

Failed to parse source map from 'E:\Windsurf-Qlib\qlib-frontend\node_modules\@antv\util\esm\path\util\src\path\util\get-properties-at-point.ts' file: Error: ENOENT: no such file or directory, open 'E:\Windsurf-Qlib\qlib-frontend\node_modules\@antv\util\esm\path\util\src\path\util\get-properties-at-point.ts'

Failed to parse source map from 'E:\Windsurf-Qlib\qlib-frontend\node_modules\@antv\util\esm\path\util\src\path\util\get-rotated-curve.ts' file: Error: ENOENT: no such file or directory, open 'E:\Windsurf-Qlib\qlib-frontend\node_modules\@antv\util\esm\path\util\src\path\util\get-rotated-curve.ts'

Failed to parse source map from 'E:\Windsurf-Qlib\qlib-frontend\node_modules\@antv\util\esm\path\util\src\path\util\get-total-length.ts' file: Error: ENOENT: no such file or directory, open 'E:\Windsurf-Qlib\qlib-frontend\node_modules\@antv\util\esm\path\util\src\path\util\get-total-length.ts'

Failed to parse source map from 'E:\Windsurf-Qlib\qlib-frontend\node_modules\@antv\util\esm\path\util\src\path\util\is-absolute-array.ts' file: Error: ENOENT: no such file or directory, open 'E:\Windsurf-Qlib\qlib-frontend\node_modules\@antv\util\esm\path\util\src\path\util\is-absolute-array.ts'

Failed to parse source map from 'E:\Windsurf-Qlib\qlib-frontend\node_modules\@antv\util\esm\path\util\src\path\util\is-curve-array.ts' file: Error: ENOENT: no such file or directory, open 'E:\Windsurf-Qlib\qlib-frontend\node_modules\@antv\util\esm\path\util\src\path\util\is-curve-array.ts'

Failed to parse source map from 'E:\Windsurf-Qlib\qlib-frontend\node_modules\@antv\util\esm\path\util\src\path\util\is-normalized-array.ts' file: Error: ENOENT: no such file or directory, open 'E:\Windsurf-Qlib\qlib-frontend\node_modules\@antv\util\esm\path\util\src\path\util\is-normalized-array.ts'

Failed to parse source map from 'E:\Windsurf-Qlib\qlib-frontend\node_modules\@antv\util\esm\path\util\src\path\util\is-path-array.ts' file: Error: ENOENT: no such file or directory, open 'E:\Windsurf-Qlib\qlib-frontend\node_modules\@antv\util\esm\path\util\src\path\util\is-path-array.ts'

Failed to parse source map from 'E:\Windsurf-Qlib\qlib-frontend\node_modules\@antv\util\esm\path\util\src\path\util\is-point-in-stroke.ts' file: Error: ENOENT: no such file or directory, open 'E:\Windsurf-Qlib\qlib-frontend\node_modules\@antv\util\esm\path\util\src\path\util\is-point-in-stroke.ts'

Failed to parse source map from 'E:\Windsurf-Qlib\qlib-frontend\node_modules\@antv\util\esm\path\util\src\path\util\mid-point.ts' file: Error: ENOENT: no such file or directory, open 'E:\Windsurf-Qlib\qlib-frontend\node_modules\@antv\util\esm\path\util\src\path\util\mid-point.ts'

Failed to parse source map from 'E:\Windsurf-Qlib\qlib-frontend\node_modules\@antv\util\esm\path\util\src\path\util\path-length-factory.ts' file: Error: ENOENT: no such file or directory, open 'E:\Windsurf-Qlib\qlib-frontend\node_modules\@antv\util\esm\path\util\src\path\util\path-length-factory.ts'

Failed to parse source map from 'E:\Windsurf-Qlib\qlib-frontend\node_modules\@antv\util\esm\path\util\src\path\util\rotate-vector.ts' file: Error: ENOENT: no such file or directory, open 'E:\Windsurf-Qlib\qlib-frontend\node_modules\@antv\util\esm\path\util\src\path\util\rotate-vector.ts'

Failed to parse source map from 'E:\Windsurf-Qlib\qlib-frontend\node_modules\@antv\util\esm\path\util\src\path\util\segment-arc-factory.ts' file: Error: ENOENT: no such file or directory, open 'E:\Windsurf-Qlib\qlib-frontend\node_modules\@antv\util\esm\path\util\src\path\util\segment-arc-factory.ts'

Failed to parse source map from 'E:\Windsurf-Qlib\qlib-frontend\node_modules\@antv\util\esm\path\util\src\path\util\segment-cubic-factory.ts' file: Error: ENOENT: no such file or directory, open 'E:\Windsurf-Qlib\qlib-frontend\node_modules\@antv\util\esm\path\util\src\path\util\segment-cubic-factory.ts'

Failed to parse source map from 'E:\Windsurf-Qlib\qlib-frontend\node_modules\@antv\util\esm\path\util\src\path\util\segment-line-factory.ts' file: Error: ENOENT: no such file or directory, open 'E:\Windsurf-Qlib\qlib-frontend\node_modules\@antv\util\esm\path\util\src\path\util\segment-line-factory.ts'

Failed to parse source map from 'E:\Windsurf-Qlib\qlib-frontend\node_modules\@antv\util\esm\path\util\src\path\util\segment-quad-factory.ts' file: Error: ENOENT: no such file or directory, open 'E:\Windsurf-Qlib\qlib-frontend\node_modules\@antv\util\esm\path\util\src\path\util\segment-quad-factory.ts'

Search for the keywords to learn more about each warning.
To ignore, add // eslint-disable-next-line to the line before.

[1m[33mWARNING[39m[22m in [1m./node_modules/@antv/component/esm/animation/fadeIn.js[39m[22m
[1mModule Warning (from ./node_modules/source-map-loader/dist/cjs.js):
[1m[31mFailed[39m[22m[1m to parse source map from 'E:\Windsurf-Qlib\qlib-frontend\node_modules\@antv\component\esm\animation\src\animation\fadeIn.ts' file: [1m[31mError[39m[22m[1m: ENOENT: no such file or directory, open 'E:\Windsurf-Qlib\qlib-frontend\node_modules\@antv\component\esm\animation\src\animation\fadeIn.ts'[39m[22m

[1m[33mWARNING[39m[22m in [1m./node_modules/@antv/component/esm/animation/fadeOut.js[39m[22m
[1mModule Warning (from ./node_modules/source-map-loader/dist/cjs.js):
[1m[31mFailed[39m[22m[1m to parse source map from 'E:\Windsurf-Qlib\qlib-frontend\node_modules\@antv\component\esm\animation\src\animation\fadeOut.ts' file: [1m[31mError[39m[22m[1m: ENOENT: no such file or directory, open 'E:\Windsurf-Qlib\qlib-frontend\node_modules\@antv\component\esm\animation\src\animation\fadeOut.ts'[39m[22m

[1m[33mWARNING[39m[22m in [1m./node_modules/@antv/component/esm/animation/index.js[39m[22m
[1mModule Warning (from ./node_modules/source-map-loader/dist/cjs.js):
[1m[31mFailed[39m[22m[1m to parse source map from 'E:\Windsurf-Qlib\qlib-frontend\node_modules\@antv\component\esm\animation\src\animation\index.ts' file: [1m[31mError[39m[22m[1m: ENOENT: no such file or directory, open 'E:\Windsurf-Qlib\qlib-frontend\node_modules\@antv\component\esm\animation\src\animation\index.ts'[39m[22m

[1m[33mWARNING[39m[22m in [1m./node_modules/@antv/component/esm/animation/utils.js[39m[22m
[1mModule Warning (from ./node_modules/source-map-loader/dist/cjs.js):
[1m[31mFailed[39m[22m[1m to parse source map from 'E:\Windsurf-Qlib\qlib-frontend\node_modules\@antv\component\esm\animation\src\animation\utils.ts' file: [1m[31mError[39m[22m[1m: ENOENT: no such file or directory, open 'E:\Windsurf-Qlib\qlib-frontend\node_modules\@antv\component\esm\animation\src\animation\utils.ts'[39m[22m

[1m[33mWARNING[39m[22m in [1m./node_modules/@antv/component/esm/core/component.js[39m[22m
[1mModule Warning (from ./node_modules/source-map-loader/dist/cjs.js):
[1m[31mFailed[39m[22m[1m to parse source map from 'E:\Windsurf-Qlib\qlib-frontend\node_modules\@antv\component\esm\core\src\core\component.ts' file: [1m[31mError[39m[22m[1m: ENOENT: no such file or directory, open 'E:\Windsurf-Qlib\qlib-frontend\node_modules\@antv\component\esm\core\src\core\component.ts'[39m[22m

[1m[33mWARNING[39m[22m in [1m./node_modules/@antv/component/esm/core/index.js[39m[22m
[1mModule Warning (from ./node_modules/source-map-loader/dist/cjs.js):
[1m[31mFailed[39m[22m[1m to parse source map from 'E:\Windsurf-Qlib\qlib-frontend\node_modules\@antv\component\esm\core\src\core\index.ts' file: [1m[31mError[39m[22m[1m: ENOENT: no such file or directory, open 'E:\Windsurf-Qlib\qlib-frontend\node_modules\@antv\component\esm\core\src\core\index.ts'[39m[22m

[1m[33mWARNING[39m[22m in [1m./node_modules/@antv/component/esm/core/types.js[39m[22m
[1mModule Warning (from ./node_modules/source-map-loader/dist/cjs.js):
[1m[31mFailed[39m[22m[1m to parse source map from 'E:\Windsurf-Qlib\qlib-frontend\node_modules\@antv\component\esm\core\src\core\types.ts' file: [1m[31mError[39m[22m[1m: ENOENT: no such file or directory, open 'E:\Windsurf-Qlib\qlib-frontend\node_modules\@antv\component\esm\core\src\core\types.ts'[39m[22m

[1m[33mWARNING[39m[22m in [1m./node_modules/@antv/component/esm/index.js[39m[22m
[1mModule Warning (from ./node_modules/source-map-loader/dist/cjs.js):
[1m[31mFailed[39m[22m[1m to parse source map from 'E:\Windsurf-Qlib\qlib-frontend\node_modules\@antv\component\esm\src\index.ts' file: [1m[31mError[39m[22m[1m: ENOENT: no such file or directory, open 'E:\Windsurf-Qlib\qlib-frontend\node_modules\@antv\component\esm\src\index.ts'[39m[22m

[1m[33mWARNING[39m[22m in [1m./node_modules/@antv/component/esm/shapes/Circle.js[39m[22m
[1mModule Warning (from ./node_modules/source-map-loader/dist/cjs.js):
[1m[31mFailed[39m[22m[1m to parse source map from 'E:\Windsurf-Qlib\qlib-frontend\node_modules\@antv\component\esm\shapes\src\shapes\Circle.ts' file: [1m[31mError[39m[22m[1m: ENOENT: no such file or directory, open 'E:\Windsurf-Qlib\qlib-frontend\node_modules\@antv\component\esm\shapes\src\shapes\Circle.ts'[39m[22m

[1m[33mWARNING[39m[22m in [1m./node_modules/@antv/component/esm/shapes/CustomElement.js[39m[22m
[1mModule Warning (from ./node_modules/source-map-loader/dist/cjs.js):
[1m[31mFailed[39m[22m[1m to parse source map from 'E:\Windsurf-Qlib\qlib-frontend\node_modules\@antv\component\esm\shapes\src\shapes\CustomElement.ts' file: [1m[31mError[39m[22m[1m: ENOENT: no such file or directory, open 'E:\Windsurf-Qlib\qlib-frontend\node_modules\@antv\component\esm\shapes\src\shapes\CustomElement.ts'[39m[22m

[1m[33mWARNING[39m[22m in [1m./node_modules/@antv/component/esm/shapes/DisplayObject.js[39m[22m
[1mModule Warning (from ./node_modules/source-map-loader/dist/cjs.js):
[1m[31mFailed[39m[22m[1m to parse source map from 'E:\Windsurf-Qlib\qlib-frontend\node_modules\@antv\component\esm\shapes\src\shapes\DisplayObject.ts' file: [1m[31mError[39m[22m[1m: ENOENT: no such file or directory, open 'E:\Windsurf-Qlib\qlib-frontend\node_modules\@antv\component\esm\shapes\src\shapes\DisplayObject.ts'[39m[22m

[1m[33mWARNING[39m[22m in [1m./node_modules/@antv/component/esm/shapes/Ellipse.js[39m[22m
[1mModule Warning (from ./node_modules/source-map-loader/dist/cjs.js):
[1m[31mFailed[39m[22m[1m to parse source map from 'E:\Windsurf-Qlib\qlib-frontend\node_modules\@antv\component\esm\shapes\src\shapes\Ellipse.ts' file: [1m[31mError[39m[22m[1m: ENOENT: no such file or directory, open 'E:\Windsurf-Qlib\qlib-frontend\node_modules\@antv\component\esm\shapes\src\shapes\Ellipse.ts'[39m[22m

[1m[33mWARNING[39m[22m in [1m./node_modules/@antv/component/esm/shapes/Group.js[39m[22m
[1mModule Warning (from ./node_modules/source-map-loader/dist/cjs.js):
[1m[31mFailed[39m[22m[1m to parse source map from 'E:\Windsurf-Qlib\qlib-frontend\node_modules\@antv\component\esm\shapes\src\shapes\Group.ts' file: [1m[31mError[39m[22m[1m: ENOENT: no such file or directory, open 'E:\Windsurf-Qlib\qlib-frontend\node_modules\@antv\component\esm\shapes\src\shapes\Group.ts'[39m[22m

[1m[33mWARNING[39m[22m in [1m./node_modules/@antv/component/esm/shapes/HTML.js[39m[22m
[1mModule Warning (from ./node_modules/source-map-loader/dist/cjs.js):
[1m[31mFailed[39m[22m[1m to parse source map from 'E:\Windsurf-Qlib\qlib-frontend\node_modules\@antv\component\esm\shapes\src\shapes\HTML.ts' file: [1m[31mError[39m[22m[1m: ENOENT: no such file or directory, open 'E:\Windsurf-Qlib\qlib-frontend\node_modules\@antv\component\esm\shapes\src\shapes\HTML.ts'[39m[22m

[1m[33mWARNING[39m[22m in [1m./node_modules/@antv/component/esm/shapes/Image.js[39m[22m
[1mModule Warning (from ./node_modules/source-map-loader/dist/cjs.js):
[1m[31mFailed[39m[22m[1m to parse source map from 'E:\Windsurf-Qlib\qlib-frontend\node_modules\@antv\component\esm\shapes\src\shapes\Image.ts' file: [1m[31mError[39m[22m[1m: ENOENT: no such file or directory, open 'E:\Windsurf-Qlib\qlib-frontend\node_modules\@antv\component\esm\shapes\src\shapes\Image.ts'[39m[22m

[1m[33mWARNING[39m[22m in [1m./node_modules/@antv/component/esm/shapes/Line.js[39m[22m
[1mModule Warning (from ./node_modules/source-map-loader/dist/cjs.js):
[1m[31mFailed[39m[22m[1m to parse source map from 'E:\Windsurf-Qlib\qlib-frontend\node_modules\@antv\component\esm\shapes\src\shapes\Line.ts' file: [1m[31mError[39m[22m[1m: ENOENT: no such file or directory, open 'E:\Windsurf-Qlib\qlib-frontend\node_modules\@antv\component\esm\shapes\src\shapes\Line.ts'[39m[22m

[1m[33mWARNING[39m[22m in [1m./node_modules/@antv/component/esm/shapes/Path.js[39m[22m
[1mModule Warning (from ./node_modules/source-map-loader/dist/cjs.js):
[1m[31mFailed[39m[22m[1m to parse source map from 'E:\Windsurf-Qlib\qlib-frontend\node_modules\@antv\component\esm\shapes\src\shapes\Path.ts' file: [1m[31mError[39m[22m[1m: ENOENT: no such file or directory, open 'E:\Windsurf-Qlib\qlib-frontend\node_modules\@antv\component\esm\shapes\src\shapes\Path.ts'[39m[22m

[1m[33mWARNING[39m[22m in [1m./node_modules/@antv/component/esm/shapes/Polygon.js[39m[22m
[1mModule Warning (from ./node_modules/source-map-loader/dist/cjs.js):
[1m[31mFailed[39m[22m[1m to parse source map from 'E:\Windsurf-Qlib\qlib-frontend\node_modules\@antv\component\esm\shapes\src\shapes\Polygon.ts' file: [1m[31mError[39m[22m[1m: ENOENT: no such file or directory, open 'E:\Windsurf-Qlib\qlib-frontend\node_modules\@antv\component\esm\shapes\src\shapes\Polygon.ts'[39m[22m

[1m[33mWARNING[39m[22m in [1m./node_modules/@antv/component/esm/shapes/Polyline.js[39m[22m
[1mModule Warning (from ./node_modules/source-map-loader/dist/cjs.js):
[1m[31mFailed[39m[22m[1m to parse source map from 'E:\Windsurf-Qlib\qlib-frontend\node_modules\@antv\component\esm\shapes\src\shapes\Polyline.ts' file: [1m[31mError[39m[22m[1m: ENOENT: no such file or directory, open 'E:\Windsurf-Qlib\qlib-frontend\node_modules\@antv\component\esm\shapes\src\shapes\Polyline.ts'[39m[22m

[1m[33mWARNING[39m[22m in [1m./node_modules/@antv/component/esm/shapes/Rect.js[39m[22m
[1mModule Warning (from ./node_modules/source-map-loader/dist/cjs.js):
[1m[31mFailed[39m[22m[1m to parse source map from 'E:\Windsurf-Qlib\qlib-frontend\node_modules\@antv\component\esm\shapes\src\shapes\Rect.ts' file: [1m[31mError[39m[22m[1m: ENOENT: no such file or directory, open 'E:\Windsurf-Qlib\qlib-frontend\node_modules\@antv\component\esm\shapes\src\shapes\Rect.ts'[39m[22m

[1m[33mWARNING[39m[22m in [1m./node_modules/@antv/component/esm/shapes/Text.js[39m[22m
[1mModule Warning (from ./node_modules/source-map-loader/dist/cjs.js):
[1m[31mFailed[39m[22m[1m to parse source map from 'E:\Windsurf-Qlib\qlib-frontend\node_modules\@antv\component\esm\shapes\src\shapes\Text.ts' file: [1m[31mError[39m[22m[1m: ENOENT: no such file or directory, open 'E:\Windsurf-Qlib\qlib-frontend\node_modules\@antv\component\esm\shapes\src\shapes\Text.ts'[39m[22m

[1m[33mWARNING[39m[22m in [1m./node_modules/@antv/component/esm/shapes/index.js[39m[22m
[1mModule Warning (from ./node_modules/source-map-loader/dist/cjs.js):
[1m[31mFailed[39m[22m[1m to parse source map from 'E:\Windsurf-Qlib\qlib-frontend\node_modules\@antv\component\esm\shapes\src\shapes\index.ts' file: [1m[31mError[39m[22m[1m: ENOENT: no such file or directory, open 'E:\Windsurf-Qlib\qlib-frontend\node_modules\@antv\component\esm\shapes\src\shapes\index.ts'[39m[22m

[1m[33mWARNING[39m[22m in [1m./node_modules/@antv/component/esm/ui/axis/axis.js[39m[22m
[1mModule Warning (from ./node_modules/source-map-loader/dist/cjs.js):
[1m[31mFailed[39m[22m[1m to parse source map from 'E:\Windsurf-Qlib\qlib-frontend\node_modules\@antv\component\esm\ui\axis\src\ui\axis\axis.ts' file: [1m[31mError[39m[22m[1m: ENOENT: no such file or directory, open 'E:\Windsurf-Qlib\qlib-frontend\node_modules\@antv\component\esm\ui\axis\src\ui\axis\axis.ts'[39m[22m

[1m[33mWARNING[39m[22m in [1m./node_modules/@antv/component/esm/ui/axis/constant.js[39m[22m
[1mModule Warning (from ./node_modules/source-map-loader/dist/cjs.js):
[1m[31mFailed[39m[22m[1m to parse source map from 'E:\Windsurf-Qlib\qlib-frontend\node_modules\@antv\component\esm\ui\axis\src\ui\axis\constant.ts' file: [1m[31mError[39m[22m[1m: ENOENT: no such file or directory, open 'E:\Windsurf-Qlib\qlib-frontend\node_modules\@antv\component\esm\ui\axis\src\ui\axis\constant.ts'[39m[22m

[1m[33mWARNING[39m[22m in [1m./node_modules/@antv/component/esm/ui/axis/guides/grid.js[39m[22m
[1mModule Warning (from ./node_modules/source-map-loader/dist/cjs.js):
[1m[31mFailed[39m[22m[1m to parse source map from 'E:\Windsurf-Qlib\qlib-frontend\node_modules\@antv\component\esm\ui\axis\guides\src\ui\axis\guides\grid.ts' file: [1m[31mError[39m[22m[1m: ENOENT: no such file or directory, open 'E:\Windsurf-Qlib\qlib-frontend\node_modules\@antv\component\esm\ui\axis\guides\src\ui\axis\guides\grid.ts'[39m[22m

[1m[33mWARNING[39m[22m in [1m./node_modules/@antv/component/esm/ui/axis/guides/labels.js[39m[22m
[1mModule Warning (from ./node_modules/source-map-loader/dist/cjs.js):
[1m[31mFailed[39m[22m[1m to parse source map from 'E:\Windsurf-Qlib\qlib-frontend\node_modules\@antv\component\esm\ui\axis\guides\src\ui\axis\guides\labels.ts' file: [1m[31mError[39m[22m[1m: ENOENT: no such file or directory, open 'E:\Windsurf-Qlib\qlib-frontend\node_modules\@antv\component\esm\ui\axis\guides\src\ui\axis\guides\labels.ts'[39m[22m

[1m[33mWARNING[39m[22m in [1m./node_modules/@antv/component/esm/ui/axis/guides/line.js[39m[22m
[1mModule Warning (from ./node_modules/source-map-loader/dist/cjs.js):
[1m[31mFailed[39m[22m[1m to parse source map from 'E:\Windsurf-Qlib\qlib-frontend\node_modules\@antv\component\esm\ui\axis\guides\src\ui\axis\guides\line.ts' file: [1m[31mError[39m[22m[1m: ENOENT: no such file or directory, open 'E:\Windsurf-Qlib\qlib-frontend\node_modules\@antv\component\esm\ui\axis\guides\src\ui\axis\guides\line.ts'[39m[22m

[1m[33mWARNING[39m[22m in [1m./node_modules/@antv/component/esm/ui/axis/guides/ticks.js[39m[22m
[1mModule Warning (from ./node_modules/source-map-loader/dist/cjs.js):
[1m[31mFailed[39m[22m[1m to parse source map from 'E:\Windsurf-Qlib\qlib-frontend\node_modules\@antv\component\esm\ui\axis\guides\src\ui\axis\guides\ticks.ts' file: [1m[31mError[39m[22m[1m: ENOENT: no such file or directory, open 'E:\Windsurf-Qlib\qlib-frontend\node_modules\@antv\component\esm\ui\axis\guides\src\ui\axis\guides\ticks.ts'[39m[22m

[1m[33mWARNING[39m[22m in [1m./node_modules/@antv/component/esm/ui/axis/guides/title.js[39m[22m
[1mModule Warning (from ./node_modules/source-map-loader/dist/cjs.js):
[1m[31mFailed[39m[22m[1m to parse source map from 'E:\Windsurf-Qlib\qlib-frontend\node_modules\@antv\component\esm\ui\axis\guides\src\ui\axis\guides\title.ts' file: [1m[31mError[39m[22m[1m: ENOENT: no such file or directory, open 'E:\Windsurf-Qlib\qlib-frontend\node_modules\@antv\component\esm\ui\axis\guides\src\ui\axis\guides\title.ts'[39m[22m

[1m[33mWARNING[39m[22m in [1m./node_modules/@antv/component/esm/ui/axis/guides/utils.js[39m[22m
[1mModule Warning (from ./node_modules/source-map-loader/dist/cjs.js):
[1m[31mFailed[39m[22m[1m to parse source map from 'E:\Windsurf-Qlib\qlib-frontend\node_modules\@antv\component\esm\ui\axis\guides\src\ui\axis\guides\utils.ts' file: [1m[31mError[39m[22m[1m: ENOENT: no such file or directory, open 'E:\Windsurf-Qlib\qlib-frontend\node_modules\@antv\component\esm\ui\axis\guides\src\ui\axis\guides\utils.ts'[39m[22m

[1m[33mWARNING[39m[22m in [1m./node_modules/@antv/component/esm/ui/axis/index.js[39m[22m
[1mModule Warning (from ./node_modules/source-map-loader/dist/cjs.js):
[1m[31mFailed[39m[22m[1m to parse source map from 'E:\Windsurf-Qlib\qlib-frontend\node_modules\@antv\component\esm\ui\axis\src\ui\axis\index.ts' file: [1m[31mError[39m[22m[1m: ENOENT: no such file or directory, open 'E:\Windsurf-Qlib\qlib-frontend\node_modules\@antv\component\esm\ui\axis\src\ui\axis\index.ts'[39m[22m

[1m[33mWARNING[39m[22m in [1m./node_modules/@antv/component/esm/ui/axis/overlap/autoEllipsis.js[39m[22m
[1mModule Warning (from ./node_modules/source-map-loader/dist/cjs.js):
[1m[31mFailed[39m[22m[1m to parse source map from 'E:\Windsurf-Qlib\qlib-frontend\node_modules\@antv\component\esm\ui\axis\overlap\src\ui\axis\overlap\autoEllipsis.ts' file: [1m[31mError[39m[22m[1m: ENOENT: no such file or directory, open 'E:\Windsurf-Qlib\qlib-frontend\node_modules\@antv\component\esm\ui\axis\overlap\src\ui\axis\overlap\autoEllipsis.ts'[39m[22m

[1m[33mWARNING[39m[22m in [1m./node_modules/@antv/component/esm/ui/axis/overlap/autoHide.js[39m[22m
[1mModule Warning (from ./node_modules/source-map-loader/dist/cjs.js):
[1m[31mFailed[39m[22m[1m to parse source map from 'E:\Windsurf-Qlib\qlib-frontend\node_modules\@antv\component\esm\ui\axis\overlap\src\ui\axis\overlap\autoHide.ts' file: [1m[31mError[39m[22m[1m: ENOENT: no such file or directory, open 'E:\Windsurf-Qlib\qlib-frontend\node_modules\@antv\component\esm\ui\axis\overlap\src\ui\axis\overlap\autoHide.ts'[39m[22m

[1m[33mWARNING[39m[22m in [1m./node_modules/@antv/component/esm/ui/axis/overlap/autoRotate.js[39m[22m
[1mModule Warning (from ./node_modules/source-map-loader/dist/cjs.js):
[1m[31mFailed[39m[22m[1m to parse source map from 'E:\Windsurf-Qlib\qlib-frontend\node_modules\@antv\component\esm\ui\axis\overlap\src\ui\axis\overlap\autoRotate.ts' file: [1m[31mError[39m[22m[1m: ENOENT: no such file or directory, open 'E:\Windsurf-Qlib\qlib-frontend\node_modules\@antv\component\esm\ui\axis\overlap\src\ui\axis\overlap\autoRotate.ts'[39m[22m

[1m[33mWARNING[39m[22m in [1m./node_modules/@antv/component/esm/ui/axis/overlap/autoWrap.js[39m[22m
[1mModule Warning (from ./node_modules/source-map-loader/dist/cjs.js):
[1m[31mFailed[39m[22m[1m to parse source map from 'E:\Windsurf-Qlib\qlib-frontend\node_modules\@antv\component\esm\ui\axis\overlap\src\ui\axis\overlap\autoWrap.ts' file: [1m[31mError[39m[22m[1m: ENOENT: no such file or directory, open 'E:\Windsurf-Qlib\qlib-frontend\node_modules\@antv\component\esm\ui\axis\overlap\src\ui\axis\overlap\autoWrap.ts'[39m[22m

[1m[33mWARNING[39m[22m in [1m./node_modules/@antv/component/esm/ui/axis/overlap/index.js[39m[22m
[1mModule Warning (from ./node_modules/source-map-loader/dist/cjs.js):
[1m[31mFailed[39m[22m[1m to parse source map from 'E:\Windsurf-Qlib\qlib-frontend\node_modules\@antv\component\esm\ui\axis\overlap\src\ui\axis\overlap\index.ts' file: [1m[31mError[39m[22m[1m: ENOENT: no such file or directory, open 'E:\Windsurf-Qlib\qlib-frontend\node_modules\@antv\component\esm\ui\axis\overlap\src\ui\axis\overlap\index.ts'[39m[22m

[1m[33mWARNING[39m[22m in [1m./node_modules/@antv/component/esm/ui/axis/utils/bounds.js[39m[22m
[1mModule Warning (from ./node_modules/source-map-loader/dist/cjs.js):
[1m[31mFailed[39m[22m[1m to parse source map from 'E:\Windsurf-Qlib\qlib-frontend\node_modules\@antv\component\esm\ui\axis\utils\src\ui\axis\utils\bounds.ts' file: [1m[31mError[39m[22m[1m: ENOENT: no such file or directory, open 'E:\Windsurf-Qlib\qlib-frontend\node_modules\@antv\component\esm\ui\axis\utils\src\ui\axis\utils\bounds.ts'[39m[22m

[1m[33mWARNING[39m[22m in [1m./node_modules/@antv/component/esm/ui/axis/utils/contain.js[39m[22m
[1mModule Warning (from ./node_modules/source-map-loader/dist/cjs.js):
[1m[31mFailed[39m[22m[1m to parse source map from 'E:\Windsurf-Qlib\qlib-frontend\node_modules\@antv\component\esm\ui\axis\utils\src\ui\axis\utils\contain.ts' file: [1m[31mError[39m[22m[1m: ENOENT: no such file or directory, open 'E:\Windsurf-Qlib\qlib-frontend\node_modules\@antv\component\esm\ui\axis\utils\src\ui\axis\utils\contain.ts'[39m[22m

[1m[33mWARNING[39m[22m in [1m./node_modules/@antv/component/esm/ui/axis/utils/index.js[39m[22m
[1mModule Warning (from ./node_modules/source-map-loader/dist/cjs.js):
[1m[31mFailed[39m[22m[1m to parse source map from 'E:\Windsurf-Qlib\qlib-frontend\node_modules\@antv\component\esm\ui\axis\utils\src\ui\axis\utils\index.ts' file: [1m[31mError[39m[22m[1m: ENOENT: no such file or directory, open 'E:\Windsurf-Qlib\qlib-frontend\node_modules\@antv\component\esm\ui\axis\utils\src\ui\axis\utils\index.ts'[39m[22m

[1m[33mWARNING[39m[22m in [1m./node_modules/@antv/component/esm/ui/axis/utils/intersect.js[39m[22m
[1mModule Warning (from ./node_modules/source-map-loader/dist/cjs.js):
[1m[31mFailed[39m[22m[1m to parse source map from 'E:\Windsurf-Qlib\qlib-frontend\node_modules\@antv\component\esm\ui\axis\utils\src\ui\axis\utils\intersect.ts' file: [1m[31mError[39m[22m[1m: ENOENT: no such file or directory, open 'E:\Windsurf-Qlib\qlib-frontend\node_modules\@antv\component\esm\ui\axis\utils\src\ui\axis\utils\intersect.ts'[39m[22m

[1m[33mWARNING[39m[22m in [1m./node_modules/@antv/component/esm/ui/axis/utils/test.js[39m[22m
[1mModule Warning (from ./node_modules/source-map-loader/dist/cjs.js):
[1m[31mFailed[39m[22m[1m to parse source map from 'E:\Windsurf-Qlib\qlib-frontend\node_modules\@antv\component\esm\ui\axis\utils\src\ui\axis\utils\test.ts' file: [1m[31mError[39m[22m[1m: ENOENT: no such file or directory, open 'E:\Windsurf-Qlib\qlib-frontend\node_modules\@antv\component\esm\ui\axis\utils\src\ui\axis\utils\test.ts'[39m[22m

[1m[33mWARNING[39m[22m in [1m./node_modules/@antv/component/esm/ui/breadcrumb/index.js[39m[22m
[1mModule Warning (from ./node_modules/source-map-loader/dist/cjs.js):
[1m[31mFailed[39m[22m[1m to parse source map from 'E:\Windsurf-Qlib\qlib-frontend\node_modules\@antv\component\esm\ui\breadcrumb\src\ui\breadcrumb\index.ts' file: [1m[31mError[39m[22m[1m: ENOENT: no such file or directory, open 'E:\Windsurf-Qlib\qlib-frontend\node_modules\@antv\component\esm\ui\breadcrumb\src\ui\breadcrumb\index.ts'[39m[22m

[1m[33mWARNING[39m[22m in [1m./node_modules/@antv/component/esm/ui/button/constant.js[39m[22m
[1mModule Warning (from ./node_modules/source-map-loader/dist/cjs.js):
[1m[31mFailed[39m[22m[1m to parse source map from 'E:\Windsurf-Qlib\qlib-frontend\node_modules\@antv\component\esm\ui\button\src\ui\button\constant.ts' file: [1m[31mError[39m[22m[1m: ENOENT: no such file or directory, open 'E:\Windsurf-Qlib\qlib-frontend\node_modules\@antv\component\esm\ui\button\src\ui\button\constant.ts'[39m[22m

[1m[33mWARNING[39m[22m in [1m./node_modules/@antv/component/esm/ui/button/index.js[39m[22m
[1mModule Warning (from ./node_modules/source-map-loader/dist/cjs.js):
[1m[31mFailed[39m[22m[1m to parse source map from 'E:\Windsurf-Qlib\qlib-frontend\node_modules\@antv\component\esm\ui\button\src\ui\button\index.ts' file: [1m[31mError[39m[22m[1m: ENOENT: no such file or directory, open 'E:\Windsurf-Qlib\qlib-frontend\node_modules\@antv\component\esm\ui\button\src\ui\button\index.ts'[39m[22m

[1m[33mWARNING[39m[22m in [1m./node_modules/@antv/component/esm/ui/checkbox/constant.js[39m[22m
[1mModule Warning (from ./node_modules/source-map-loader/dist/cjs.js):
[1m[31mFailed[39m[22m[1m to parse source map from 'E:\Windsurf-Qlib\qlib-frontend\node_modules\@antv\component\esm\ui\checkbox\src\ui\checkbox\constant.ts' file: [1m[31mError[39m[22m[1m: ENOENT: no such file or directory, open 'E:\Windsurf-Qlib\qlib-frontend\node_modules\@antv\component\esm\ui\checkbox\src\ui\checkbox\constant.ts'[39m[22m

[1m[33mWARNING[39m[22m in [1m./node_modules/@antv/component/esm/ui/checkbox/index.js[39m[22m
[1mModule Warning (from ./node_modules/source-map-loader/dist/cjs.js):
[1m[31mFailed[39m[22m[1m to parse source map from 'E:\Windsurf-Qlib\qlib-frontend\node_modules\@antv\component\esm\ui\checkbox\src\ui\checkbox\index.ts' file: [1m[31mError[39m[22m[1m: ENOENT: no such file or directory, open 'E:\Windsurf-Qlib\qlib-frontend\node_modules\@antv\component\esm\ui\checkbox\src\ui\checkbox\index.ts'[39m[22m

[1m[33mWARNING[39m[22m in [1m./node_modules/@antv/component/esm/ui/crosshair/base.js[39m[22m
[1mModule Warning (from ./node_modules/source-map-loader/dist/cjs.js):
[1m[31mFailed[39m[22m[1m to parse source map from 'E:\Windsurf-Qlib\qlib-frontend\node_modules\@antv\component\esm\ui\crosshair\src\ui\crosshair\base.ts' file: [1m[31mError[39m[22m[1m: ENOENT: no such file or directory, open 'E:\Windsurf-Qlib\qlib-frontend\node_modules\@antv\component\esm\ui\crosshair\src\ui\crosshair\base.ts'[39m[22m

[1m[33mWARNING[39m[22m in [1m./node_modules/@antv/component/esm/ui/crosshair/circle.js[39m[22m
[1mModule Warning (from ./node_modules/source-map-loader/dist/cjs.js):
[1m[31mFailed[39m[22m[1m to parse source map from 'E:\Windsurf-Qlib\qlib-frontend\node_modules\@antv\component\esm\ui\crosshair\src\ui\crosshair\circle.ts' file: [1m[31mError[39m[22m[1m: ENOENT: no such file or directory, open 'E:\Windsurf-Qlib\qlib-frontend\node_modules\@antv\component\esm\ui\crosshair\src\ui\crosshair\circle.ts'[39m[22m

[1m[33mWARNING[39m[22m in [1m./node_modules/@antv/component/esm/ui/crosshair/constant.js[39m[22m
[1mModule Warning (from ./node_modules/source-map-loader/dist/cjs.js):
[1m[31mFailed[39m[22m[1m to parse source map from 'E:\Windsurf-Qlib\qlib-frontend\node_modules\@antv\component\esm\ui\crosshair\src\ui\crosshair\constant.ts' file: [1m[31mError[39m[22m[1m: ENOENT: no such file or directory, open 'E:\Windsurf-Qlib\qlib-frontend\node_modules\@antv\component\esm\ui\crosshair\src\ui\crosshair\constant.ts'[39m[22m

[1m[33mWARNING[39m[22m in [1m./node_modules/@antv/component/esm/ui/crosshair/index.js[39m[22m
[1mModule Warning (from ./node_modules/source-map-loader/dist/cjs.js):
[1m[31mFailed[39m[22m[1m to parse source map from 'E:\Windsurf-Qlib\qlib-frontend\node_modules\@antv\component\esm\ui\crosshair\src\ui\crosshair\index.ts' file: [1m[31mError[39m[22m[1m: ENOENT: no such file or directory, open 'E:\Windsurf-Qlib\qlib-frontend\node_modules\@antv\component\esm\ui\crosshair\src\ui\crosshair\index.ts'[39m[22m

[1m[33mWARNING[39m[22m in [1m./node_modules/@antv/component/esm/ui/crosshair/line.js[39m[22m
[1mModule Warning (from ./node_modules/source-map-loader/dist/cjs.js):
[1m[31mFailed[39m[22m[1m to parse source map from 'E:\Windsurf-Qlib\qlib-frontend\node_modules\@antv\component\esm\ui\crosshair\src\ui\crosshair\line.ts' file: [1m[31mError[39m[22m[1m: ENOENT: no such file or directory, open 'E:\Windsurf-Qlib\qlib-frontend\node_modules\@antv\component\esm\ui\crosshair\src\ui\crosshair\line.ts'[39m[22m

[1m[33mWARNING[39m[22m in [1m./node_modules/@antv/component/esm/ui/crosshair/polygon.js[39m[22m
[1mModule Warning (from ./node_modules/source-map-loader/dist/cjs.js):
[1m[31mFailed[39m[22m[1m to parse source map from 'E:\Windsurf-Qlib\qlib-frontend\node_modules\@antv\component\esm\ui\crosshair\src\ui\crosshair\polygon.ts' file: [1m[31mError[39m[22m[1m: ENOENT: no such file or directory, open 'E:\Windsurf-Qlib\qlib-frontend\node_modules\@antv\component\esm\ui\crosshair\src\ui\crosshair\polygon.ts'[39m[22m

[1m[33mWARNING[39m[22m in [1m./node_modules/@antv/component/esm/ui/grid/index.js[39m[22m
[1mModule Warning (from ./node_modules/source-map-loader/dist/cjs.js):
[1m[31mFailed[39m[22m[1m to parse source map from 'E:\Windsurf-Qlib\qlib-frontend\node_modules\@antv\component\esm\ui\grid\src\ui\grid\index.ts' file: [1m[31mError[39m[22m[1m: ENOENT: no such file or directory, open 'E:\Windsurf-Qlib\qlib-frontend\node_modules\@antv\component\esm\ui\grid\src\ui\grid\index.ts'[39m[22m

[1m[33mWARNING[39m[22m in [1m./node_modules/@antv/component/esm/ui/index.js[39m[22m
[1mModule Warning (from ./node_modules/source-map-loader/dist/cjs.js):
[1m[31mFailed[39m[22m[1m to parse source map from 'E:\Windsurf-Qlib\qlib-frontend\node_modules\@antv\component\esm\ui\src\ui\index.ts' file: [1m[31mError[39m[22m[1m: ENOENT: no such file or directory, open 'E:\Windsurf-Qlib\qlib-frontend\node_modules\@antv\component\esm\ui\src\ui\index.ts'[39m[22m

[1m[33mWARNING[39m[22m in [1m./node_modules/@antv/component/esm/ui/indicator/constant.js[39m[22m
[1mModule Warning (from ./node_modules/source-map-loader/dist/cjs.js):
[1m[31mFailed[39m[22m[1m to parse source map from 'E:\Windsurf-Qlib\qlib-frontend\node_modules\@antv\component\esm\ui\indicator\src\ui\indicator\constant.ts' file: [1m[31mError[39m[22m[1m: ENOENT: no such file or directory, open 'E:\Windsurf-Qlib\qlib-frontend\node_modules\@antv\component\esm\ui\indicator\src\ui\indicator\constant.ts'[39m[22m

[1m[33mWARNING[39m[22m in [1m./node_modules/@antv/component/esm/ui/indicator/index.js[39m[22m
[1mModule Warning (from ./node_modules/source-map-loader/dist/cjs.js):
[1m[31mFailed[39m[22m[1m to parse source map from 'E:\Windsurf-Qlib\qlib-frontend\node_modules\@antv\component\esm\ui\indicator\src\ui\indicator\index.ts' file: [1m[31mError[39m[22m[1m: ENOENT: no such file or directory, open 'E:\Windsurf-Qlib\qlib-frontend\node_modules\@antv\component\esm\ui\indicator\src\ui\indicator\index.ts'[39m[22m

[1m[33mWARNING[39m[22m in [1m./node_modules/@antv/component/esm/ui/indicator/indicator.js[39m[22m
[1mModule Warning (from ./node_modules/source-map-loader/dist/cjs.js):
[1m[31mFailed[39m[22m[1m to parse source map from 'E:\Windsurf-Qlib\qlib-frontend\node_modules\@antv\component\esm\ui\indicator\src\ui\indicator\indicator.ts' file: [1m[31mError[39m[22m[1m: ENOENT: no such file or directory, open 'E:\Windsurf-Qlib\qlib-frontend\node_modules\@antv\component\esm\ui\indicator\src\ui\indicator\indicator.ts'[39m[22m

[1m[33mWARNING[39m[22m in [1m./node_modules/@antv/component/esm/ui/layout/index.js[39m[22m
[1mModule Warning (from ./node_modules/source-map-loader/dist/cjs.js):
[1m[31mFailed[39m[22m[1m to parse source map from 'E:\Windsurf-Qlib\qlib-frontend\node_modules\@antv\component\esm\ui\layout\src\ui\layout\index.ts' file: [1m[31mError[39m[22m[1m: ENOENT: no such file or directory, open 'E:\Windsurf-Qlib\qlib-frontend\node_modules\@antv\component\esm\ui\layout\src\ui\layout\index.ts'[39m[22m

[1m[33mWARNING[39m[22m in [1m./node_modules/@antv/component/esm/ui/layout/layout.js[39m[22m
[1mModule Warning (from ./node_modules/source-map-loader/dist/cjs.js):
[1m[31mFailed[39m[22m[1m to parse source map from 'E:\Windsurf-Qlib\qlib-frontend\node_modules\@antv\component\esm\ui\layout\src\ui\layout\layout.ts' file: [1m[31mError[39m[22m[1m: ENOENT: no such file or directory, open 'E:\Windsurf-Qlib\qlib-frontend\node_modules\@antv\component\esm\ui\layout\src\ui\layout\layout.ts'[39m[22m

[1m[33mWARNING[39m[22m in [1m./node_modules/@antv/component/esm/ui/legend/category.js[39m[22m
[1mModule Warning (from ./node_modules/source-map-loader/dist/cjs.js):
[1m[31mFailed[39m[22m[1m to parse source map from 'E:\Windsurf-Qlib\qlib-frontend\node_modules\@antv\component\esm\ui\legend\src\ui\legend\category.ts' file: [1m[31mError[39m[22m[1m: ENOENT: no such file or directory, open 'E:\Windsurf-Qlib\qlib-frontend\node_modules\@antv\component\esm\ui\legend\src\ui\legend\category.ts'[39m[22m

[1m[33mWARNING[39m[22m in [1m./node_modules/@antv/component/esm/ui/legend/category/item.js[39m[22m
[1mModule Warning (from ./node_modules/source-map-loader/dist/cjs.js):
[1m[31mFailed[39m[22m[1m to parse source map from 'E:\Windsurf-Qlib\qlib-frontend\node_modules\@antv\component\esm\ui\legend\category\src\ui\legend\category\item.ts' file: [1m[31mError[39m[22m[1m: ENOENT: no such file or directory, open 'E:\Windsurf-Qlib\qlib-frontend\node_modules\@antv\component\esm\ui\legend\category\src\ui\legend\category\item.ts'[39m[22m

[1m[33mWARNING[39m[22m in [1m./node_modules/@antv/component/esm/ui/legend/category/items.js[39m[22m
[1mModule Warning (from ./node_modules/source-map-loader/dist/cjs.js):
[1m[31mFailed[39m[22m[1m to parse source map from 'E:\Windsurf-Qlib\qlib-frontend\node_modules\@antv\component\esm\ui\legend\category\src\ui\legend\category\items.ts' file: [1m[31mError[39m[22m[1m: ENOENT: no such file or directory, open 'E:\Windsurf-Qlib\qlib-frontend\node_modules\@antv\component\esm\ui\legend\category\src\ui\legend\category\items.ts'[39m[22m

[1m[33mWARNING[39m[22m in [1m./node_modules/@antv/component/esm/ui/legend/constant.js[39m[22m
[1mModule Warning (from ./node_modules/source-map-loader/dist/cjs.js):
[1m[31mFailed[39m[22m[1m to parse source map from 'E:\Windsurf-Qlib\qlib-frontend\node_modules\@antv\component\esm\ui\legend\src\ui\legend\constant.ts' file: [1m[31mError[39m[22m[1m: ENOENT: no such file or directory, open 'E:\Windsurf-Qlib\qlib-frontend\node_modules\@antv\component\esm\ui\legend\src\ui\legend\constant.ts'[39m[22m

[1m[33mWARNING[39m[22m in [1m./node_modules/@antv/component/esm/ui/legend/continuous.js[39m[22m
[1mModule Warning (from ./node_modules/source-map-loader/dist/cjs.js):
[1m[31mFailed[39m[22m[1m to parse source map from 'E:\Windsurf-Qlib\qlib-frontend\node_modules\@antv\component\esm\ui\legend\src\ui\legend\continuous.ts' file: [1m[31mError[39m[22m[1m: ENOENT: no such file or directory, open 'E:\Windsurf-Qlib\qlib-frontend\node_modules\@antv\component\esm\ui\legend\src\ui\legend\continuous.ts'[39m[22m

[1m[33mWARNING[39m[22m in [1m./node_modules/@antv/component/esm/ui/legend/continuous/handle.js[39m[22m
[1mModule Warning (from ./node_modules/source-map-loader/dist/cjs.js):
[1m[31mFailed[39m[22m[1m to parse source map from 'E:\Windsurf-Qlib\qlib-frontend\node_modules\@antv\component\esm\ui\legend\continuous\src\ui\legend\continuous\handle.ts' file: [1m[31mError[39m[22m[1m: ENOENT: no such file or directory, open 'E:\Windsurf-Qlib\qlib-frontend\node_modules\@antv\component\esm\ui\legend\continuous\src\ui\legend\continuous\handle.ts'[39m[22m

[1m[33mWARNING[39m[22m in [1m./node_modules/@antv/component/esm/ui/legend/continuous/ribbon.js[39m[22m
[1mModule Warning (from ./node_modules/source-map-loader/dist/cjs.js):
[1m[31mFailed[39m[22m[1m to parse source map from 'E:\Windsurf-Qlib\qlib-frontend\node_modules\@antv\component\esm\ui\legend\continuous\src\ui\legend\continuous\ribbon.ts' file: [1m[31mError[39m[22m[1m: ENOENT: no such file or directory, open 'E:\Windsurf-Qlib\qlib-frontend\node_modules\@antv\component\esm\ui\legend\continuous\src\ui\legend\continuous\ribbon.ts'[39m[22m

[1m[33mWARNING[39m[22m in [1m./node_modules/@antv/component/esm/ui/legend/continuous/utils.js[39m[22m
[1mModule Warning (from ./node_modules/source-map-loader/dist/cjs.js):
[1m[31mFailed[39m[22m[1m to parse source map from 'E:\Windsurf-Qlib\qlib-frontend\node_modules\@antv\component\esm\ui\legend\continuous\src\ui\legend\continuous\utils.ts' file: [1m[31mError[39m[22m[1m: ENOENT: no such file or directory, open 'E:\Windsurf-Qlib\qlib-frontend\node_modules\@antv\component\esm\ui\legend\continuous\src\ui\legend\continuous\utils.ts'[39m[22m

[1m[33mWARNING[39m[22m in [1m./node_modules/@antv/component/esm/ui/legend/index.js[39m[22m
[1mModule Warning (from ./node_modules/source-map-loader/dist/cjs.js):
[1m[31mFailed[39m[22m[1m to parse source map from 'E:\Windsurf-Qlib\qlib-frontend\node_modules\@antv\component\esm\ui\legend\src\ui\legend\index.ts' file: [1m[31mError[39m[22m[1m: ENOENT: no such file or directory, open 'E:\Windsurf-Qlib\qlib-frontend\node_modules\@antv\component\esm\ui\legend\src\ui\legend\index.ts'[39m[22m

[1m[33mWARNING[39m[22m in [1m./node_modules/@antv/component/esm/ui/legend/utils.js[39m[22m
[1mModule Warning (from ./node_modules/source-map-loader/dist/cjs.js):
[1m[31mFailed[39m[22m[1m to parse source map from 'E:\Windsurf-Qlib\qlib-frontend\node_modules\@antv\component\esm\ui\legend\src\ui\legend\utils.ts' file: [1m[31mError[39m[22m[1m: ENOENT: no such file or directory, open 'E:\Windsurf-Qlib\qlib-frontend\node_modules\@antv\component\esm\ui\legend\src\ui\legend\utils.ts'[39m[22m

[1m[33mWARNING[39m[22m in [1m./node_modules/@antv/component/esm/ui/marker/index.js[39m[22m
[1mModule Warning (from ./node_modules/source-map-loader/dist/cjs.js):
[1m[31mFailed[39m[22m[1m to parse source map from 'E:\Windsurf-Qlib\qlib-frontend\node_modules\@antv\component\esm\ui\marker\src\ui\marker\index.ts' file: [1m[31mError[39m[22m[1m: ENOENT: no such file or directory, open 'E:\Windsurf-Qlib\qlib-frontend\node_modules\@antv\component\esm\ui\marker\src\ui\marker\index.ts'[39m[22m

[1m[33mWARNING[39m[22m in [1m./node_modules/@antv/component/esm/ui/marker/symbol.js[39m[22m
[1mModule Warning (from ./node_modules/source-map-loader/dist/cjs.js):
[1m[31mFailed[39m[22m[1m to parse source map from 'E:\Windsurf-Qlib\qlib-frontend\node_modules\@antv\component\esm\ui\marker\src\ui\marker\symbol.ts' file: [1m[31mError[39m[22m[1m: ENOENT: no such file or directory, open 'E:\Windsurf-Qlib\qlib-frontend\node_modules\@antv\component\esm\ui\marker\src\ui\marker\symbol.ts'[39m[22m

[1m[33mWARNING[39m[22m in [1m./node_modules/@antv/component/esm/ui/marker/utils.js[39m[22m
[1mModule Warning (from ./node_modules/source-map-loader/dist/cjs.js):
[1m[31mFailed[39m[22m[1m to parse source map from 'E:\Windsurf-Qlib\qlib-frontend\node_modules\@antv\component\esm\ui\marker\src\ui\marker\utils.ts' file: [1m[31mError[39m[22m[1m: ENOENT: no such file or directory, open 'E:\Windsurf-Qlib\qlib-frontend\node_modules\@antv\component\esm\ui\marker\src\ui\marker\utils.ts'[39m[22m

[1m[33mWARNING[39m[22m in [1m./node_modules/@antv/component/esm/ui/navigator/index.js[39m[22m
[1mModule Warning (from ./node_modules/source-map-loader/dist/cjs.js):
[1m[31mFailed[39m[22m[1m to parse source map from 'E:\Windsurf-Qlib\qlib-frontend\node_modules\@antv\component\esm\ui\navigator\src\ui\navigator\index.ts' file: [1m[31mError[39m[22m[1m: ENOENT: no such file or directory, open 'E:\Windsurf-Qlib\qlib-frontend\node_modules\@antv\component\esm\ui\navigator\src\ui\navigator\index.ts'[39m[22m

[1m[33mWARNING[39m[22m in [1m./node_modules/@antv/component/esm/ui/poptip/constant.js[39m[22m
[1mModule Warning (from ./node_modules/source-map-loader/dist/cjs.js):
[1m[31mFailed[39m[22m[1m to parse source map from 'E:\Windsurf-Qlib\qlib-frontend\node_modules\@antv\component\esm\ui\poptip\src\ui\poptip\constant.ts' file: [1m[31mError[39m[22m[1m: ENOENT: no such file or directory, open 'E:\Windsurf-Qlib\qlib-frontend\node_modules\@antv\component\esm\ui\poptip\src\ui\poptip\constant.ts'[39m[22m

[1m[33mWARNING[39m[22m in [1m./node_modules/@antv/component/esm/ui/poptip/index.js[39m[22m
[1mModule Warning (from ./node_modules/source-map-loader/dist/cjs.js):
[1m[31mFailed[39m[22m[1m to parse source map from 'E:\Windsurf-Qlib\qlib-frontend\node_modules\@antv\component\esm\ui\poptip\src\ui\poptip\index.ts' file: [1m[31mError[39m[22m[1m: ENOENT: no such file or directory, open 'E:\Windsurf-Qlib\qlib-frontend\node_modules\@antv\component\esm\ui\poptip\src\ui\poptip\index.ts'[39m[22m

[1m[33mWARNING[39m[22m in [1m./node_modules/@antv/component/esm/ui/poptip/utils.js[39m[22m
[1mModule Warning (from ./node_modules/source-map-loader/dist/cjs.js):
[1m[31mFailed[39m[22m[1m to parse source map from 'E:\Windsurf-Qlib\qlib-frontend\node_modules\@antv\component\esm\ui\poptip\src\ui\poptip\utils.ts' file: [1m[31mError[39m[22m[1m: ENOENT: no such file or directory, open 'E:\Windsurf-Qlib\qlib-frontend\node_modules\@antv\component\esm\ui\poptip\src\ui\poptip\utils.ts'[39m[22m

[1m[33mWARNING[39m[22m in [1m./node_modules/@antv/component/esm/ui/scrollbar/index.js[39m[22m
[1mModule Warning (from ./node_modules/source-map-loader/dist/cjs.js):
[1m[31mFailed[39m[22m[1m to parse source map from 'E:\Windsurf-Qlib\qlib-frontend\node_modules\@antv\component\esm\ui\scrollbar\src\ui\scrollbar\index.ts' file: [1m[31mError[39m[22m[1m: ENOENT: no such file or directory, open 'E:\Windsurf-Qlib\qlib-frontend\node_modules\@antv\component\esm\ui\scrollbar\src\ui\scrollbar\index.ts'[39m[22m

[1m[33mWARNING[39m[22m in [1m./node_modules/@antv/component/esm/ui/select/index.js[39m[22m
[1mModule Warning (from ./node_modules/source-map-loader/dist/cjs.js):
[1m[31mFailed[39m[22m[1m to parse source map from 'E:\Windsurf-Qlib\qlib-frontend\node_modules\@antv\component\esm\ui\select\src\ui\select\index.ts' file: [1m[31mError[39m[22m[1m: ENOENT: no such file or directory, open 'E:\Windsurf-Qlib\qlib-frontend\node_modules\@antv\component\esm\ui\select\src\ui\select\index.ts'[39m[22m

[1m[33mWARNING[39m[22m in [1m./node_modules/@antv/component/esm/ui/select/option.js[39m[22m
[1mModule Warning (from ./node_modules/source-map-loader/dist/cjs.js):
[1m[31mFailed[39m[22m[1m to parse source map from 'E:\Windsurf-Qlib\qlib-frontend\node_modules\@antv\component\esm\ui\select\src\ui\select\option.ts' file: [1m[31mError[39m[22m[1m: ENOENT: no such file or directory, open 'E:\Windsurf-Qlib\qlib-frontend\node_modules\@antv\component\esm\ui\select\src\ui\select\option.ts'[39m[22m

[1m[33mWARNING[39m[22m in [1m./node_modules/@antv/component/esm/ui/select/select.js[39m[22m
[1mModule Warning (from ./node_modules/source-map-loader/dist/cjs.js):
[1m[31mFailed[39m[22m[1m to parse source map from 'E:\Windsurf-Qlib\qlib-frontend\node_modules\@antv\component\esm\ui\select\src\ui\select\select.ts' file: [1m[31mError[39m[22m[1m: ENOENT: no such file or directory, open 'E:\Windsurf-Qlib\qlib-frontend\node_modules\@antv\component\esm\ui\select\src\ui\select\select.ts'[39m[22m

[1m[33mWARNING[39m[22m in [1m./node_modules/@antv/component/esm/ui/slider/constant.js[39m[22m
[1mModule Warning (from ./node_modules/source-map-loader/dist/cjs.js):
[1m[31mFailed[39m[22m[1m to parse source map from 'E:\Windsurf-Qlib\qlib-frontend\node_modules\@antv\component\esm\ui\slider\src\ui\slider\constant.ts' file: [1m[31mError[39m[22m[1m: ENOENT: no such file or directory, open 'E:\Windsurf-Qlib\qlib-frontend\node_modules\@antv\component\esm\ui\slider\src\ui\slider\constant.ts'[39m[22m

[1m[33mWARNING[39m[22m in [1m./node_modules/@antv/component/esm/ui/slider/handle.js[39m[22m
[1mModule Warning (from ./node_modules/source-map-loader/dist/cjs.js):
[1m[31mFailed[39m[22m[1m to parse source map from 'E:\Windsurf-Qlib\qlib-frontend\node_modules\@antv\component\esm\ui\slider\src\ui\slider\handle.ts' file: [1m[31mError[39m[22m[1m: ENOENT: no such file or directory, open 'E:\Windsurf-Qlib\qlib-frontend\node_modules\@antv\component\esm\ui\slider\src\ui\slider\handle.ts'[39m[22m

[1m[33mWARNING[39m[22m in [1m./node_modules/@antv/component/esm/ui/slider/index.js[39m[22m
[1mModule Warning (from ./node_modules/source-map-loader/dist/cjs.js):
[1m[31mFailed[39m[22m[1m to parse source map from 'E:\Windsurf-Qlib\qlib-frontend\node_modules\@antv\component\esm\ui\slider\src\ui\slider\index.ts' file: [1m[31mError[39m[22m[1m: ENOENT: no such file or directory, open 'E:\Windsurf-Qlib\qlib-frontend\node_modules\@antv\component\esm\ui\slider\src\ui\slider\index.ts'[39m[22m

[1m[33mWARNING[39m[22m in [1m./node_modules/@antv/component/esm/ui/sparkline/columns.js[39m[22m
[1mModule Warning (from ./node_modules/source-map-loader/dist/cjs.js):
[1m[31mFailed[39m[22m[1m to parse source map from 'E:\Windsurf-Qlib\qlib-frontend\node_modules\@antv\component\esm\ui\sparkline\src\ui\sparkline\columns.ts' file: [1m[31mError[39m[22m[1m: ENOENT: no such file or directory, open 'E:\Windsurf-Qlib\qlib-frontend\node_modules\@antv\component\esm\ui\sparkline\src\ui\sparkline\columns.ts'[39m[22m

[1m[33mWARNING[39m[22m in [1m./node_modules/@antv/component/esm/ui/sparkline/index.js[39m[22m
[1mModule Warning (from ./node_modules/source-map-loader/dist/cjs.js):
[1m[31mFailed[39m[22m[1m to parse source map from 'E:\Windsurf-Qlib\qlib-frontend\node_modules\@antv\component\esm\ui\sparkline\src\ui\sparkline\index.ts' file: [1m[31mError[39m[22m[1m: ENOENT: no such file or directory, open 'E:\Windsurf-Qlib\qlib-frontend\node_modules\@antv\component\esm\ui\sparkline\src\ui\sparkline\index.ts'[39m[22m

[1m[33mWARNING[39m[22m in [1m./node_modules/@antv/component/esm/ui/sparkline/lines.js[39m[22m
[1mModule Warning (from ./node_modules/source-map-loader/dist/cjs.js):
[1m[31mFailed[39m[22m[1m to parse source map from 'E:\Windsurf-Qlib\qlib-frontend\node_modules\@antv\component\esm\ui\sparkline\src\ui\sparkline\lines.ts' file: [1m[31mError[39m[22m[1m: ENOENT: no such file or directory, open 'E:\Windsurf-Qlib\qlib-frontend\node_modules\@antv\component\esm\ui\sparkline\src\ui\sparkline\lines.ts'[39m[22m

[1m[33mWARNING[39m[22m in [1m./node_modules/@antv/component/esm/ui/sparkline/path.js[39m[22m
[1mModule Warning (from ./node_modules/source-map-loader/dist/cjs.js):
[1m[31mFailed[39m[22m[1m to parse source map from 'E:\Windsurf-Qlib\qlib-frontend\node_modules\@antv\component\esm\ui\sparkline\src\ui\sparkline\path.ts' file: [1m[31mError[39m[22m[1m: ENOENT: no such file or directory, open 'E:\Windsurf-Qlib\qlib-frontend\node_modules\@antv\component\esm\ui\sparkline\src\ui\sparkline\path.ts'[39m[22m

[1m[33mWARNING[39m[22m in [1m./node_modules/@antv/component/esm/ui/sparkline/utils.js[39m[22m
[1mModule Warning (from ./node_modules/source-map-loader/dist/cjs.js):
[1m[31mFailed[39m[22m[1m to parse source map from 'E:\Windsurf-Qlib\qlib-frontend\node_modules\@antv\component\esm\ui\sparkline\src\ui\sparkline\utils.ts' file: [1m[31mError[39m[22m[1m: ENOENT: no such file or directory, open 'E:\Windsurf-Qlib\qlib-frontend\node_modules\@antv\component\esm\ui\sparkline\src\ui\sparkline\utils.ts'[39m[22m

[1m[33mWARNING[39m[22m in [1m./node_modules/@antv/component/esm/ui/switch/constant.js[39m[22m
[1mModule Warning (from ./node_modules/source-map-loader/dist/cjs.js):
[1m[31mFailed[39m[22m[1m to parse source map from 'E:\Windsurf-Qlib\qlib-frontend\node_modules\@antv\component\esm\ui\switch\src\ui\switch\constant.ts' file: [1m[31mError[39m[22m[1m: ENOENT: no such file or directory, open 'E:\Windsurf-Qlib\qlib-frontend\node_modules\@antv\component\esm\ui\switch\src\ui\switch\constant.ts'[39m[22m

[1m[33mWARNING[39m[22m in [1m./node_modules/@antv/component/esm/ui/switch/index.js[39m[22m
[1mModule Warning (from ./node_modules/source-map-loader/dist/cjs.js):
[1m[31mFailed[39m[22m[1m to parse source map from 'E:\Windsurf-Qlib\qlib-frontend\node_modules\@antv\component\esm\ui\switch\src\ui\switch\index.ts' file: [1m[31mError[39m[22m[1m: ENOENT: no such file or directory, open 'E:\Windsurf-Qlib\qlib-frontend\node_modules\@antv\component\esm\ui\switch\src\ui\switch\index.ts'[39m[22m

[1m[33mWARNING[39m[22m in [1m./node_modules/@antv/component/esm/ui/tag/index.js[39m[22m
[1mModule Warning (from ./node_modules/source-map-loader/dist/cjs.js):
[1m[31mFailed[39m[22m[1m to parse source map from 'E:\Windsurf-Qlib\qlib-frontend\node_modules\@antv\component\esm\ui\tag\src\ui\tag\index.ts' file: [1m[31mError[39m[22m[1m: ENOENT: no such file or directory, open 'E:\Windsurf-Qlib\qlib-frontend\node_modules\@antv\component\esm\ui\tag\src\ui\tag\index.ts'[39m[22m

[1m[33mWARNING[39m[22m in [1m./node_modules/@antv/component/esm/ui/timebar/controller.js[39m[22m
[1mModule Warning (from ./node_modules/source-map-loader/dist/cjs.js):
[1m[31mFailed[39m[22m[1m to parse source map from 'E:\Windsurf-Qlib\qlib-frontend\node_modules\@antv\component\esm\ui\timebar\src\ui\timebar\controller.ts' file: [1m[31mError[39m[22m[1m: ENOENT: no such file or directory, open 'E:\Windsurf-Qlib\qlib-frontend\node_modules\@antv\component\esm\ui\timebar\src\ui\timebar\controller.ts'[39m[22m

[1m[33mWARNING[39m[22m in [1m./node_modules/@antv/component/esm/ui/timebar/handle.js[39m[22m
[1mModule Warning (from ./node_modules/source-map-loader/dist/cjs.js):
[1m[31mFailed[39m[22m[1m to parse source map from 'E:\Windsurf-Qlib\qlib-frontend\node_modules\@antv\component\esm\ui\timebar\src\ui\timebar\handle.ts' file: [1m[31mError[39m[22m[1m: ENOENT: no such file or directory, open 'E:\Windsurf-Qlib\qlib-frontend\node_modules\@antv\component\esm\ui\timebar\src\ui\timebar\handle.ts'[39m[22m

[1m[33mWARNING[39m[22m in [1m./node_modules/@antv/component/esm/ui/timebar/icons.js[39m[22m
[1mModule Warning (from ./node_modules/source-map-loader/dist/cjs.js):
[1m[31mFailed[39m[22m[1m to parse source map from 'E:\Windsurf-Qlib\qlib-frontend\node_modules\@antv\component\esm\ui\timebar\src\ui\timebar\icons.ts' file: [1m[31mError[39m[22m[1m: ENOENT: no such file or directory, open 'E:\Windsurf-Qlib\qlib-frontend\node_modules\@antv\component\esm\ui\timebar\src\ui\timebar\icons.ts'[39m[22m

[1m[33mWARNING[39m[22m in [1m./node_modules/@antv/component/esm/ui/timebar/index.js[39m[22m
[1mModule Warning (from ./node_modules/source-map-loader/dist/cjs.js):
[1m[31mFailed[39m[22m[1m to parse source map from 'E:\Windsurf-Qlib\qlib-frontend\node_modules\@antv\component\esm\ui\timebar\src\ui\timebar\index.ts' file: [1m[31mError[39m[22m[1m: ENOENT: no such file or directory, open 'E:\Windsurf-Qlib\qlib-frontend\node_modules\@antv\component\esm\ui\timebar\src\ui\timebar\index.ts'[39m[22m

[1m[33mWARNING[39m[22m in [1m./node_modules/@antv/component/esm/ui/timebar/timebar.js[39m[22m
[1mModule Warning (from ./node_modules/source-map-loader/dist/cjs.js):
[1m[31mFailed[39m[22m[1m to parse source map from 'E:\Windsurf-Qlib\qlib-frontend\node_modules\@antv\component\esm\ui\timebar\src\ui\timebar\timebar.ts' file: [1m[31mError[39m[22m[1m: ENOENT: no such file or directory, open 'E:\Windsurf-Qlib\qlib-frontend\node_modules\@antv\component\esm\ui\timebar\src\ui\timebar\timebar.ts'[39m[22m

[1m[33mWARNING[39m[22m in [1m./node_modules/@antv/component/esm/ui/timebar/utils.js[39m[22m
[1mModule Warning (from ./node_modules/source-map-loader/dist/cjs.js):
[1m[31mFailed[39m[22m[1m to parse source map from 'E:\Windsurf-Qlib\qlib-frontend\node_modules\@antv\component\esm\ui\timebar\src\ui\timebar\utils.ts' file: [1m[31mError[39m[22m[1m: ENOENT: no such file or directory, open 'E:\Windsurf-Qlib\qlib-frontend\node_modules\@antv\component\esm\ui\timebar\src\ui\timebar\utils.ts'[39m[22m

[1m[33mWARNING[39m[22m in [1m./node_modules/@antv/component/esm/ui/timeline/index.js[39m[22m
[1mModule Warning (from ./node_modules/source-map-loader/dist/cjs.js):
[1m[31mFailed[39m[22m[1m to parse source map from 'E:\Windsurf-Qlib\qlib-frontend\node_modules\@antv\component\esm\ui\timeline\src\ui\timeline\index.ts' file: [1m[31mError[39m[22m[1m: ENOENT: no such file or directory, open 'E:\Windsurf-Qlib\qlib-frontend\node_modules\@antv\component\esm\ui\timeline\src\ui\timeline\index.ts'[39m[22m

[1m[33mWARNING[39m[22m in [1m./node_modules/@antv/component/esm/ui/title/index.js[39m[22m
[1mModule Warning (from ./node_modules/source-map-loader/dist/cjs.js):
[1m[31mFailed[39m[22m[1m to parse source map from 'E:\Windsurf-Qlib\qlib-frontend\node_modules\@antv\component\esm\ui\title\src\ui\title\index.ts' file: [1m[31mError[39m[22m[1m: ENOENT: no such file or directory, open 'E:\Windsurf-Qlib\qlib-frontend\node_modules\@antv\component\esm\ui\title\src\ui\title\index.ts'[39m[22m

[1m[33mWARNING[39m[22m in [1m./node_modules/@antv/component/esm/ui/tooltip/constant.js[39m[22m
[1mModule Warning (from ./node_modules/source-map-loader/dist/cjs.js):
[1m[31mFailed[39m[22m[1m to parse source map from 'E:\Windsurf-Qlib\qlib-frontend\node_modules\@antv\component\esm\ui\tooltip\src\ui\tooltip\constant.ts' file: [1m[31mError[39m[22m[1m: ENOENT: no such file or directory, open 'E:\Windsurf-Qlib\qlib-frontend\node_modules\@antv\component\esm\ui\tooltip\src\ui\tooltip\constant.ts'[39m[22m

[1m[33mWARNING[39m[22m in [1m./node_modules/@antv/component/esm/ui/tooltip/index.js[39m[22m
[1mModule Warning (from ./node_modules/source-map-loader/dist/cjs.js):
[1m[31mFailed[39m[22m[1m to parse source map from 'E:\Windsurf-Qlib\qlib-frontend\node_modules\@antv\component\esm\ui\tooltip\src\ui\tooltip\index.ts' file: [1m[31mError[39m[22m[1m: ENOENT: no such file or directory, open 'E:\Windsurf-Qlib\qlib-frontend\node_modules\@antv\component\esm\ui\tooltip\src\ui\tooltip\index.ts'[39m[22m

[1m[33mWARNING[39m[22m in [1m./node_modules/@antv/component/esm/util/angle-converter.js[39m[22m
[1mModule Warning (from ./node_modules/source-map-loader/dist/cjs.js):
[1m[31mFailed[39m[22m[1m to parse source map from 'E:\Windsurf-Qlib\qlib-frontend\node_modules\@antv\component\esm\util\src\util\angle-converter.ts' file: [1m[31mError[39m[22m[1m: ENOENT: no such file or directory, open 'E:\Windsurf-Qlib\qlib-frontend\node_modules\@antv\component\esm\util\src\util\angle-converter.ts'[39m[22m

[1m[33mWARNING[39m[22m in [1m./node_modules/@antv/component/esm/util/bbox.js[39m[22m
[1mModule Warning (from ./node_modules/source-map-loader/dist/cjs.js):
[1m[31mFailed[39m[22m[1m to parse source map from 'E:\Windsurf-Qlib\qlib-frontend\node_modules\@antv\component\esm\util\src\util\bbox.ts' file: [1m[31mError[39m[22m[1m: ENOENT: no such file or directory, open 'E:\Windsurf-Qlib\qlib-frontend\node_modules\@antv\component\esm\util\src\util\bbox.ts'[39m[22m

[1m[33mWARNING[39m[22m in [1m./node_modules/@antv/component/esm/util/callback.js[39m[22m
[1mModule Warning (from ./node_modules/source-map-loader/dist/cjs.js):
[1m[31mFailed[39m[22m[1m to parse source map from 'E:\Windsurf-Qlib\qlib-frontend\node_modules\@antv\component\esm\util\src\util\callback.ts' file: [1m[31mError[39m[22m[1m: ENOENT: no such file or directory, open 'E:\Windsurf-Qlib\qlib-frontend\node_modules\@antv\component\esm\util\src\util\callback.ts'[39m[22m

[1m[33mWARNING[39m[22m in [1m./node_modules/@antv/component/esm/util/classnames.js[39m[22m
[1mModule Warning (from ./node_modules/source-map-loader/dist/cjs.js):
[1m[31mFailed[39m[22m[1m to parse source map from 'E:\Windsurf-Qlib\qlib-frontend\node_modules\@antv\component\esm\util\src\util\classnames.ts' file: [1m[31mError[39m[22m[1m: ENOENT: no such file or directory, open 'E:\Windsurf-Qlib\qlib-frontend\node_modules\@antv\component\esm\util\src\util\classnames.ts'[39m[22m

[1m[33mWARNING[39m[22m in [1m./node_modules/@antv/component/esm/util/deep-assign.js[39m[22m
[1mModule Warning (from ./node_modules/source-map-loader/dist/cjs.js):
[1m[31mFailed[39m[22m[1m to parse source map from 'E:\Windsurf-Qlib\qlib-frontend\node_modules\@antv\component\esm\util\src\util\deep-assign.ts' file: [1m[31mError[39m[22m[1m: ENOENT: no such file or directory, open 'E:\Windsurf-Qlib\qlib-frontend\node_modules\@antv\component\esm\util\src\util\deep-assign.ts'[39m[22m

[1m[33mWARNING[39m[22m in [1m./node_modules/@antv/component/esm/util/defined.js[39m[22m
[1mModule Warning (from ./node_modules/source-map-loader/dist/cjs.js):
[1m[31mFailed[39m[22m[1m to parse source map from 'E:\Windsurf-Qlib\qlib-frontend\node_modules\@antv\component\esm\util\src\util\defined.ts' file: [1m[31mError[39m[22m[1m: ENOENT: no such file or directory, open 'E:\Windsurf-Qlib\qlib-frontend\node_modules\@antv\component\esm\util\src\util\defined.ts'[39m[22m

[1m[33mWARNING[39m[22m in [1m./node_modules/@antv/component/esm/util/ellipsis.js[39m[22m
[1mModule Warning (from ./node_modules/source-map-loader/dist/cjs.js):
[1m[31mFailed[39m[22m[1m to parse source map from 'E:\Windsurf-Qlib\qlib-frontend\node_modules\@antv\component\esm\util\src\util\ellipsis.ts' file: [1m[31mError[39m[22m[1m: ENOENT: no such file or directory, open 'E:\Windsurf-Qlib\qlib-frontend\node_modules\@antv\component\esm\util\src\util\ellipsis.ts'[39m[22m

[1m[33mWARNING[39m[22m in [1m./node_modules/@antv/component/esm/util/event.js[39m[22m
[1mModule Warning (from ./node_modules/source-map-loader/dist/cjs.js):
[1m[31mFailed[39m[22m[1m to parse source map from 'E:\Windsurf-Qlib\qlib-frontend\node_modules\@antv\component\esm\util\src\util\event.ts' file: [1m[31mError[39m[22m[1m: ENOENT: no such file or directory, open 'E:\Windsurf-Qlib\qlib-frontend\node_modules\@antv\component\esm\util\src\util\event.ts'[39m[22m

[1m[33mWARNING[39m[22m in [1m./node_modules/@antv/component/esm/util/extend-display-object.js[39m[22m
[1mModule Warning (from ./node_modules/source-map-loader/dist/cjs.js):
[1m[31mFailed[39m[22m[1m to parse source map from 'E:\Windsurf-Qlib\qlib-frontend\node_modules\@antv\component\esm\util\src\util\extend-display-object.ts' file: [1m[31mError[39m[22m[1m: ENOENT: no such file or directory, open 'E:\Windsurf-Qlib\qlib-frontend\node_modules\@antv\component\esm\util\src\util\extend-display-object.ts'[39m[22m

[1m[33mWARNING[39m[22m in [1m./node_modules/@antv/component/esm/util/geometry/index.js[39m[22m
[1mModule Warning (from ./node_modules/source-map-loader/dist/cjs.js):
[1m[31mFailed[39m[22m[1m to parse source map from 'E:\Windsurf-Qlib\qlib-frontend\node_modules\@antv\component\esm\util\geometry\src\util\geometry\index.ts' file: [1m[31mError[39m[22m[1m: ENOENT: no such file or directory, open 'E:\Windsurf-Qlib\qlib-frontend\node_modules\@antv\component\esm\util\geometry\src\util\geometry\index.ts'[39m[22m

[1m[33mWARNING[39m[22m in [1m./node_modules/@antv/component/esm/util/geometry/line-length.js[39m[22m
[1mModule Warning (from ./node_modules/source-map-loader/dist/cjs.js):
[1m[31mFailed[39m[22m[1m to parse source map from 'E:\Windsurf-Qlib\qlib-frontend\node_modules\@antv\component\esm\util\geometry\src\util\geometry\line-length.ts' file: [1m[31mError[39m[22m[1m: ENOENT: no such file or directory, open 'E:\Windsurf-Qlib\qlib-frontend\node_modules\@antv\component\esm\util\geometry\src\util\geometry\line-length.ts'[39m[22m

[1m[33mWARNING[39m[22m in [1m./node_modules/@antv/component/esm/util/geometry/lines-intersection.js[39m[22m
[1mModule Warning (from ./node_modules/source-map-loader/dist/cjs.js):
[1m[31mFailed[39m[22m[1m to parse source map from 'E:\Windsurf-Qlib\qlib-frontend\node_modules\@antv\component\esm\util\geometry\src\util\geometry\lines-intersection.ts' file: [1m[31mError[39m[22m[1m: ENOENT: no such file or directory, open 'E:\Windsurf-Qlib\qlib-frontend\node_modules\@antv\component\esm\util\geometry\src\util\geometry\lines-intersection.ts'[39m[22m

[1m[33mWARNING[39m[22m in [1m./node_modules/@antv/component/esm/util/group-by.js[39m[22m
[1mModule Warning (from ./node_modules/source-map-loader/dist/cjs.js):
[1m[31mFailed[39m[22m[1m to parse source map from 'E:\Windsurf-Qlib\qlib-frontend\node_modules\@antv\component\esm\util\src\util\group-by.ts' file: [1m[31mError[39m[22m[1m: ENOENT: no such file or directory, open 'E:\Windsurf-Qlib\qlib-frontend\node_modules\@antv\component\esm\util\src\util\group-by.ts'[39m[22m

[1m[33mWARNING[39m[22m in [1m./node_modules/@antv/component/esm/util/group.js[39m[22m
[1mModule Warning (from ./node_modules/source-map-loader/dist/cjs.js):
[1m[31mFailed[39m[22m[1m to parse source map from 'E:\Windsurf-Qlib\qlib-frontend\node_modules\@antv\component\esm\util\src\util\group.ts' file: [1m[31mError[39m[22m[1m: ENOENT: no such file or directory, open 'E:\Windsurf-Qlib\qlib-frontend\node_modules\@antv\component\esm\util\src\util\group.ts'[39m[22m

[1m[33mWARNING[39m[22m in [1m./node_modules/@antv/component/esm/util/html.js[39m[22m
[1mModule Warning (from ./node_modules/source-map-loader/dist/cjs.js):
[1m[31mFailed[39m[22m[1m to parse source map from 'E:\Windsurf-Qlib\qlib-frontend\node_modules\@antv\component\esm\util\src\util\html.ts' file: [1m[31mError[39m[22m[1m: ENOENT: no such file or directory, open 'E:\Windsurf-Qlib\qlib-frontend\node_modules\@antv\component\esm\util\src\util\html.ts'[39m[22m

[1m[33mWARNING[39m[22m in [1m./node_modules/@antv/component/esm/util/if-show.js[39m[22m
[1mModule Warning (from ./node_modules/source-map-loader/dist/cjs.js):
[1m[31mFailed[39m[22m[1m to parse source map from 'E:\Windsurf-Qlib\qlib-frontend\node_modules\@antv\component\esm\util\src\util\if-show.ts' file: [1m[31mError[39m[22m[1m: ENOENT: no such file or directory, open 'E:\Windsurf-Qlib\qlib-frontend\node_modules\@antv\component\esm\util\src\util\if-show.ts'[39m[22m

[1m[33mWARNING[39m[22m in [1m./node_modules/@antv/component/esm/util/in-range.js[39m[22m
[1mModule Warning (from ./node_modules/source-map-loader/dist/cjs.js):
[1m[31mFailed[39m[22m[1m to parse source map from 'E:\Windsurf-Qlib\qlib-frontend\node_modules\@antv\component\esm\util\src\util\in-range.ts' file: [1m[31mError[39m[22m[1m: ENOENT: no such file or directory, open 'E:\Windsurf-Qlib\qlib-frontend\node_modules\@antv\component\esm\util\src\util\in-range.ts'[39m[22m

[1m[33mWARNING[39m[22m in [1m./node_modules/@antv/component/esm/util/index.js[39m[22m
[1mModule Warning (from ./node_modules/source-map-loader/dist/cjs.js):
[1m[31mFailed[39m[22m[1m to parse source map from 'E:\Windsurf-Qlib\qlib-frontend\node_modules\@antv\component\esm\util\src\util\index.ts' file: [1m[31mError[39m[22m[1m: ENOENT: no such file or directory, open 'E:\Windsurf-Qlib\qlib-frontend\node_modules\@antv\component\esm\util\src\util\index.ts'[39m[22m

[1m[33mWARNING[39m[22m in [1m./node_modules/@antv/component/esm/util/interpolate.js[39m[22m
[1mModule Warning (from ./node_modules/source-map-loader/dist/cjs.js):
[1m[31mFailed[39m[22m[1m to parse source map from 'E:\Windsurf-Qlib\qlib-frontend\node_modules\@antv\component\esm\util\src\util\interpolate.ts' file: [1m[31mError[39m[22m[1m: ENOENT: no such file or directory, open 'E:\Windsurf-Qlib\qlib-frontend\node_modules\@antv\component\esm\util\src\util\interpolate.ts'[39m[22m

[1m[33mWARNING[39m[22m in [1m./node_modules/@antv/component/esm/util/keyframe-interpolate.js[39m[22m
[1mModule Warning (from ./node_modules/source-map-loader/dist/cjs.js):
[1m[31mFailed[39m[22m[1m to parse source map from 'E:\Windsurf-Qlib\qlib-frontend\node_modules\@antv\component\esm\util\src\util\keyframe-interpolate.ts' file: [1m[31mError[39m[22m[1m: ENOENT: no such file or directory, open 'E:\Windsurf-Qlib\qlib-frontend\node_modules\@antv\component\esm\util\src\util\keyframe-interpolate.ts'[39m[22m

[1m[33mWARNING[39m[22m in [1m./node_modules/@antv/component/esm/util/layout/executer.js[39m[22m
[1mModule Warning (from ./node_modules/source-map-loader/dist/cjs.js):
[1m[31mFailed[39m[22m[1m to parse source map from 'E:\Windsurf-Qlib\qlib-frontend\node_modules\@antv\component\esm\util\layout\src\util\layout\executer.ts' file: [1m[31mError[39m[22m[1m: ENOENT: no such file or directory, open 'E:\Windsurf-Qlib\qlib-frontend\node_modules\@antv\component\esm\util\layout\src\util\layout\executer.ts'[39m[22m

[1m[33mWARNING[39m[22m in [1m./node_modules/@antv/component/esm/util/layout/flex/index.js[39m[22m
[1mModule Warning (from ./node_modules/source-map-loader/dist/cjs.js):
[1m[31mFailed[39m[22m[1m to parse source map from 'E:\Windsurf-Qlib\qlib-frontend\node_modules\@antv\component\esm\util\layout\flex\src\util\layout\flex\index.ts' file: [1m[31mError[39m[22m[1m: ENOENT: no such file or directory, open 'E:\Windsurf-Qlib\qlib-frontend\node_modules\@antv\component\esm\util\layout\flex\src\util\layout\flex\index.ts'[39m[22m

[1m[33mWARNING[39m[22m in [1m./node_modules/@antv/component/esm/util/layout/grid/index.js[39m[22m
[1mModule Warning (from ./node_modules/source-map-loader/dist/cjs.js):
[1m[31mFailed[39m[22m[1m to parse source map from 'E:\Windsurf-Qlib\qlib-frontend\node_modules\@antv\component\esm\util\layout\grid\src\util\layout\grid\index.ts' file: [1m[31mError[39m[22m[1m: ENOENT: no such file or directory, open 'E:\Windsurf-Qlib\qlib-frontend\node_modules\@antv\component\esm\util\layout\grid\src\util\layout\grid\index.ts'[39m[22m

[1m[33mWARNING[39m[22m in [1m./node_modules/@antv/component/esm/util/layout/index.js[39m[22m
[1mModule Warning (from ./node_modules/source-map-loader/dist/cjs.js):
[1m[31mFailed[39m[22m[1m to parse source map from 'E:\Windsurf-Qlib\qlib-frontend\node_modules\@antv\component\esm\util\layout\src\util\layout\index.ts' file: [1m[31mError[39m[22m[1m: ENOENT: no such file or directory, open 'E:\Windsurf-Qlib\qlib-frontend\node_modules\@antv\component\esm\util\layout\src\util\layout\index.ts'[39m[22m

[1m[33mWARNING[39m[22m in [1m./node_modules/@antv/component/esm/util/layout/types.js[39m[22m
[1mModule Warning (from ./node_modules/source-map-loader/dist/cjs.js):
[1m[31mFailed[39m[22m[1m to parse source map from 'E:\Windsurf-Qlib\qlib-frontend\node_modules\@antv\component\esm\util\layout\src\util\layout\types.ts' file: [1m[31mError[39m[22m[1m: ENOENT: no such file or directory, open 'E:\Windsurf-Qlib\qlib-frontend\node_modules\@antv\component\esm\util\layout\src\util\layout\types.ts'[39m[22m

[1m[33mWARNING[39m[22m in [1m./node_modules/@antv/component/esm/util/layout/utils/helper.js[39m[22m
[1mModule Warning (from ./node_modules/source-map-loader/dist/cjs.js):
[1m[31mFailed[39m[22m[1m to parse source map from 'E:\Windsurf-Qlib\qlib-frontend\node_modules\@antv\component\esm\util\layout\utils\src\util\layout\utils\helper.ts' file: [1m[31mError[39m[22m[1m: ENOENT: no such file or directory, open 'E:\Windsurf-Qlib\qlib-frontend\node_modules\@antv\component\esm\util\layout\utils\src\util\layout\utils\helper.ts'[39m[22m

[1m[33mWARNING[39m[22m in [1m./node_modules/@antv/component/esm/util/layout/utils/index.js[39m[22m
[1mModule Warning (from ./node_modules/source-map-loader/dist/cjs.js):
[1m[31mFailed[39m[22m[1m to parse source map from 'E:\Windsurf-Qlib\qlib-frontend\node_modules\@antv\component\esm\util\layout\utils\src\util\layout\utils\index.ts' file: [1m[31mError[39m[22m[1m: ENOENT: no such file or directory, open 'E:\Windsurf-Qlib\qlib-frontend\node_modules\@antv\component\esm\util\layout\utils\src\util\layout\utils\index.ts'[39m[22m

[1m[33mWARNING[39m[22m in [1m./node_modules/@antv/component/esm/util/matrix.js[39m[22m
[1mModule Warning (from ./node_modules/source-map-loader/dist/cjs.js):
[1m[31mFailed[39m[22m[1m to parse source map from 'E:\Windsurf-Qlib\qlib-frontend\node_modules\@antv\component\esm\util\src\util\matrix.ts' file: [1m[31mError[39m[22m[1m: ENOENT: no such file or directory, open 'E:\Windsurf-Qlib\qlib-frontend\node_modules\@antv\component\esm\util\src\util\matrix.ts'[39m[22m

[1m[33mWARNING[39m[22m in [1m./node_modules/@antv/component/esm/util/number.js[39m[22m
[1mModule Warning (from ./node_modules/source-map-loader/dist/cjs.js):
[1m[31mFailed[39m[22m[1m to parse source map from 'E:\Windsurf-Qlib\qlib-frontend\node_modules\@antv\component\esm\util\src\util\number.ts' file: [1m[31mError[39m[22m[1m: ENOENT: no such file or directory, open 'E:\Windsurf-Qlib\qlib-frontend\node_modules\@antv\component\esm\util\src\util\number.ts'[39m[22m

[1m[33mWARNING[39m[22m in [1m./node_modules/@antv/component/esm/util/offscreen.js[39m[22m
[1mModule Warning (from ./node_modules/source-map-loader/dist/cjs.js):
[1m[31mFailed[39m[22m[1m to parse source map from 'E:\Windsurf-Qlib\qlib-frontend\node_modules\@antv\component\esm\util\src\util\offscreen.ts' file: [1m[31mError[39m[22m[1m: ENOENT: no such file or directory, open 'E:\Windsurf-Qlib\qlib-frontend\node_modules\@antv\component\esm\util\src\util\offscreen.ts'[39m[22m

[1m[33mWARNING[39m[22m in [1m./node_modules/@antv/component/esm/util/omit.js[39m[22m
[1mModule Warning (from ./node_modules/source-map-loader/dist/cjs.js):
[1m[31mFailed[39m[22m[1m to parse source map from 'E:\Windsurf-Qlib\qlib-frontend\node_modules\@antv\component\esm\util\src\util\omit.ts' file: [1m[31mError[39m[22m[1m: ENOENT: no such file or directory, open 'E:\Windsurf-Qlib\qlib-frontend\node_modules\@antv\component\esm\util\src\util\omit.ts'[39m[22m

[1m[33mWARNING[39m[22m in [1m./node_modules/@antv/component/esm/util/path.js[39m[22m
[1mModule Warning (from ./node_modules/source-map-loader/dist/cjs.js):
[1m[31mFailed[39m[22m[1m to parse source map from 'E:\Windsurf-Qlib\qlib-frontend\node_modules\@antv\component\esm\util\src\util\path.ts' file: [1m[31mError[39m[22m[1m: ENOENT: no such file or directory, open 'E:\Windsurf-Qlib\qlib-frontend\node_modules\@antv\component\esm\util\src\util\path.ts'[39m[22m

[1m[33mWARNING[39m[22m in [1m./node_modules/@antv/component/esm/util/primitive.js[39m[22m
[1mModule Warning (from ./node_modules/source-map-loader/dist/cjs.js):
[1m[31mFailed[39m[22m[1m to parse source map from 'E:\Windsurf-Qlib\qlib-frontend\node_modules\@antv\component\esm\util\src\util\primitive.ts' file: [1m[31mError[39m[22m[1m: ENOENT: no such file or directory, open 'E:\Windsurf-Qlib\qlib-frontend\node_modules\@antv\component\esm\util\src\util\primitive.ts'[39m[22m

[1m[33mWARNING[39m[22m in [1m./node_modules/@antv/component/esm/util/replace-children.js[39m[22m
[1mModule Warning (from ./node_modules/source-map-loader/dist/cjs.js):
[1m[31mFailed[39m[22m[1m to parse source map from 'E:\Windsurf-Qlib\qlib-frontend\node_modules\@antv\component\esm\util\src\util\replace-children.ts' file: [1m[31mError[39m[22m[1m: ENOENT: no such file or directory, open 'E:\Windsurf-Qlib\qlib-frontend\node_modules\@antv\component\esm\util\src\util\replace-children.ts'[39m[22m

[1m[33mWARNING[39m[22m in [1m./node_modules/@antv/component/esm/util/sampling.js[39m[22m
[1mModule Warning (from ./node_modules/source-map-loader/dist/cjs.js):
[1m[31mFailed[39m[22m[1m to parse source map from 'E:\Windsurf-Qlib\qlib-frontend\node_modules\@antv\component\esm\util\src\util\sampling.ts' file: [1m[31mError[39m[22m[1m: ENOENT: no such file or directory, open 'E:\Windsurf-Qlib\qlib-frontend\node_modules\@antv\component\esm\util\src\util\sampling.ts'[39m[22m

[1m[33mWARNING[39m[22m in [1m./node_modules/@antv/component/esm/util/scale-to-pixel.js[39m[22m
[1mModule Warning (from ./node_modules/source-map-loader/dist/cjs.js):
[1m[31mFailed[39m[22m[1m to parse source map from 'E:\Windsurf-Qlib\qlib-frontend\node_modules\@antv\component\esm\util\src\util\scale-to-pixel.ts' file: [1m[31mError[39m[22m[1m: ENOENT: no such file or directory, open 'E:\Windsurf-Qlib\qlib-frontend\node_modules\@antv\component\esm\util\src\util\scale-to-pixel.ts'[39m[22m

[1m[33mWARNING[39m[22m in [1m./node_modules/@antv/component/esm/util/selection.js[39m[22m
[1mModule Warning (from ./node_modules/source-map-loader/dist/cjs.js):
[1m[31mFailed[39m[22m[1m to parse source map from 'E:\Windsurf-Qlib\qlib-frontend\node_modules\@antv\component\esm\util\src\util\selection.ts' file: [1m[31mError[39m[22m[1m: ENOENT: no such file or directory, open 'E:\Windsurf-Qlib\qlib-frontend\node_modules\@antv\component\esm\util\src\util\selection.ts'[39m[22m

[1m[33mWARNING[39m[22m in [1m./node_modules/@antv/component/esm/util/series.js[39m[22m
[1mModule Warning (from ./node_modules/source-map-loader/dist/cjs.js):
[1m[31mFailed[39m[22m[1m to parse source map from 'E:\Windsurf-Qlib\qlib-frontend\node_modules\@antv\component\esm\util\src\util\series.ts' file: [1m[31mError[39m[22m[1m: ENOENT: no such file or directory, open 'E:\Windsurf-Qlib\qlib-frontend\node_modules\@antv\component\esm\util\src\util\series.ts'[39m[22m

[1m[33mWARNING[39m[22m in [1m./node_modules/@antv/component/esm/util/shape.js[39m[22m
[1mModule Warning (from ./node_modules/source-map-loader/dist/cjs.js):
[1m[31mFailed[39m[22m[1m to parse source map from 'E:\Windsurf-Qlib\qlib-frontend\node_modules\@antv\component\esm\util\src\util\shape.ts' file: [1m[31mError[39m[22m[1m: ENOENT: no such file or directory, open 'E:\Windsurf-Qlib\qlib-frontend\node_modules\@antv\component\esm\util\src\util\shape.ts'[39m[22m

[1m[33mWARNING[39m[22m in [1m./node_modules/@antv/component/esm/util/string.js[39m[22m
[1mModule Warning (from ./node_modules/source-map-loader/dist/cjs.js):
[1m[31mFailed[39m[22m[1m to parse source map from 'E:\Windsurf-Qlib\qlib-frontend\node_modules\@antv\component\esm\util\src\util\string.ts' file: [1m[31mError[39m[22m[1m: ENOENT: no such file or directory, open 'E:\Windsurf-Qlib\qlib-frontend\node_modules\@antv\component\esm\util\src\util\string.ts'[39m[22m

[1m[33mWARNING[39m[22m in [1m./node_modules/@antv/component/esm/util/style.js[39m[22m
[1mModule Warning (from ./node_modules/source-map-loader/dist/cjs.js):
[1m[31mFailed[39m[22m[1m to parse source map from 'E:\Windsurf-Qlib\qlib-frontend\node_modules\@antv\component\esm\util\src\util\style.ts' file: [1m[31mError[39m[22m[1m: ENOENT: no such file or directory, open 'E:\Windsurf-Qlib\qlib-frontend\node_modules\@antv\component\esm\util\src\util\style.ts'[39m[22m

[1m[33mWARNING[39m[22m in [1m./node_modules/@antv/component/esm/util/svg2marker.js[39m[22m
[1mModule Warning (from ./node_modules/source-map-loader/dist/cjs.js):
[1m[31mFailed[39m[22m[1m to parse source map from 'E:\Windsurf-Qlib\qlib-frontend\node_modules\@antv\component\esm\util\src\util\svg2marker.ts' file: [1m[31mError[39m[22m[1m: ENOENT: no such file or directory, open 'E:\Windsurf-Qlib\qlib-frontend\node_modules\@antv\component\esm\util\src\util\svg2marker.ts'[39m[22m

[1m[33mWARNING[39m[22m in [1m./node_modules/@antv/component/esm/util/text.js[39m[22m
[1mModule Warning (from ./node_modules/source-map-loader/dist/cjs.js):
[1m[31mFailed[39m[22m[1m to parse source map from 'E:\Windsurf-Qlib\qlib-frontend\node_modules\@antv\component\esm\util\src\util\text.ts' file: [1m[31mError[39m[22m[1m: ENOENT: no such file or directory, open 'E:\Windsurf-Qlib\qlib-frontend\node_modules\@antv\component\esm\util\src\util\text.ts'[39m[22m

[1m[33mWARNING[39m[22m in [1m./node_modules/@antv/component/esm/util/throttle.js[39m[22m
[1mModule Warning (from ./node_modules/source-map-loader/dist/cjs.js):
[1m[31mFailed[39m[22m[1m to parse source map from 'E:\Windsurf-Qlib\qlib-frontend\node_modules\@antv\component\esm\util\src\util\throttle.ts' file: [1m[31mError[39m[22m[1m: ENOENT: no such file or directory, open 'E:\Windsurf-Qlib\qlib-frontend\node_modules\@antv\component\esm\util\src\util\throttle.ts'[39m[22m

[1m[33mWARNING[39m[22m in [1m./node_modules/@antv/component/esm/util/time.js[39m[22m
[1mModule Warning (from ./node_modules/source-map-loader/dist/cjs.js):
[1m[31mFailed[39m[22m[1m to parse source map from 'E:\Windsurf-Qlib\qlib-frontend\node_modules\@antv\component\esm\util\src\util\time.ts' file: [1m[31mError[39m[22m[1m: ENOENT: no such file or directory, open 'E:\Windsurf-Qlib\qlib-frontend\node_modules\@antv\component\esm\util\src\util\time.ts'[39m[22m

[1m[33mWARNING[39m[22m in [1m./node_modules/@antv/component/esm/util/timer.js[39m[22m
[1mModule Warning (from ./node_modules/source-map-loader/dist/cjs.js):
[1m[31mFailed[39m[22m[1m to parse source map from 'E:\Windsurf-Qlib\qlib-frontend\node_modules\@antv\component\esm\util\src\util\timer.ts' file: [1m[31mError[39m[22m[1m: ENOENT: no such file or directory, open 'E:\Windsurf-Qlib\qlib-frontend\node_modules\@antv\component\esm\util\src\util\timer.ts'[39m[22m

[1m[33mWARNING[39m[22m in [1m./node_modules/@antv/component/esm/util/transform.js[39m[22m
[1mModule Warning (from ./node_modules/source-map-loader/dist/cjs.js):
[1m[31mFailed[39m[22m[1m to parse source map from 'E:\Windsurf-Qlib\qlib-frontend\node_modules\@antv\component\esm\util\src\util\transform.ts' file: [1m[31mError[39m[22m[1m: ENOENT: no such file or directory, open 'E:\Windsurf-Qlib\qlib-frontend\node_modules\@antv\component\esm\util\src\util\transform.ts'[39m[22m

[1m[33mWARNING[39m[22m in [1m./node_modules/@antv/component/esm/util/transpose.js[39m[22m
[1mModule Warning (from ./node_modules/source-map-loader/dist/cjs.js):
[1m[31mFailed[39m[22m[1m to parse source map from 'E:\Windsurf-Qlib\qlib-frontend\node_modules\@antv\component\esm\util\src\util\transpose.ts' file: [1m[31mError[39m[22m[1m: ENOENT: no such file or directory, open 'E:\Windsurf-Qlib\qlib-frontend\node_modules\@antv\component\esm\util\src\util\transpose.ts'[39m[22m

[1m[33mWARNING[39m[22m in [1m./node_modules/@antv/component/esm/util/traverse.js[39m[22m
[1mModule Warning (from ./node_modules/source-map-loader/dist/cjs.js):
[1m[31mFailed[39m[22m[1m to parse source map from 'E:\Windsurf-Qlib\qlib-frontend\node_modules\@antv\component\esm\util\src\util\traverse.ts' file: [1m[31mError[39m[22m[1m: ENOENT: no such file or directory, open 'E:\Windsurf-Qlib\qlib-frontend\node_modules\@antv\component\esm\util\src\util\traverse.ts'[39m[22m

[1m[33mWARNING[39m[22m in [1m./node_modules/@antv/component/esm/util/visibility.js[39m[22m
[1mModule Warning (from ./node_modules/source-map-loader/dist/cjs.js):
[1m[31mFailed[39m[22m[1m to parse source map from 'E:\Windsurf-Qlib\qlib-frontend\node_modules\@antv\component\esm\util\src\util\visibility.ts' file: [1m[31mError[39m[22m[1m: ENOENT: no such file or directory, open 'E:\Windsurf-Qlib\qlib-frontend\node_modules\@antv\component\esm\util\src\util\visibility.ts'[39m[22m

[1m[33mWARNING[39m[22m in [1m./node_modules/@antv/component/esm/util/wrap.js[39m[22m
[1mModule Warning (from ./node_modules/source-map-loader/dist/cjs.js):
[1m[31mFailed[39m[22m[1m to parse source map from 'E:\Windsurf-Qlib\qlib-frontend\node_modules\@antv\component\esm\util\src\util\wrap.ts' file: [1m[31mError[39m[22m[1m: ENOENT: no such file or directory, open 'E:\Windsurf-Qlib\qlib-frontend\node_modules\@antv\component\esm\util\src\util\wrap.ts'[39m[22m

[1m[33mWARNING[39m[22m in [1m./node_modules/@antv/g-math/dist/index.esm.js[39m[22m
[1mModule Warning (from ./node_modules/source-map-loader/dist/cjs.js):
[1m[31mFailed[39m[22m[1m to parse source map from 'E:\Windsurf-Qlib\qlib-frontend\node_modules\@antv\g-math\src\packages\g-math\src\arc.ts' file: [1m[31mError[39m[22m[1m: ENOENT: no such file or directory, open 'E:\Windsurf-Qlib\qlib-frontend\node_modules\@antv\g-math\src\packages\g-math\src\arc.ts'[39m[22m

[1m[33mWARNING[39m[22m in [1m./node_modules/@antv/g-math/dist/index.esm.js[39m[22m
[1mModule Warning (from ./node_modules/source-map-loader/dist/cjs.js):
[1m[31mFailed[39m[22m[1m to parse source map from 'E:\Windsurf-Qlib\qlib-frontend\node_modules\@antv\g-math\src\packages\g-math\src\bezier.ts' file: [1m[31mError[39m[22m[1m: ENOENT: no such file or directory, open 'E:\Windsurf-Qlib\qlib-frontend\node_modules\@antv\g-math\src\packages\g-math\src\bezier.ts'[39m[22m

[1m[33mWARNING[39m[22m in [1m./node_modules/@antv/g-math/dist/index.esm.js[39m[22m
[1mModule Warning (from ./node_modules/source-map-loader/dist/cjs.js):
[1m[31mFailed[39m[22m[1m to parse source map from 'E:\Windsurf-Qlib\qlib-frontend\node_modules\@antv\g-math\src\packages\g-math\src\cubic.ts' file: [1m[31mError[39m[22m[1m: ENOENT: no such file or directory, open 'E:\Windsurf-Qlib\qlib-frontend\node_modules\@antv\g-math\src\packages\g-math\src\cubic.ts'[39m[22m

[1m[33mWARNING[39m[22m in [1m./node_modules/@antv/g-math/dist/index.esm.js[39m[22m
[1mModule Warning (from ./node_modules/source-map-loader/dist/cjs.js):
[1m[31mFailed[39m[22m[1m to parse source map from 'E:\Windsurf-Qlib\qlib-frontend\node_modules\@antv\g-math\src\packages\g-math\src\ellipse.ts' file: [1m[31mError[39m[22m[1m: ENOENT: no such file or directory, open 'E:\Windsurf-Qlib\qlib-frontend\node_modules\@antv\g-math\src\packages\g-math\src\ellipse.ts'[39m[22m

[1m[33mWARNING[39m[22m in [1m./node_modules/@antv/g-math/dist/index.esm.js[39m[22m
[1mModule Warning (from ./node_modules/source-map-loader/dist/cjs.js):
[1m[31mFailed[39m[22m[1m to parse source map from 'E:\Windsurf-Qlib\qlib-frontend\node_modules\@antv\g-math\src\packages\g-math\src\line.ts' file: [1m[31mError[39m[22m[1m: ENOENT: no such file or directory, open 'E:\Windsurf-Qlib\qlib-frontend\node_modules\@antv\g-math\src\packages\g-math\src\line.ts'[39m[22m

[1m[33mWARNING[39m[22m in [1m./node_modules/@antv/g-math/dist/index.esm.js[39m[22m
[1mModule Warning (from ./node_modules/source-map-loader/dist/cjs.js):
[1m[31mFailed[39m[22m[1m to parse source map from 'E:\Windsurf-Qlib\qlib-frontend\node_modules\@antv\g-math\src\packages\g-math\src\polygon.ts' file: [1m[31mError[39m[22m[1m: ENOENT: no such file or directory, open 'E:\Windsurf-Qlib\qlib-frontend\node_modules\@antv\g-math\src\packages\g-math\src\polygon.ts'[39m[22m

[1m[33mWARNING[39m[22m in [1m./node_modules/@antv/g-math/dist/index.esm.js[39m[22m
[1mModule Warning (from ./node_modules/source-map-loader/dist/cjs.js):
[1m[31mFailed[39m[22m[1m to parse source map from 'E:\Windsurf-Qlib\qlib-frontend\node_modules\@antv\g-math\src\packages\g-math\src\polyline.ts' file: [1m[31mError[39m[22m[1m: ENOENT: no such file or directory, open 'E:\Windsurf-Qlib\qlib-frontend\node_modules\@antv\g-math\src\packages\g-math\src\polyline.ts'[39m[22m

[1m[33mWARNING[39m[22m in [1m./node_modules/@antv/g-math/dist/index.esm.js[39m[22m
[1mModule Warning (from ./node_modules/source-map-loader/dist/cjs.js):
[1m[31mFailed[39m[22m[1m to parse source map from 'E:\Windsurf-Qlib\qlib-frontend\node_modules\@antv\g-math\src\packages\g-math\src\quadratic.ts' file: [1m[31mError[39m[22m[1m: ENOENT: no such file or directory, open 'E:\Windsurf-Qlib\qlib-frontend\node_modules\@antv\g-math\src\packages\g-math\src\quadratic.ts'[39m[22m

[1m[33mWARNING[39m[22m in [1m./node_modules/@antv/g-math/dist/index.esm.js[39m[22m
[1mModule Warning (from ./node_modules/source-map-loader/dist/cjs.js):
[1m[31mFailed[39m[22m[1m to parse source map from 'E:\Windsurf-Qlib\qlib-frontend\node_modules\@antv\g-math\src\packages\g-math\src\segments.ts' file: [1m[31mError[39m[22m[1m: ENOENT: no such file or directory, open 'E:\Windsurf-Qlib\qlib-frontend\node_modules\@antv\g-math\src\packages\g-math\src\segments.ts'[39m[22m

[1m[33mWARNING[39m[22m in [1m./node_modules/@antv/g-math/dist/index.esm.js[39m[22m
[1mModule Warning (from ./node_modules/source-map-loader/dist/cjs.js):
[1m[31mFailed[39m[22m[1m to parse source map from 'E:\Windsurf-Qlib\qlib-frontend\node_modules\@antv\g-math\src\packages\g-math\src\util.ts' file: [1m[31mError[39m[22m[1m: ENOENT: no such file or directory, open 'E:\Windsurf-Qlib\qlib-frontend\node_modules\@antv\g-math\src\packages\g-math\src\util.ts'[39m[22m

[1m[33mWARNING[39m[22m in [1m./node_modules/@antv/g2-extension-plot/esm/index.js[39m[22m
[1mModule Warning (from ./node_modules/source-map-loader/dist/cjs.js):
[1m[31mFailed[39m[22m[1m to parse source map from 'E:\Windsurf-Qlib\qlib-frontend\node_modules\@antv\g2-extension-plot\esm\src\index.ts' file: [1m[31mError[39m[22m[1m: ENOENT: no such file or directory, open 'E:\Windsurf-Qlib\qlib-frontend\node_modules\@antv\g2-extension-plot\esm\src\index.ts'[39m[22m

[1m[33mWARNING[39m[22m in [1m./node_modules/@antv/g2-extension-plot/esm/interaction/drillDown.js[39m[22m
[1mModule Warning (from ./node_modules/source-map-loader/dist/cjs.js):
[1m[31mFailed[39m[22m[1m to parse source map from 'E:\Windsurf-Qlib\qlib-frontend\node_modules\@antv\g2-extension-plot\esm\interaction\src\interaction\drillDown.ts' file: [1m[31mError[39m[22m[1m: ENOENT: no such file or directory, open 'E:\Windsurf-Qlib\qlib-frontend\node_modules\@antv\g2-extension-plot\esm\interaction\src\interaction\drillDown.ts'[39m[22m

[1m[33mWARNING[39m[22m in [1m./node_modules/@antv/g2-extension-plot/esm/interaction/index.js[39m[22m
[1mModule Warning (from ./node_modules/source-map-loader/dist/cjs.js):
[1m[31mFailed[39m[22m[1m to parse source map from 'E:\Windsurf-Qlib\qlib-frontend\node_modules\@antv\g2-extension-plot\esm\interaction\src\interaction\index.ts' file: [1m[31mError[39m[22m[1m: ENOENT: no such file or directory, open 'E:\Windsurf-Qlib\qlib-frontend\node_modules\@antv\g2-extension-plot\esm\interaction\src\interaction\index.ts'[39m[22m

[1m[33mWARNING[39m[22m in [1m./node_modules/@antv/g2-extension-plot/esm/lib.js[39m[22m
[1mModule Warning (from ./node_modules/source-map-loader/dist/cjs.js):
[1m[31mFailed[39m[22m[1m to parse source map from 'E:\Windsurf-Qlib\qlib-frontend\node_modules\@antv\g2-extension-plot\esm\src\lib.ts' file: [1m[31mError[39m[22m[1m: ENOENT: no such file or directory, open 'E:\Windsurf-Qlib\qlib-frontend\node_modules\@antv\g2-extension-plot\esm\src\lib.ts'[39m[22m

[1m[33mWARNING[39m[22m in [1m./node_modules/@antv/g2-extension-plot/esm/mark/index.js[39m[22m
[1mModule Warning (from ./node_modules/source-map-loader/dist/cjs.js):
[1m[31mFailed[39m[22m[1m to parse source map from 'E:\Windsurf-Qlib\qlib-frontend\node_modules\@antv\g2-extension-plot\esm\mark\src\mark\index.ts' file: [1m[31mError[39m[22m[1m: ENOENT: no such file or directory, open 'E:\Windsurf-Qlib\qlib-frontend\node_modules\@antv\g2-extension-plot\esm\mark\src\mark\index.ts'[39m[22m

[1m[33mWARNING[39m[22m in [1m./node_modules/@antv/g2-extension-plot/esm/mark/sunburst.js[39m[22m
[1mModule Warning (from ./node_modules/source-map-loader/dist/cjs.js):
[1m[31mFailed[39m[22m[1m to parse source map from 'E:\Windsurf-Qlib\qlib-frontend\node_modules\@antv\g2-extension-plot\esm\mark\src\mark\sunburst.ts' file: [1m[31mError[39m[22m[1m: ENOENT: no such file or directory, open 'E:\Windsurf-Qlib\qlib-frontend\node_modules\@antv\g2-extension-plot\esm\mark\src\mark\sunburst.ts'[39m[22m

[1m[33mWARNING[39m[22m in [1m./node_modules/@antv/g2-extension-plot/esm/utils/hierarchy/partition.js[39m[22m
[1mModule Warning (from ./node_modules/source-map-loader/dist/cjs.js):
[1m[31mFailed[39m[22m[1m to parse source map from 'E:\Windsurf-Qlib\qlib-frontend\node_modules\@antv\g2-extension-plot\esm\utils\hierarchy\src\utils\hierarchy\partition.ts' file: [1m[31mError[39m[22m[1m: ENOENT: no such file or directory, open 'E:\Windsurf-Qlib\qlib-frontend\node_modules\@antv\g2-extension-plot\esm\utils\hierarchy\src\utils\hierarchy\partition.ts'[39m[22m

[1m[33mWARNING[39m[22m in [1m./node_modules/@antv/g2/esm/animation/fadeIn.js[39m[22m
[1mModule Warning (from ./node_modules/source-map-loader/dist/cjs.js):
[1m[31mFailed[39m[22m[1m to parse source map from 'E:\Windsurf-Qlib\qlib-frontend\node_modules\@antv\g2\esm\animation\src\animation\fadeIn.ts' file: [1m[31mError[39m[22m[1m: ENOENT: no such file or directory, open 'E:\Windsurf-Qlib\qlib-frontend\node_modules\@antv\g2\esm\animation\src\animation\fadeIn.ts'[39m[22m

[1m[33mWARNING[39m[22m in [1m./node_modules/@antv/g2/esm/animation/fadeOut.js[39m[22m
[1mModule Warning (from ./node_modules/source-map-loader/dist/cjs.js):
[1m[31mFailed[39m[22m[1m to parse source map from 'E:\Windsurf-Qlib\qlib-frontend\node_modules\@antv\g2\esm\animation\src\animation\fadeOut.ts' file: [1m[31mError[39m[22m[1m: ENOENT: no such file or directory, open 'E:\Windsurf-Qlib\qlib-frontend\node_modules\@antv\g2\esm\animation\src\animation\fadeOut.ts'[39m[22m

[1m[33mWARNING[39m[22m in [1m./node_modules/@antv/g2/esm/animation/growInX.js[39m[22m
[1mModule Warning (from ./node_modules/source-map-loader/dist/cjs.js):
[1m[31mFailed[39m[22m[1m to parse source map from 'E:\Windsurf-Qlib\qlib-frontend\node_modules\@antv\g2\esm\animation\src\animation\growInX.ts' file: [1m[31mError[39m[22m[1m: ENOENT: no such file or directory, open 'E:\Windsurf-Qlib\qlib-frontend\node_modules\@antv\g2\esm\animation\src\animation\growInX.ts'[39m[22m

[1m[33mWARNING[39m[22m in [1m./node_modules/@antv/g2/esm/animation/growInY.js[39m[22m
[1mModule Warning (from ./node_modules/source-map-loader/dist/cjs.js):
[1m[31mFailed[39m[22m[1m to parse source map from 'E:\Windsurf-Qlib\qlib-frontend\node_modules\@antv\g2\esm\animation\src\animation\growInY.ts' file: [1m[31mError[39m[22m[1m: ENOENT: no such file or directory, open 'E:\Windsurf-Qlib\qlib-frontend\node_modules\@antv\g2\esm\animation\src\animation\growInY.ts'[39m[22m

[1m[33mWARNING[39m[22m in [1m./node_modules/@antv/g2/esm/animation/index.js[39m[22m
[1mModule Warning (from ./node_modules/source-map-loader/dist/cjs.js):
[1m[31mFailed[39m[22m[1m to parse source map from 'E:\Windsurf-Qlib\qlib-frontend\node_modules\@antv\g2\esm\animation\src\animation\index.ts' file: [1m[31mError[39m[22m[1m: ENOENT: no such file or directory, open 'E:\Windsurf-Qlib\qlib-frontend\node_modules\@antv\g2\esm\animation\src\animation\index.ts'[39m[22m

[1m[33mWARNING[39m[22m in [1m./node_modules/@antv/g2/esm/animation/morphing.js[39m[22m
[1mModule Warning (from ./node_modules/source-map-loader/dist/cjs.js):
[1m[31mFailed[39m[22m[1m to parse source map from 'E:\Windsurf-Qlib\qlib-frontend\node_modules\@antv\g2\esm\animation\src\animation\morphing.ts' file: [1m[31mError[39m[22m[1m: ENOENT: no such file or directory, open 'E:\Windsurf-Qlib\qlib-frontend\node_modules\@antv\g2\esm\animation\src\animation\morphing.ts'[39m[22m

[1m[33mWARNING[39m[22m in [1m./node_modules/@antv/g2/esm/animation/pathIn.js[39m[22m
[1mModule Warning (from ./node_modules/source-map-loader/dist/cjs.js):
[1m[31mFailed[39m[22m[1m to parse source map from 'E:\Windsurf-Qlib\qlib-frontend\node_modules\@antv\g2\esm\animation\src\animation\pathIn.ts' file: [1m[31mError[39m[22m[1m: ENOENT: no such file or directory, open 'E:\Windsurf-Qlib\qlib-frontend\node_modules\@antv\g2\esm\animation\src\animation\pathIn.ts'[39m[22m

[1m[33mWARNING[39m[22m in [1m./node_modules/@antv/g2/esm/animation/scaleInX.js[39m[22m
[1mModule Warning (from ./node_modules/source-map-loader/dist/cjs.js):
[1m[31mFailed[39m[22m[1m to parse source map from 'E:\Windsurf-Qlib\qlib-frontend\node_modules\@antv\g2\esm\animation\src\animation\scaleInX.ts' file: [1m[31mError[39m[22m[1m: ENOENT: no such file or directory, open 'E:\Windsurf-Qlib\qlib-frontend\node_modules\@antv\g2\esm\animation\src\animation\scaleInX.ts'[39m[22m

[1m[33mWARNING[39m[22m in [1m./node_modules/@antv/g2/esm/animation/scaleInY.js[39m[22m
[1mModule Warning (from ./node_modules/source-map-loader/dist/cjs.js):
[1m[31mFailed[39m[22m[1m to parse source map from 'E:\Windsurf-Qlib\qlib-frontend\node_modules\@antv\g2\esm\animation\src\animation\scaleInY.ts' file: [1m[31mError[39m[22m[1m: ENOENT: no such file or directory, open 'E:\Windsurf-Qlib\qlib-frontend\node_modules\@antv\g2\esm\animation\src\animation\scaleInY.ts'[39m[22m

[1m[33mWARNING[39m[22m in [1m./node_modules/@antv/g2/esm/animation/scaleOutX.js[39m[22m
[1mModule Warning (from ./node_modules/source-map-loader/dist/cjs.js):
[1m[31mFailed[39m[22m[1m to parse source map from 'E:\Windsurf-Qlib\qlib-frontend\node_modules\@antv\g2\esm\animation\src\animation\scaleOutX.ts' file: [1m[31mError[39m[22m[1m: ENOENT: no such file or directory, open 'E:\Windsurf-Qlib\qlib-frontend\node_modules\@antv\g2\esm\animation\src\animation\scaleOutX.ts'[39m[22m

[1m[33mWARNING[39m[22m in [1m./node_modules/@antv/g2/esm/animation/scaleOutY.js[39m[22m
[1mModule Warning (from ./node_modules/source-map-loader/dist/cjs.js):
[1m[31mFailed[39m[22m[1m to parse source map from 'E:\Windsurf-Qlib\qlib-frontend\node_modules\@antv\g2\esm\animation\src\animation\scaleOutY.ts' file: [1m[31mError[39m[22m[1m: ENOENT: no such file or directory, open 'E:\Windsurf-Qlib\qlib-frontend\node_modules\@antv\g2\esm\animation\src\animation\scaleOutY.ts'[39m[22m

[1m[33mWARNING[39m[22m in [1m./node_modules/@antv/g2/esm/animation/utils.js[39m[22m
[1mModule Warning (from ./node_modules/source-map-loader/dist/cjs.js):
[1m[31mFailed[39m[22m[1m to parse source map from 'E:\Windsurf-Qlib\qlib-frontend\node_modules\@antv\g2\esm\animation\src\animation\utils.ts' file: [1m[31mError[39m[22m[1m: ENOENT: no such file or directory, open 'E:\Windsurf-Qlib\qlib-frontend\node_modules\@antv\g2\esm\animation\src\animation\utils.ts'[39m[22m

[1m[33mWARNING[39m[22m in [1m./node_modules/@antv/g2/esm/animation/waveIn.js[39m[22m
[1mModule Warning (from ./node_modules/source-map-loader/dist/cjs.js):
[1m[31mFailed[39m[22m[1m to parse source map from 'E:\Windsurf-Qlib\qlib-frontend\node_modules\@antv\g2\esm\animation\src\animation\waveIn.ts' file: [1m[31mError[39m[22m[1m: ENOENT: no such file or directory, open 'E:\Windsurf-Qlib\qlib-frontend\node_modules\@antv\g2\esm\animation\src\animation\waveIn.ts'[39m[22m

[1m[33mWARNING[39m[22m in [1m./node_modules/@antv/g2/esm/animation/zoomIn.js[39m[22m
[1mModule Warning (from ./node_modules/source-map-loader/dist/cjs.js):
[1m[31mFailed[39m[22m[1m to parse source map from 'E:\Windsurf-Qlib\qlib-frontend\node_modules\@antv\g2\esm\animation\src\animation\zoomIn.ts' file: [1m[31mError[39m[22m[1m: ENOENT: no such file or directory, open 'E:\Windsurf-Qlib\qlib-frontend\node_modules\@antv\g2\esm\animation\src\animation\zoomIn.ts'[39m[22m

[1m[33mWARNING[39m[22m in [1m./node_modules/@antv/g2/esm/animation/zoomOut.js[39m[22m
[1mModule Warning (from ./node_modules/source-map-loader/dist/cjs.js):
[1m[31mFailed[39m[22m[1m to parse source map from 'E:\Windsurf-Qlib\qlib-frontend\node_modules\@antv\g2\esm\animation\src\animation\zoomOut.ts' file: [1m[31mError[39m[22m[1m: ENOENT: no such file or directory, open 'E:\Windsurf-Qlib\qlib-frontend\node_modules\@antv\g2\esm\animation\src\animation\zoomOut.ts'[39m[22m

[1m[33mWARNING[39m[22m in [1m./node_modules/@antv/g2/esm/api/chart.js[39m[22m
[1mModule Warning (from ./node_modules/source-map-loader/dist/cjs.js):
[1m[31mFailed[39m[22m[1m to parse source map from 'E:\Windsurf-Qlib\qlib-frontend\node_modules\@antv\g2\esm\api\src\api\chart.ts' file: [1m[31mError[39m[22m[1m: ENOENT: no such file or directory, open 'E:\Windsurf-Qlib\qlib-frontend\node_modules\@antv\g2\esm\api\src\api\chart.ts'[39m[22m

[1m[33mWARNING[39m[22m in [1m./node_modules/@antv/g2/esm/api/composition.js[39m[22m
[1mModule Warning (from ./node_modules/source-map-loader/dist/cjs.js):
[1m[31mFailed[39m[22m[1m to parse source map from 'E:\Windsurf-Qlib\qlib-frontend\node_modules\@antv\g2\esm\api\src\api\composition.ts' file: [1m[31mError[39m[22m[1m: ENOENT: no such file or directory, open 'E:\Windsurf-Qlib\qlib-frontend\node_modules\@antv\g2\esm\api\src\api\composition.ts'[39m[22m

[1m[33mWARNING[39m[22m in [1m./node_modules/@antv/g2/esm/api/define.js[39m[22m
[1mModule Warning (from ./node_modules/source-map-loader/dist/cjs.js):
[1m[31mFailed[39m[22m[1m to parse source map from 'E:\Windsurf-Qlib\qlib-frontend\node_modules\@antv\g2\esm\api\src\api\define.ts' file: [1m[31mError[39m[22m[1m: ENOENT: no such file or directory, open 'E:\Windsurf-Qlib\qlib-frontend\node_modules\@antv\g2\esm\api\src\api\define.ts'[39m[22m

[1m[33mWARNING[39m[22m in [1m./node_modules/@antv/g2/esm/api/extend.js[39m[22m
[1mModule Warning (from ./node_modules/source-map-loader/dist/cjs.js):
[1m[31mFailed[39m[22m[1m to parse source map from 'E:\Windsurf-Qlib\qlib-frontend\node_modules\@antv\g2\esm\api\src\api\extend.ts' file: [1m[31mError[39m[22m[1m: ENOENT: no such file or directory, open 'E:\Windsurf-Qlib\qlib-frontend\node_modules\@antv\g2\esm\api\src\api\extend.ts'[39m[22m

[1m[33mWARNING[39m[22m in [1m./node_modules/@antv/g2/esm/api/index.js[39m[22m
[1mModule Warning (from ./node_modules/source-map-loader/dist/cjs.js):
[1m[31mFailed[39m[22m[1m to parse source map from 'E:\Windsurf-Qlib\qlib-frontend\node_modules\@antv\g2\esm\api\src\api\index.ts' file: [1m[31mError[39m[22m[1m: ENOENT: no such file or directory, open 'E:\Windsurf-Qlib\qlib-frontend\node_modules\@antv\g2\esm\api\src\api\index.ts'[39m[22m

[1m[33mWARNING[39m[22m in [1m./node_modules/@antv/g2/esm/api/library.js[39m[22m
[1mModule Warning (from ./node_modules/source-map-loader/dist/cjs.js):
[1m[31mFailed[39m[22m[1m to parse source map from 'E:\Windsurf-Qlib\qlib-frontend\node_modules\@antv\g2\esm\api\src\api\library.ts' file: [1m[31mError[39m[22m[1m: ENOENT: no such file or directory, open 'E:\Windsurf-Qlib\qlib-frontend\node_modules\@antv\g2\esm\api\src\api\library.ts'[39m[22m

[1m[33mWARNING[39m[22m in [1m./node_modules/@antv/g2/esm/api/mark.js[39m[22m
[1mModule Warning (from ./node_modules/source-map-loader/dist/cjs.js):
[1m[31mFailed[39m[22m[1m to parse source map from 'E:\Windsurf-Qlib\qlib-frontend\node_modules\@antv\g2\esm\api\src\api\mark.ts' file: [1m[31mError[39m[22m[1m: ENOENT: no such file or directory, open 'E:\Windsurf-Qlib\qlib-frontend\node_modules\@antv\g2\esm\api\src\api\mark.ts'[39m[22m

[1m[33mWARNING[39m[22m in [1m./node_modules/@antv/g2/esm/api/node.js[39m[22m
[1mModule Warning (from ./node_modules/source-map-loader/dist/cjs.js):
[1m[31mFailed[39m[22m[1m to parse source map from 'E:\Windsurf-Qlib\qlib-frontend\node_modules\@antv\g2\esm\api\src\api\node.ts' file: [1m[31mError[39m[22m[1m: ENOENT: no such file or directory, open 'E:\Windsurf-Qlib\qlib-frontend\node_modules\@antv\g2\esm\api\src\api\node.ts'[39m[22m

[1m[33mWARNING[39m[22m in [1m./node_modules/@antv/g2/esm/api/props.js[39m[22m
[1mModule Warning (from ./node_modules/source-map-loader/dist/cjs.js):
[1m[31mFailed[39m[22m[1m to parse source map from 'E:\Windsurf-Qlib\qlib-frontend\node_modules\@antv\g2\esm\api\src\api\props.ts' file: [1m[31mError[39m[22m[1m: ENOENT: no such file or directory, open 'E:\Windsurf-Qlib\qlib-frontend\node_modules\@antv\g2\esm\api\src\api\props.ts'[39m[22m

[1m[33mWARNING[39m[22m in [1m./node_modules/@antv/g2/esm/api/runtime.js[39m[22m
[1mModule Warning (from ./node_modules/source-map-loader/dist/cjs.js):
[1m[31mFailed[39m[22m[1m to parse source map from 'E:\Windsurf-Qlib\qlib-frontend\node_modules\@antv\g2\esm\api\src\api\runtime.ts' file: [1m[31mError[39m[22m[1m: ENOENT: no such file or directory, open 'E:\Windsurf-Qlib\qlib-frontend\node_modules\@antv\g2\esm\api\src\api\runtime.ts'[39m[22m

[1m[33mWARNING[39m[22m in [1m./node_modules/@antv/g2/esm/api/utils.js[39m[22m
[1mModule Warning (from ./node_modules/source-map-loader/dist/cjs.js):
[1m[31mFailed[39m[22m[1m to parse source map from 'E:\Windsurf-Qlib\qlib-frontend\node_modules\@antv\g2\esm\api\src\api\utils.ts' file: [1m[31mError[39m[22m[1m: ENOENT: no such file or directory, open 'E:\Windsurf-Qlib\qlib-frontend\node_modules\@antv\g2\esm\api\src\api\utils.ts'[39m[22m

[1m[33mWARNING[39m[22m in [1m./node_modules/@antv/g2/esm/component/axis.js[39m[22m
[1mModule Warning (from ./node_modules/source-map-loader/dist/cjs.js):
[1m[31mFailed[39m[22m[1m to parse source map from 'E:\Windsurf-Qlib\qlib-frontend\node_modules\@antv\g2\esm\component\src\component\axis.ts' file: [1m[31mError[39m[22m[1m: ENOENT: no such file or directory, open 'E:\Windsurf-Qlib\qlib-frontend\node_modules\@antv\g2\esm\component\src\component\axis.ts'[39m[22m

[1m[33mWARNING[39m[22m in [1m./node_modules/@antv/g2/esm/component/axisRadar.js[39m[22m
[1mModule Warning (from ./node_modules/source-map-loader/dist/cjs.js):
[1m[31mFailed[39m[22m[1m to parse source map from 'E:\Windsurf-Qlib\qlib-frontend\node_modules\@antv\g2\esm\component\src\component\axisRadar.ts' file: [1m[31mError[39m[22m[1m: ENOENT: no such file or directory, open 'E:\Windsurf-Qlib\qlib-frontend\node_modules\@antv\g2\esm\component\src\component\axisRadar.ts'[39m[22m

[1m[33mWARNING[39m[22m in [1m./node_modules/@antv/g2/esm/component/axisX.js[39m[22m
[1mModule Warning (from ./node_modules/source-map-loader/dist/cjs.js):
[1m[31mFailed[39m[22m[1m to parse source map from 'E:\Windsurf-Qlib\qlib-frontend\node_modules\@antv\g2\esm\component\src\component\axisX.ts' file: [1m[31mError[39m[22m[1m: ENOENT: no such file or directory, open 'E:\Windsurf-Qlib\qlib-frontend\node_modules\@antv\g2\esm\component\src\component\axisX.ts'[39m[22m

[1m[33mWARNING[39m[22m in [1m./node_modules/@antv/g2/esm/component/axisY.js[39m[22m
[1mModule Warning (from ./node_modules/source-map-loader/dist/cjs.js):
[1m[31mFailed[39m[22m[1m to parse source map from 'E:\Windsurf-Qlib\qlib-frontend\node_modules\@antv\g2\esm\component\src\component\axisY.ts' file: [1m[31mError[39m[22m[1m: ENOENT: no such file or directory, open 'E:\Windsurf-Qlib\qlib-frontend\node_modules\@antv\g2\esm\component\src\component\axisY.ts'[39m[22m

[1m[33mWARNING[39m[22m in [1m./node_modules/@antv/g2/esm/component/constant.js[39m[22m
[1mModule Warning (from ./node_modules/source-map-loader/dist/cjs.js):
[1m[31mFailed[39m[22m[1m to parse source map from 'E:\Windsurf-Qlib\qlib-frontend\node_modules\@antv\g2\esm\component\src\component\constant.ts' file: [1m[31mError[39m[22m[1m: ENOENT: no such file or directory, open 'E:\Windsurf-Qlib\qlib-frontend\node_modules\@antv\g2\esm\component\src\component\constant.ts'[39m[22m

[1m[33mWARNING[39m[22m in [1m./node_modules/@antv/g2/esm/component/index.js[39m[22m
[1mModule Warning (from ./node_modules/source-map-loader/dist/cjs.js):
[1m[31mFailed[39m[22m[1m to parse source map from 'E:\Windsurf-Qlib\qlib-frontend\node_modules\@antv\g2\esm\component\src\component\index.ts' file: [1m[31mError[39m[22m[1m: ENOENT: no such file or directory, open 'E:\Windsurf-Qlib\qlib-frontend\node_modules\@antv\g2\esm\component\src\component\index.ts'[39m[22m

[1m[33mWARNING[39m[22m in [1m./node_modules/@antv/g2/esm/component/legendCategory.js[39m[22m
[1mModule Warning (from ./node_modules/source-map-loader/dist/cjs.js):
[1m[31mFailed[39m[22m[1m to parse source map from 'E:\Windsurf-Qlib\qlib-frontend\node_modules\@antv\g2\esm\component\src\component\legendCategory.ts' file: [1m[31mError[39m[22m[1m: ENOENT: no such file or directory, open 'E:\Windsurf-Qlib\qlib-frontend\node_modules\@antv\g2\esm\component\src\component\legendCategory.ts'[39m[22m

[1m[33mWARNING[39m[22m in [1m./node_modules/@antv/g2/esm/component/legendContinuous.js[39m[22m
[1mModule Warning (from ./node_modules/source-map-loader/dist/cjs.js):
[1m[31mFailed[39m[22m[1m to parse source map from 'E:\Windsurf-Qlib\qlib-frontend\node_modules\@antv\g2\esm\component\src\component\legendContinuous.ts' file: [1m[31mError[39m[22m[1m: ENOENT: no such file or directory, open 'E:\Windsurf-Qlib\qlib-frontend\node_modules\@antv\g2\esm\component\src\component\legendContinuous.ts'[39m[22m

[1m[33mWARNING[39m[22m in [1m./node_modules/@antv/g2/esm/component/legendContinuousBlock.js[39m[22m
[1mModule Warning (from ./node_modules/source-map-loader/dist/cjs.js):
[1m[31mFailed[39m[22m[1m to parse source map from 'E:\Windsurf-Qlib\qlib-frontend\node_modules\@antv\g2\esm\component\src\component\legendContinuousBlock.ts' file: [1m[31mError[39m[22m[1m: ENOENT: no such file or directory, open 'E:\Windsurf-Qlib\qlib-frontend\node_modules\@antv\g2\esm\component\src\component\legendContinuousBlock.ts'[39m[22m

[1m[33mWARNING[39m[22m in [1m./node_modules/@antv/g2/esm/component/legendContinuousBlockSize.js[39m[22m
[1mModule Warning (from ./node_modules/source-map-loader/dist/cjs.js):
[1m[31mFailed[39m[22m[1m to parse source map from 'E:\Windsurf-Qlib\qlib-frontend\node_modules\@antv\g2\esm\component\src\component\legendContinuousBlockSize.ts' file: [1m[31mError[39m[22m[1m: ENOENT: no such file or directory, open 'E:\Windsurf-Qlib\qlib-frontend\node_modules\@antv\g2\esm\component\src\component\legendContinuousBlockSize.ts'[39m[22m

[1m[33mWARNING[39m[22m in [1m./node_modules/@antv/g2/esm/component/legendContinuousSize.js[39m[22m
[1mModule Warning (from ./node_modules/source-map-loader/dist/cjs.js):
[1m[31mFailed[39m[22m[1m to parse source map from 'E:\Windsurf-Qlib\qlib-frontend\node_modules\@antv\g2\esm\component\src\component\legendContinuousSize.ts' file: [1m[31mError[39m[22m[1m: ENOENT: no such file or directory, open 'E:\Windsurf-Qlib\qlib-frontend\node_modules\@antv\g2\esm\component\src\component\legendContinuousSize.ts'[39m[22m

[1m[33mWARNING[39m[22m in [1m./node_modules/@antv/g2/esm/component/legends.js[39m[22m
[1mModule Warning (from ./node_modules/source-map-loader/dist/cjs.js):
[1m[31mFailed[39m[22m[1m to parse source map from 'E:\Windsurf-Qlib\qlib-frontend\node_modules\@antv\g2\esm\component\src\component\legends.ts' file: [1m[31mError[39m[22m[1m: ENOENT: no such file or directory, open 'E:\Windsurf-Qlib\qlib-frontend\node_modules\@antv\g2\esm\component\src\component\legends.ts'[39m[22m

[1m[33mWARNING[39m[22m in [1m./node_modules/@antv/g2/esm/component/scrollbar.js[39m[22m
[1mModule Warning (from ./node_modules/source-map-loader/dist/cjs.js):
[1m[31mFailed[39m[22m[1m to parse source map from 'E:\Windsurf-Qlib\qlib-frontend\node_modules\@antv\g2\esm\component\src\component\scrollbar.ts' file: [1m[31mError[39m[22m[1m: ENOENT: no such file or directory, open 'E:\Windsurf-Qlib\qlib-frontend\node_modules\@antv\g2\esm\component\src\component\scrollbar.ts'[39m[22m

[1m[33mWARNING[39m[22m in [1m./node_modules/@antv/g2/esm/component/scrollbarX.js[39m[22m
[1mModule Warning (from ./node_modules/source-map-loader/dist/cjs.js):
[1m[31mFailed[39m[22m[1m to parse source map from 'E:\Windsurf-Qlib\qlib-frontend\node_modules\@antv\g2\esm\component\src\component\scrollbarX.ts' file: [1m[31mError[39m[22m[1m: ENOENT: no such file or directory, open 'E:\Windsurf-Qlib\qlib-frontend\node_modules\@antv\g2\esm\component\src\component\scrollbarX.ts'[39m[22m

[1m[33mWARNING[39m[22m in [1m./node_modules/@antv/g2/esm/component/scrollbarY.js[39m[22m
[1mModule Warning (from ./node_modules/source-map-loader/dist/cjs.js):
[1m[31mFailed[39m[22m[1m to parse source map from 'E:\Windsurf-Qlib\qlib-frontend\node_modules\@antv\g2\esm\component\src\component\scrollbarY.ts' file: [1m[31mError[39m[22m[1m: ENOENT: no such file or directory, open 'E:\Windsurf-Qlib\qlib-frontend\node_modules\@antv\g2\esm\component\src\component\scrollbarY.ts'[39m[22m

[1m[33mWARNING[39m[22m in [1m./node_modules/@antv/g2/esm/component/slider.js[39m[22m
[1mModule Warning (from ./node_modules/source-map-loader/dist/cjs.js):
[1m[31mFailed[39m[22m[1m to parse source map from 'E:\Windsurf-Qlib\qlib-frontend\node_modules\@antv\g2\esm\component\src\component\slider.ts' file: [1m[31mError[39m[22m[1m: ENOENT: no such file or directory, open 'E:\Windsurf-Qlib\qlib-frontend\node_modules\@antv\g2\esm\component\src\component\slider.ts'[39m[22m

[1m[33mWARNING[39m[22m in [1m./node_modules/@antv/g2/esm/component/sliderX.js[39m[22m
[1mModule Warning (from ./node_modules/source-map-loader/dist/cjs.js):
[1m[31mFailed[39m[22m[1m to parse source map from 'E:\Windsurf-Qlib\qlib-frontend\node_modules\@antv\g2\esm\component\src\component\sliderX.ts' file: [1m[31mError[39m[22m[1m: ENOENT: no such file or directory, open 'E:\Windsurf-Qlib\qlib-frontend\node_modules\@antv\g2\esm\component\src\component\sliderX.ts'[39m[22m

[1m[33mWARNING[39m[22m in [1m./node_modules/@antv/g2/esm/component/sliderY.js[39m[22m
[1mModule Warning (from ./node_modules/source-map-loader/dist/cjs.js):
[1m[31mFailed[39m[22m[1m to parse source map from 'E:\Windsurf-Qlib\qlib-frontend\node_modules\@antv\g2\esm\component\src\component\sliderY.ts' file: [1m[31mError[39m[22m[1m: ENOENT: no such file or directory, open 'E:\Windsurf-Qlib\qlib-frontend\node_modules\@antv\g2\esm\component\src\component\sliderY.ts'[39m[22m

[1m[33mWARNING[39m[22m in [1m./node_modules/@antv/g2/esm/component/title.js[39m[22m
[1mModule Warning (from ./node_modules/source-map-loader/dist/cjs.js):
[1m[31mFailed[39m[22m[1m to parse source map from 'E:\Windsurf-Qlib\qlib-frontend\node_modules\@antv\g2\esm\component\src\component\title.ts' file: [1m[31mError[39m[22m[1m: ENOENT: no such file or directory, open 'E:\Windsurf-Qlib\qlib-frontend\node_modules\@antv\g2\esm\component\src\component\title.ts'[39m[22m

[1m[33mWARNING[39m[22m in [1m./node_modules/@antv/g2/esm/component/utils.js[39m[22m
[1mModule Warning (from ./node_modules/source-map-loader/dist/cjs.js):
[1m[31mFailed[39m[22m[1m to parse source map from 'E:\Windsurf-Qlib\qlib-frontend\node_modules\@antv\g2\esm\component\src\component\utils.ts' file: [1m[31mError[39m[22m[1m: ENOENT: no such file or directory, open 'E:\Windsurf-Qlib\qlib-frontend\node_modules\@antv\g2\esm\component\src\component\utils.ts'[39m[22m

[1m[33mWARNING[39m[22m in [1m./node_modules/@antv/g2/esm/composition/d3Projection.js[39m[22m
[1mModule Warning (from ./node_modules/source-map-loader/dist/cjs.js):
[1m[31mFailed[39m[22m[1m to parse source map from 'E:\Windsurf-Qlib\qlib-frontend\node_modules\@antv\g2\esm\composition\src\composition\d3Projection.ts' file: [1m[31mError[39m[22m[1m: ENOENT: no such file or directory, open 'E:\Windsurf-Qlib\qlib-frontend\node_modules\@antv\g2\esm\composition\src\composition\d3Projection.ts'[39m[22m

[1m[33mWARNING[39m[22m in [1m./node_modules/@antv/g2/esm/composition/facetCircle.js[39m[22m
[1mModule Warning (from ./node_modules/source-map-loader/dist/cjs.js):
[1m[31mFailed[39m[22m[1m to parse source map from 'E:\Windsurf-Qlib\qlib-frontend\node_modules\@antv\g2\esm\composition\src\composition\facetCircle.ts' file: [1m[31mError[39m[22m[1m: ENOENT: no such file or directory, open 'E:\Windsurf-Qlib\qlib-frontend\node_modules\@antv\g2\esm\composition\src\composition\facetCircle.ts'[39m[22m

[1m[33mWARNING[39m[22m in [1m./node_modules/@antv/g2/esm/composition/facetRect.js[39m[22m
[1mModule Warning (from ./node_modules/source-map-loader/dist/cjs.js):
[1m[31mFailed[39m[22m[1m to parse source map from 'E:\Windsurf-Qlib\qlib-frontend\node_modules\@antv\g2\esm\composition\src\composition\facetRect.ts' file: [1m[31mError[39m[22m[1m: ENOENT: no such file or directory, open 'E:\Windsurf-Qlib\qlib-frontend\node_modules\@antv\g2\esm\composition\src\composition\facetRect.ts'[39m[22m

[1m[33mWARNING[39m[22m in [1m./node_modules/@antv/g2/esm/composition/geoPath.js[39m[22m
[1mModule Warning (from ./node_modules/source-map-loader/dist/cjs.js):
[1m[31mFailed[39m[22m[1m to parse source map from 'E:\Windsurf-Qlib\qlib-frontend\node_modules\@antv\g2\esm\composition\src\composition\geoPath.ts' file: [1m[31mError[39m[22m[1m: ENOENT: no such file or directory, open 'E:\Windsurf-Qlib\qlib-frontend\node_modules\@antv\g2\esm\composition\src\composition\geoPath.ts'[39m[22m

[1m[33mWARNING[39m[22m in [1m./node_modules/@antv/g2/esm/composition/geoView.js[39m[22m
[1mModule Warning (from ./node_modules/source-map-loader/dist/cjs.js):
[1m[31mFailed[39m[22m[1m to parse source map from 'E:\Windsurf-Qlib\qlib-frontend\node_modules\@antv\g2\esm\composition\src\composition\geoView.ts' file: [1m[31mError[39m[22m[1m: ENOENT: no such file or directory, open 'E:\Windsurf-Qlib\qlib-frontend\node_modules\@antv\g2\esm\composition\src\composition\geoView.ts'[39m[22m

[1m[33mWARNING[39m[22m in [1m./node_modules/@antv/g2/esm/composition/index.js[39m[22m
[1mModule Warning (from ./node_modules/source-map-loader/dist/cjs.js):
[1m[31mFailed[39m[22m[1m to parse source map from 'E:\Windsurf-Qlib\qlib-frontend\node_modules\@antv\g2\esm\composition\src\composition\index.ts' file: [1m[31mError[39m[22m[1m: ENOENT: no such file or directory, open 'E:\Windsurf-Qlib\qlib-frontend\node_modules\@antv\g2\esm\composition\src\composition\index.ts'[39m[22m

[1m[33mWARNING[39m[22m in [1m./node_modules/@antv/g2/esm/composition/mark.js[39m[22m
[1mModule Warning (from ./node_modules/source-map-loader/dist/cjs.js):
[1m[31mFailed[39m[22m[1m to parse source map from 'E:\Windsurf-Qlib\qlib-frontend\node_modules\@antv\g2\esm\composition\src\composition\mark.ts' file: [1m[31mError[39m[22m[1m: ENOENT: no such file or directory, open 'E:\Windsurf-Qlib\qlib-frontend\node_modules\@antv\g2\esm\composition\src\composition\mark.ts'[39m[22m

[1m[33mWARNING[39m[22m in [1m./node_modules/@antv/g2/esm/composition/repeatMatrix.js[39m[22m
[1mModule Warning (from ./node_modules/source-map-loader/dist/cjs.js):
[1m[31mFailed[39m[22m[1m to parse source map from 'E:\Windsurf-Qlib\qlib-frontend\node_modules\@antv\g2\esm\composition\src\composition\repeatMatrix.ts' file: [1m[31mError[39m[22m[1m: ENOENT: no such file or directory, open 'E:\Windsurf-Qlib\qlib-frontend\node_modules\@antv\g2\esm\composition\src\composition\repeatMatrix.ts'[39m[22m

[1m[33mWARNING[39m[22m in [1m./node_modules/@antv/g2/esm/composition/spaceFlex.js[39m[22m
[1mModule Warning (from ./node_modules/source-map-loader/dist/cjs.js):
[1m[31mFailed[39m[22m[1m to parse source map from 'E:\Windsurf-Qlib\qlib-frontend\node_modules\@antv\g2\esm\composition\src\composition\spaceFlex.ts' file: [1m[31mError[39m[22m[1m: ENOENT: no such file or directory, open 'E:\Windsurf-Qlib\qlib-frontend\node_modules\@antv\g2\esm\composition\src\composition\spaceFlex.ts'[39m[22m

[1m[33mWARNING[39m[22m in [1m./node_modules/@antv/g2/esm/composition/spaceLayer.js[39m[22m
[1mModule Warning (from ./node_modules/source-map-loader/dist/cjs.js):
[1m[31mFailed[39m[22m[1m to parse source map from 'E:\Windsurf-Qlib\qlib-frontend\node_modules\@antv\g2\esm\composition\src\composition\spaceLayer.ts' file: [1m[31mError[39m[22m[1m: ENOENT: no such file or directory, open 'E:\Windsurf-Qlib\qlib-frontend\node_modules\@antv\g2\esm\composition\src\composition\spaceLayer.ts'[39m[22m

[1m[33mWARNING[39m[22m in [1m./node_modules/@antv/g2/esm/composition/timingKeyframe.js[39m[22m
[1mModule Warning (from ./node_modules/source-map-loader/dist/cjs.js):
[1m[31mFailed[39m[22m[1m to parse source map from 'E:\Windsurf-Qlib\qlib-frontend\node_modules\@antv\g2\esm\composition\src\composition\timingKeyframe.ts' file: [1m[31mError[39m[22m[1m: ENOENT: no such file or directory, open 'E:\Windsurf-Qlib\qlib-frontend\node_modules\@antv\g2\esm\composition\src\composition\timingKeyframe.ts'[39m[22m

[1m[33mWARNING[39m[22m in [1m./node_modules/@antv/g2/esm/composition/utils.js[39m[22m
[1mModule Warning (from ./node_modules/source-map-loader/dist/cjs.js):
[1m[31mFailed[39m[22m[1m to parse source map from 'E:\Windsurf-Qlib\qlib-frontend\node_modules\@antv\g2\esm\composition\src\composition\utils.ts' file: [1m[31mError[39m[22m[1m: ENOENT: no such file or directory, open 'E:\Windsurf-Qlib\qlib-frontend\node_modules\@antv\g2\esm\composition\src\composition\utils.ts'[39m[22m

[1m[33mWARNING[39m[22m in [1m./node_modules/@antv/g2/esm/composition/view.js[39m[22m
[1mModule Warning (from ./node_modules/source-map-loader/dist/cjs.js):
[1m[31mFailed[39m[22m[1m to parse source map from 'E:\Windsurf-Qlib\qlib-frontend\node_modules\@antv\g2\esm\composition\src\composition\view.ts' file: [1m[31mError[39m[22m[1m: ENOENT: no such file or directory, open 'E:\Windsurf-Qlib\qlib-frontend\node_modules\@antv\g2\esm\composition\src\composition\view.ts'[39m[22m

[1m[33mWARNING[39m[22m in [1m./node_modules/@antv/g2/esm/coordinate/cartesian.js[39m[22m
[1mModule Warning (from ./node_modules/source-map-loader/dist/cjs.js):
[1m[31mFailed[39m[22m[1m to parse source map from 'E:\Windsurf-Qlib\qlib-frontend\node_modules\@antv\g2\esm\coordinate\src\coordinate\cartesian.ts' file: [1m[31mError[39m[22m[1m: ENOENT: no such file or directory, open 'E:\Windsurf-Qlib\qlib-frontend\node_modules\@antv\g2\esm\coordinate\src\coordinate\cartesian.ts'[39m[22m

[1m[33mWARNING[39m[22m in [1m./node_modules/@antv/g2/esm/coordinate/fisheye.js[39m[22m
[1mModule Warning (from ./node_modules/source-map-loader/dist/cjs.js):
[1m[31mFailed[39m[22m[1m to parse source map from 'E:\Windsurf-Qlib\qlib-frontend\node_modules\@antv\g2\esm\coordinate\src\coordinate\fisheye.ts' file: [1m[31mError[39m[22m[1m: ENOENT: no such file or directory, open 'E:\Windsurf-Qlib\qlib-frontend\node_modules\@antv\g2\esm\coordinate\src\coordinate\fisheye.ts'[39m[22m

[1m[33mWARNING[39m[22m in [1m./node_modules/@antv/g2/esm/coordinate/helix.js[39m[22m
[1mModule Warning (from ./node_modules/source-map-loader/dist/cjs.js):
[1m[31mFailed[39m[22m[1m to parse source map from 'E:\Windsurf-Qlib\qlib-frontend\node_modules\@antv\g2\esm\coordinate\src\coordinate\helix.ts' file: [1m[31mError[39m[22m[1m: ENOENT: no such file or directory, open 'E:\Windsurf-Qlib\qlib-frontend\node_modules\@antv\g2\esm\coordinate\src\coordinate\helix.ts'[39m[22m

[1m[33mWARNING[39m[22m in [1m./node_modules/@antv/g2/esm/coordinate/index.js[39m[22m
[1mModule Warning (from ./node_modules/source-map-loader/dist/cjs.js):
[1m[31mFailed[39m[22m[1m to parse source map from 'E:\Windsurf-Qlib\qlib-frontend\node_modules\@antv\g2\esm\coordinate\src\coordinate\index.ts' file: [1m[31mError[39m[22m[1m: ENOENT: no such file or directory, open 'E:\Windsurf-Qlib\qlib-frontend\node_modules\@antv\g2\esm\coordinate\src\coordinate\index.ts'[39m[22m

[1m[33mWARNING[39m[22m in [1m./node_modules/@antv/g2/esm/coordinate/parallel.js[39m[22m
[1mModule Warning (from ./node_modules/source-map-loader/dist/cjs.js):
[1m[31mFailed[39m[22m[1m to parse source map from 'E:\Windsurf-Qlib\qlib-frontend\node_modules\@antv\g2\esm\coordinate\src\coordinate\parallel.ts' file: [1m[31mError[39m[22m[1m: ENOENT: no such file or directory, open 'E:\Windsurf-Qlib\qlib-frontend\node_modules\@antv\g2\esm\coordinate\src\coordinate\parallel.ts'[39m[22m

[1m[33mWARNING[39m[22m in [1m./node_modules/@antv/g2/esm/coordinate/polar.js[39m[22m
[1mModule Warning (from ./node_modules/source-map-loader/dist/cjs.js):
[1m[31mFailed[39m[22m[1m to parse source map from 'E:\Windsurf-Qlib\qlib-frontend\node_modules\@antv\g2\esm\coordinate\src\coordinate\polar.ts' file: [1m[31mError[39m[22m[1m: ENOENT: no such file or directory, open 'E:\Windsurf-Qlib\qlib-frontend\node_modules\@antv\g2\esm\coordinate\src\coordinate\polar.ts'[39m[22m

[1m[33mWARNING[39m[22m in [1m./node_modules/@antv/g2/esm/coordinate/radar.js[39m[22m
[1mModule Warning (from ./node_modules/source-map-loader/dist/cjs.js):
[1m[31mFailed[39m[22m[1m to parse source map from 'E:\Windsurf-Qlib\qlib-frontend\node_modules\@antv\g2\esm\coordinate\src\coordinate\radar.ts' file: [1m[31mError[39m[22m[1m: ENOENT: no such file or directory, open 'E:\Windsurf-Qlib\qlib-frontend\node_modules\@antv\g2\esm\coordinate\src\coordinate\radar.ts'[39m[22m

[1m[33mWARNING[39m[22m in [1m./node_modules/@antv/g2/esm/coordinate/radial.js[39m[22m
[1mModule Warning (from ./node_modules/source-map-loader/dist/cjs.js):
[1m[31mFailed[39m[22m[1m to parse source map from 'E:\Windsurf-Qlib\qlib-frontend\node_modules\@antv\g2\esm\coordinate\src\coordinate\radial.ts' file: [1m[31mError[39m[22m[1m: ENOENT: no such file or directory, open 'E:\Windsurf-Qlib\qlib-frontend\node_modules\@antv\g2\esm\coordinate\src\coordinate\radial.ts'[39m[22m

[1m[33mWARNING[39m[22m in [1m./node_modules/@antv/g2/esm/coordinate/theta.js[39m[22m
[1mModule Warning (from ./node_modules/source-map-loader/dist/cjs.js):
[1m[31mFailed[39m[22m[1m to parse source map from 'E:\Windsurf-Qlib\qlib-frontend\node_modules\@antv\g2\esm\coordinate\src\coordinate\theta.ts' file: [1m[31mError[39m[22m[1m: ENOENT: no such file or directory, open 'E:\Windsurf-Qlib\qlib-frontend\node_modules\@antv\g2\esm\coordinate\src\coordinate\theta.ts'[39m[22m

[1m[33mWARNING[39m[22m in [1m./node_modules/@antv/g2/esm/coordinate/transpose.js[39m[22m
[1mModule Warning (from ./node_modules/source-map-loader/dist/cjs.js):
[1m[31mFailed[39m[22m[1m to parse source map from 'E:\Windsurf-Qlib\qlib-frontend\node_modules\@antv\g2\esm\coordinate\src\coordinate\transpose.ts' file: [1m[31mError[39m[22m[1m: ENOENT: no such file or directory, open 'E:\Windsurf-Qlib\qlib-frontend\node_modules\@antv\g2\esm\coordinate\src\coordinate\transpose.ts'[39m[22m

[1m[33mWARNING[39m[22m in [1m./node_modules/@antv/g2/esm/data/arc.js[39m[22m
[1mModule Warning (from ./node_modules/source-map-loader/dist/cjs.js):
[1m[31mFailed[39m[22m[1m to parse source map from 'E:\Windsurf-Qlib\qlib-frontend\node_modules\@antv\g2\esm\data\src\data\arc.ts' file: [1m[31mError[39m[22m[1m: ENOENT: no such file or directory, open 'E:\Windsurf-Qlib\qlib-frontend\node_modules\@antv\g2\esm\data\src\data\arc.ts'[39m[22m

[1m[33mWARNING[39m[22m in [1m./node_modules/@antv/g2/esm/data/cluster.js[39m[22m
[1mModule Warning (from ./node_modules/source-map-loader/dist/cjs.js):
[1m[31mFailed[39m[22m[1m to parse source map from 'E:\Windsurf-Qlib\qlib-frontend\node_modules\@antv\g2\esm\data\src\data\cluster.ts' file: [1m[31mError[39m[22m[1m: ENOENT: no such file or directory, open 'E:\Windsurf-Qlib\qlib-frontend\node_modules\@antv\g2\esm\data\src\data\cluster.ts'[39m[22m

[1m[33mWARNING[39m[22m in [1m./node_modules/@antv/g2/esm/data/custom.js[39m[22m
[1mModule Warning (from ./node_modules/source-map-loader/dist/cjs.js):
[1m[31mFailed[39m[22m[1m to parse source map from 'E:\Windsurf-Qlib\qlib-frontend\node_modules\@antv\g2\esm\data\src\data\custom.ts' file: [1m[31mError[39m[22m[1m: ENOENT: no such file or directory, open 'E:\Windsurf-Qlib\qlib-frontend\node_modules\@antv\g2\esm\data\src\data\custom.ts'[39m[22m

[1m[33mWARNING[39m[22m in [1m./node_modules/@antv/g2/esm/data/ema.js[39m[22m
[1mModule Warning (from ./node_modules/source-map-loader/dist/cjs.js):
[1m[31mFailed[39m[22m[1m to parse source map from 'E:\Windsurf-Qlib\qlib-frontend\node_modules\@antv\g2\esm\data\src\data\ema.ts' file: [1m[31mError[39m[22m[1m: ENOENT: no such file or directory, open 'E:\Windsurf-Qlib\qlib-frontend\node_modules\@antv\g2\esm\data\src\data\ema.ts'[39m[22m

[1m[33mWARNING[39m[22m in [1m./node_modules/@antv/g2/esm/data/fetch.js[39m[22m
[1mModule Warning (from ./node_modules/source-map-loader/dist/cjs.js):
[1m[31mFailed[39m[22m[1m to parse source map from 'E:\Windsurf-Qlib\qlib-frontend\node_modules\@antv\g2\esm\data\src\data\fetch.ts' file: [1m[31mError[39m[22m[1m: ENOENT: no such file or directory, open 'E:\Windsurf-Qlib\qlib-frontend\node_modules\@antv\g2\esm\data\src\data\fetch.ts'[39m[22m

[1m[33mWARNING[39m[22m in [1m./node_modules/@antv/g2/esm/data/filter.js[39m[22m
[1mModule Warning (from ./node_modules/source-map-loader/dist/cjs.js):
[1m[31mFailed[39m[22m[1m to parse source map from 'E:\Windsurf-Qlib\qlib-frontend\node_modules\@antv\g2\esm\data\src\data\filter.ts' file: [1m[31mError[39m[22m[1m: ENOENT: no such file or directory, open 'E:\Windsurf-Qlib\qlib-frontend\node_modules\@antv\g2\esm\data\src\data\filter.ts'[39m[22m

[1m[33mWARNING[39m[22m in [1m./node_modules/@antv/g2/esm/data/fold.js[39m[22m
[1mModule Warning (from ./node_modules/source-map-loader/dist/cjs.js):
[1m[31mFailed[39m[22m[1m to parse source map from 'E:\Windsurf-Qlib\qlib-frontend\node_modules\@antv\g2\esm\data\src\data\fold.ts' file: [1m[31mError[39m[22m[1m: ENOENT: no such file or directory, open 'E:\Windsurf-Qlib\qlib-frontend\node_modules\@antv\g2\esm\data\src\data\fold.ts'[39m[22m

[1m[33mWARNING[39m[22m in [1m./node_modules/@antv/g2/esm/data/index.js[39m[22m
[1mModule Warning (from ./node_modules/source-map-loader/dist/cjs.js):
[1m[31mFailed[39m[22m[1m to parse source map from 'E:\Windsurf-Qlib\qlib-frontend\node_modules\@antv\g2\esm\data\src\data\index.ts' file: [1m[31mError[39m[22m[1m: ENOENT: no such file or directory, open 'E:\Windsurf-Qlib\qlib-frontend\node_modules\@antv\g2\esm\data\src\data\index.ts'[39m[22m

[1m[33mWARNING[39m[22m in [1m./node_modules/@antv/g2/esm/data/inline.js[39m[22m
[1mModule Warning (from ./node_modules/source-map-loader/dist/cjs.js):
[1m[31mFailed[39m[22m[1m to parse source map from 'E:\Windsurf-Qlib\qlib-frontend\node_modules\@antv\g2\esm\data\src\data\inline.ts' file: [1m[31mError[39m[22m[1m: ENOENT: no such file or directory, open 'E:\Windsurf-Qlib\qlib-frontend\node_modules\@antv\g2\esm\data\src\data\inline.ts'[39m[22m

[1m[33mWARNING[39m[22m in [1m./node_modules/@antv/g2/esm/data/join.js[39m[22m
[1mModule Warning (from ./node_modules/source-map-loader/dist/cjs.js):
[1m[31mFailed[39m[22m[1m to parse source map from 'E:\Windsurf-Qlib\qlib-frontend\node_modules\@antv\g2\esm\data\src\data\join.ts' file: [1m[31mError[39m[22m[1m: ENOENT: no such file or directory, open 'E:\Windsurf-Qlib\qlib-frontend\node_modules\@antv\g2\esm\data\src\data\join.ts'[39m[22m

[1m[33mWARNING[39m[22m in [1m./node_modules/@antv/g2/esm/data/kde.js[39m[22m
[1mModule Warning (from ./node_modules/source-map-loader/dist/cjs.js):
[1m[31mFailed[39m[22m[1m to parse source map from 'E:\Windsurf-Qlib\qlib-frontend\node_modules\@antv\g2\esm\data\src\data\kde.ts' file: [1m[31mError[39m[22m[1m: ENOENT: no such file or directory, open 'E:\Windsurf-Qlib\qlib-frontend\node_modules\@antv\g2\esm\data\src\data\kde.ts'[39m[22m

[1m[33mWARNING[39m[22m in [1m./node_modules/@antv/g2/esm/data/log.js[39m[22m
[1mModule Warning (from ./node_modules/source-map-loader/dist/cjs.js):
[1m[31mFailed[39m[22m[1m to parse source map from 'E:\Windsurf-Qlib\qlib-frontend\node_modules\@antv\g2\esm\data\src\data\log.ts' file: [1m[31mError[39m[22m[1m: ENOENT: no such file or directory, open 'E:\Windsurf-Qlib\qlib-frontend\node_modules\@antv\g2\esm\data\src\data\log.ts'[39m[22m

[1m[33mWARNING[39m[22m in [1m./node_modules/@antv/g2/esm/data/map.js[39m[22m
[1mModule Warning (from ./node_modules/source-map-loader/dist/cjs.js):
[1m[31mFailed[39m[22m[1m to parse source map from 'E:\Windsurf-Qlib\qlib-frontend\node_modules\@antv\g2\esm\data\src\data\map.ts' file: [1m[31mError[39m[22m[1m: ENOENT: no such file or directory, open 'E:\Windsurf-Qlib\qlib-frontend\node_modules\@antv\g2\esm\data\src\data\map.ts'[39m[22m

[1m[33mWARNING[39m[22m in [1m./node_modules/@antv/g2/esm/data/pick.js[39m[22m
[1mModule Warning (from ./node_modules/source-map-loader/dist/cjs.js):
[1m[31mFailed[39m[22m[1m to parse source map from 'E:\Windsurf-Qlib\qlib-frontend\node_modules\@antv\g2\esm\data\src\data\pick.ts' file: [1m[31mError[39m[22m[1m: ENOENT: no such file or directory, open 'E:\Windsurf-Qlib\qlib-frontend\node_modules\@antv\g2\esm\data\src\data\pick.ts'[39m[22m

[1m[33mWARNING[39m[22m in [1m./node_modules/@antv/g2/esm/data/rename.js[39m[22m
[1mModule Warning (from ./node_modules/source-map-loader/dist/cjs.js):
[1m[31mFailed[39m[22m[1m to parse source map from 'E:\Windsurf-Qlib\qlib-frontend\node_modules\@antv\g2\esm\data\src\data\rename.ts' file: [1m[31mError[39m[22m[1m: ENOENT: no such file or directory, open 'E:\Windsurf-Qlib\qlib-frontend\node_modules\@antv\g2\esm\data\src\data\rename.ts'[39m[22m

[1m[33mWARNING[39m[22m in [1m./node_modules/@antv/g2/esm/data/sankey.js[39m[22m
[1mModule Warning (from ./node_modules/source-map-loader/dist/cjs.js):
[1m[31mFailed[39m[22m[1m to parse source map from 'E:\Windsurf-Qlib\qlib-frontend\node_modules\@antv\g2\esm\data\src\data\sankey.ts' file: [1m[31mError[39m[22m[1m: ENOENT: no such file or directory, open 'E:\Windsurf-Qlib\qlib-frontend\node_modules\@antv\g2\esm\data\src\data\sankey.ts'[39m[22m

[1m[33mWARNING[39m[22m in [1m./node_modules/@antv/g2/esm/data/slice.js[39m[22m
[1mModule Warning (from ./node_modules/source-map-loader/dist/cjs.js):
[1m[31mFailed[39m[22m[1m to parse source map from 'E:\Windsurf-Qlib\qlib-frontend\node_modules\@antv\g2\esm\data\src\data\slice.ts' file: [1m[31mError[39m[22m[1m: ENOENT: no such file or directory, open 'E:\Windsurf-Qlib\qlib-frontend\node_modules\@antv\g2\esm\data\src\data\slice.ts'[39m[22m

[1m[33mWARNING[39m[22m in [1m./node_modules/@antv/g2/esm/data/sort.js[39m[22m
[1mModule Warning (from ./node_modules/source-map-loader/dist/cjs.js):
[1m[31mFailed[39m[22m[1m to parse source map from 'E:\Windsurf-Qlib\qlib-frontend\node_modules\@antv\g2\esm\data\src\data\sort.ts' file: [1m[31mError[39m[22m[1m: ENOENT: no such file or directory, open 'E:\Windsurf-Qlib\qlib-frontend\node_modules\@antv\g2\esm\data\src\data\sort.ts'[39m[22m

[1m[33mWARNING[39m[22m in [1m./node_modules/@antv/g2/esm/data/sortBy.js[39m[22m
[1mModule Warning (from ./node_modules/source-map-loader/dist/cjs.js):
[1m[31mFailed[39m[22m[1m to parse source map from 'E:\Windsurf-Qlib\qlib-frontend\node_modules\@antv\g2\esm\data\src\data\sortBy.ts' file: [1m[31mError[39m[22m[1m: ENOENT: no such file or directory, open 'E:\Windsurf-Qlib\qlib-frontend\node_modules\@antv\g2\esm\data\src\data\sortBy.ts'[39m[22m

[1m[33mWARNING[39m[22m in [1m./node_modules/@antv/g2/esm/data/tree.js[39m[22m
[1mModule Warning (from ./node_modules/source-map-loader/dist/cjs.js):
[1m[31mFailed[39m[22m[1m to parse source map from 'E:\Windsurf-Qlib\qlib-frontend\node_modules\@antv\g2\esm\data\src\data\tree.ts' file: [1m[31mError[39m[22m[1m: ENOENT: no such file or directory, open 'E:\Windsurf-Qlib\qlib-frontend\node_modules\@antv\g2\esm\data\src\data\tree.ts'[39m[22m

[1m[33mWARNING[39m[22m in [1m./node_modules/@antv/g2/esm/data/utils/arc/arc.js[39m[22m
[1mModule Warning (from ./node_modules/source-map-loader/dist/cjs.js):
[1m[31mFailed[39m[22m[1m to parse source map from 'E:\Windsurf-Qlib\qlib-frontend\node_modules\@antv\g2\esm\data\utils\arc\src\data\utils\arc\arc.ts' file: [1m[31mError[39m[22m[1m: ENOENT: no such file or directory, open 'E:\Windsurf-Qlib\qlib-frontend\node_modules\@antv\g2\esm\data\utils\arc\src\data\utils\arc\arc.ts'[39m[22m

[1m[33mWARNING[39m[22m in [1m./node_modules/@antv/g2/esm/data/utils/arc/index.js[39m[22m
[1mModule Warning (from ./node_modules/source-map-loader/dist/cjs.js):
[1m[31mFailed[39m[22m[1m to parse source map from 'E:\Windsurf-Qlib\qlib-frontend\node_modules\@antv\g2\esm\data\utils\arc\src\data\utils\arc\index.ts' file: [1m[31mError[39m[22m[1m: ENOENT: no such file or directory, open 'E:\Windsurf-Qlib\qlib-frontend\node_modules\@antv\g2\esm\data\utils\arc\src\data\utils\arc\index.ts'[39m[22m

[1m[33mWARNING[39m[22m in [1m./node_modules/@antv/g2/esm/data/utils/arc/sort.js[39m[22m
[1mModule Warning (from ./node_modules/source-map-loader/dist/cjs.js):
[1m[31mFailed[39m[22m[1m to parse source map from 'E:\Windsurf-Qlib\qlib-frontend\node_modules\@antv\g2\esm\data\utils\arc\src\data\utils\arc\sort.ts' file: [1m[31mError[39m[22m[1m: ENOENT: no such file or directory, open 'E:\Windsurf-Qlib\qlib-frontend\node_modules\@antv\g2\esm\data\utils\arc\src\data\utils\arc\sort.ts'[39m[22m

[1m[33mWARNING[39m[22m in [1m./node_modules/@antv/g2/esm/data/utils/d3-cloud/index.js[39m[22m
[1mModule Warning (from ./node_modules/source-map-loader/dist/cjs.js):
[1m[31mFailed[39m[22m[1m to parse source map from 'E:\Windsurf-Qlib\qlib-frontend\node_modules\@antv\g2\esm\data\utils\d3-cloud\src\data\utils\d3-cloud\index.ts' file: [1m[31mError[39m[22m[1m: ENOENT: no such file or directory, open 'E:\Windsurf-Qlib\qlib-frontend\node_modules\@antv\g2\esm\data\utils\d3-cloud\src\data\utils\d3-cloud\index.ts'[39m[22m

[1m[33mWARNING[39m[22m in [1m./node_modules/@antv/g2/esm/data/utils/d3-sankey/align.js[39m[22m
[1mModule Warning (from ./node_modules/source-map-loader/dist/cjs.js):
[1m[31mFailed[39m[22m[1m to parse source map from 'E:\Windsurf-Qlib\qlib-frontend\node_modules\@antv\g2\esm\data\utils\d3-sankey\src\data\utils\d3-sankey\align.ts' file: [1m[31mError[39m[22m[1m: ENOENT: no such file or directory, open 'E:\Windsurf-Qlib\qlib-frontend\node_modules\@antv\g2\esm\data\utils\d3-sankey\src\data\utils\d3-sankey\align.ts'[39m[22m

[1m[33mWARNING[39m[22m in [1m./node_modules/@antv/g2/esm/data/utils/d3-sankey/constant.js[39m[22m
[1mModule Warning (from ./node_modules/source-map-loader/dist/cjs.js):
[1m[31mFailed[39m[22m[1m to parse source map from 'E:\Windsurf-Qlib\qlib-frontend\node_modules\@antv\g2\esm\data\utils\d3-sankey\src\data\utils\d3-sankey\constant.ts' file: [1m[31mError[39m[22m[1m: ENOENT: no such file or directory, open 'E:\Windsurf-Qlib\qlib-frontend\node_modules\@antv\g2\esm\data\utils\d3-sankey\src\data\utils\d3-sankey\constant.ts'[39m[22m

[1m[33mWARNING[39m[22m in [1m./node_modules/@antv/g2/esm/data/utils/d3-sankey/index.js[39m[22m
[1mModule Warning (from ./node_modules/source-map-loader/dist/cjs.js):
[1m[31mFailed[39m[22m[1m to parse source map from 'E:\Windsurf-Qlib\qlib-frontend\node_modules\@antv\g2\esm\data\utils\d3-sankey\src\data\utils\d3-sankey\index.ts' file: [1m[31mError[39m[22m[1m: ENOENT: no such file or directory, open 'E:\Windsurf-Qlib\qlib-frontend\node_modules\@antv\g2\esm\data\utils\d3-sankey\src\data\utils\d3-sankey\index.ts'[39m[22m

[1m[33mWARNING[39m[22m in [1m./node_modules/@antv/g2/esm/data/utils/d3-sankey/sankey.js[39m[22m
[1mModule Warning (from ./node_modules/source-map-loader/dist/cjs.js):
[1m[31mFailed[39m[22m[1m to parse source map from 'E:\Windsurf-Qlib\qlib-frontend\node_modules\@antv\g2\esm\data\utils\d3-sankey\src\data\utils\d3-sankey\sankey.ts' file: [1m[31mError[39m[22m[1m: ENOENT: no such file or directory, open 'E:\Windsurf-Qlib\qlib-frontend\node_modules\@antv\g2\esm\data\utils\d3-sankey\src\data\utils\d3-sankey\sankey.ts'[39m[22m

[1m[33mWARNING[39m[22m in [1m./node_modules/@antv/g2/esm/data/utils/fields.js[39m[22m
[1mModule Warning (from ./node_modules/source-map-loader/dist/cjs.js):
[1m[31mFailed[39m[22m[1m to parse source map from 'E:\Windsurf-Qlib\qlib-frontend\node_modules\@antv\g2\esm\data\utils\src\data\utils\fields.ts' file: [1m[31mError[39m[22m[1m: ENOENT: no such file or directory, open 'E:\Windsurf-Qlib\qlib-frontend\node_modules\@antv\g2\esm\data\utils\src\data\utils\fields.ts'[39m[22m

[1m[33mWARNING[39m[22m in [1m./node_modules/@antv/g2/esm/data/utils/flow.js[39m[22m
[1mModule Warning (from ./node_modules/source-map-loader/dist/cjs.js):
[1m[31mFailed[39m[22m[1m to parse source map from 'E:\Windsurf-Qlib\qlib-frontend\node_modules\@antv\g2\esm\data\utils\src\data\utils\flow.ts' file: [1m[31mError[39m[22m[1m: ENOENT: no such file or directory, open 'E:\Windsurf-Qlib\qlib-frontend\node_modules\@antv\g2\esm\data\utils\src\data\utils\flow.ts'[39m[22m

[1m[33mWARNING[39m[22m in [1m./node_modules/@antv/g2/esm/data/utils/venn/circleintersection.js[39m[22m
[1mModule Warning (from ./node_modules/source-map-loader/dist/cjs.js):
[1m[31mFailed[39m[22m[1m to parse source map from 'E:\Windsurf-Qlib\qlib-frontend\node_modules\@antv\g2\esm\data\utils\venn\src\data\utils\venn\circleintersection.ts' file: [1m[31mError[39m[22m[1m: ENOENT: no such file or directory, open 'E:\Windsurf-Qlib\qlib-frontend\node_modules\@antv\g2\esm\data\utils\venn\src\data\utils\venn\circleintersection.ts'[39m[22m

[1m[33mWARNING[39m[22m in [1m./node_modules/@antv/g2/esm/data/utils/venn/diagram.js[39m[22m
[1mModule Warning (from ./node_modules/source-map-loader/dist/cjs.js):
[1m[31mFailed[39m[22m[1m to parse source map from 'E:\Windsurf-Qlib\qlib-frontend\node_modules\@antv\g2\esm\data\utils\venn\src\data\utils\venn\diagram.ts' file: [1m[31mError[39m[22m[1m: ENOENT: no such file or directory, open 'E:\Windsurf-Qlib\qlib-frontend\node_modules\@antv\g2\esm\data\utils\venn\src\data\utils\venn\diagram.ts'[39m[22m

[1m[33mWARNING[39m[22m in [1m./node_modules/@antv/g2/esm/data/utils/venn/index.js[39m[22m
[1mModule Warning (from ./node_modules/source-map-loader/dist/cjs.js):
[1m[31mFailed[39m[22m[1m to parse source map from 'E:\Windsurf-Qlib\qlib-frontend\node_modules\@antv\g2\esm\data\utils\venn\src\data\utils\venn\index.ts' file: [1m[31mError[39m[22m[1m: ENOENT: no such file or directory, open 'E:\Windsurf-Qlib\qlib-frontend\node_modules\@antv\g2\esm\data\utils\venn\src\data\utils\venn\index.ts'[39m[22m

[1m[33mWARNING[39m[22m in [1m./node_modules/@antv/g2/esm/data/utils/venn/layout.js[39m[22m
[1mModule Warning (from ./node_modules/source-map-loader/dist/cjs.js):
[1m[31mFailed[39m[22m[1m to parse source map from 'E:\Windsurf-Qlib\qlib-frontend\node_modules\@antv\g2\esm\data\utils\venn\src\data\utils\venn\layout.ts' file: [1m[31mError[39m[22m[1m: ENOENT: no such file or directory, open 'E:\Windsurf-Qlib\qlib-frontend\node_modules\@antv\g2\esm\data\utils\venn\src\data\utils\venn\layout.ts'[39m[22m

[1m[33mWARNING[39m[22m in [1m./node_modules/@antv/g2/esm/data/venn.js[39m[22m
[1mModule Warning (from ./node_modules/source-map-loader/dist/cjs.js):
[1m[31mFailed[39m[22m[1m to parse source map from 'E:\Windsurf-Qlib\qlib-frontend\node_modules\@antv\g2\esm\data\src\data\venn.ts' file: [1m[31mError[39m[22m[1m: ENOENT: no such file or directory, open 'E:\Windsurf-Qlib\qlib-frontend\node_modules\@antv\g2\esm\data\src\data\venn.ts'[39m[22m

[1m[33mWARNING[39m[22m in [1m./node_modules/@antv/g2/esm/data/wordCloud.js[39m[22m
[1mModule Warning (from ./node_modules/source-map-loader/dist/cjs.js):
[1m[31mFailed[39m[22m[1m to parse source map from 'E:\Windsurf-Qlib\qlib-frontend\node_modules\@antv\g2\esm\data\src\data\wordCloud.ts' file: [1m[31mError[39m[22m[1m: ENOENT: no such file or directory, open 'E:\Windsurf-Qlib\qlib-frontend\node_modules\@antv\g2\esm\data\src\data\wordCloud.ts'[39m[22m

[1m[33mWARNING[39m[22m in [1m./node_modules/@antv/g2/esm/encode/column.js[39m[22m
[1mModule Warning (from ./node_modules/source-map-loader/dist/cjs.js):
[1m[31mFailed[39m[22m[1m to parse source map from 'E:\Windsurf-Qlib\qlib-frontend\node_modules\@antv\g2\esm\encode\src\encode\column.ts' file: [1m[31mError[39m[22m[1m: ENOENT: no such file or directory, open 'E:\Windsurf-Qlib\qlib-frontend\node_modules\@antv\g2\esm\encode\src\encode\column.ts'[39m[22m

[1m[33mWARNING[39m[22m in [1m./node_modules/@antv/g2/esm/encode/constant.js[39m[22m
[1mModule Warning (from ./node_modules/source-map-loader/dist/cjs.js):
[1m[31mFailed[39m[22m[1m to parse source map from 'E:\Windsurf-Qlib\qlib-frontend\node_modules\@antv\g2\esm\encode\src\encode\constant.ts' file: [1m[31mError[39m[22m[1m: ENOENT: no such file or directory, open 'E:\Windsurf-Qlib\qlib-frontend\node_modules\@antv\g2\esm\encode\src\encode\constant.ts'[39m[22m

[1m[33mWARNING[39m[22m in [1m./node_modules/@antv/g2/esm/encode/field.js[39m[22m
[1mModule Warning (from ./node_modules/source-map-loader/dist/cjs.js):
[1m[31mFailed[39m[22m[1m to parse source map from 'E:\Windsurf-Qlib\qlib-frontend\node_modules\@antv\g2\esm\encode\src\encode\field.ts' file: [1m[31mError[39m[22m[1m: ENOENT: no such file or directory, open 'E:\Windsurf-Qlib\qlib-frontend\node_modules\@antv\g2\esm\encode\src\encode\field.ts'[39m[22m

[1m[33mWARNING[39m[22m in [1m./node_modules/@antv/g2/esm/encode/index.js[39m[22m
[1mModule Warning (from ./node_modules/source-map-loader/dist/cjs.js):
[1m[31mFailed[39m[22m[1m to parse source map from 'E:\Windsurf-Qlib\qlib-frontend\node_modules\@antv\g2\esm\encode\src\encode\index.ts' file: [1m[31mError[39m[22m[1m: ENOENT: no such file or directory, open 'E:\Windsurf-Qlib\qlib-frontend\node_modules\@antv\g2\esm\encode\src\encode\index.ts'[39m[22m

[1m[33mWARNING[39m[22m in [1m./node_modules/@antv/g2/esm/encode/transform.js[39m[22m
[1mModule Warning (from ./node_modules/source-map-loader/dist/cjs.js):
[1m[31mFailed[39m[22m[1m to parse source map from 'E:\Windsurf-Qlib\qlib-frontend\node_modules\@antv\g2\esm\encode\src\encode\transform.ts' file: [1m[31mError[39m[22m[1m: ENOENT: no such file or directory, open 'E:\Windsurf-Qlib\qlib-frontend\node_modules\@antv\g2\esm\encode\src\encode\transform.ts'[39m[22m

[1m[33mWARNING[39m[22m in [1m./node_modules/@antv/g2/esm/exports.js[39m[22m
[1mModule Warning (from ./node_modules/source-map-loader/dist/cjs.js):
[1m[31mFailed[39m[22m[1m to parse source map from 'E:\Windsurf-Qlib\qlib-frontend\node_modules\@antv\g2\esm\src\exports.ts' file: [1m[31mError[39m[22m[1m: ENOENT: no such file or directory, open 'E:\Windsurf-Qlib\qlib-frontend\node_modules\@antv\g2\esm\src\exports.ts'[39m[22m

[1m[33mWARNING[39m[22m in [1m./node_modules/@antv/g2/esm/index.js[39m[22m
[1mModule Warning (from ./node_modules/source-map-loader/dist/cjs.js):
[1m[31mFailed[39m[22m[1m to parse source map from 'E:\Windsurf-Qlib\qlib-frontend\node_modules\@antv\g2\esm\src\index.ts' file: [1m[31mError[39m[22m[1m: ENOENT: no such file or directory, open 'E:\Windsurf-Qlib\qlib-frontend\node_modules\@antv\g2\esm\src\index.ts'[39m[22m

[1m[33mWARNING[39m[22m in [1m./node_modules/@antv/g2/esm/interaction/brushAxisHighlight.js[39m[22m
[1mModule Warning (from ./node_modules/source-map-loader/dist/cjs.js):
[1m[31mFailed[39m[22m[1m to parse source map from 'E:\Windsurf-Qlib\qlib-frontend\node_modules\@antv\g2\esm\interaction\src\interaction\brushAxisHighlight.ts' file: [1m[31mError[39m[22m[1m: ENOENT: no such file or directory, open 'E:\Windsurf-Qlib\qlib-frontend\node_modules\@antv\g2\esm\interaction\src\interaction\brushAxisHighlight.ts'[39m[22m

[1m[33mWARNING[39m[22m in [1m./node_modules/@antv/g2/esm/interaction/brushFilter.js[39m[22m
[1mModule Warning (from ./node_modules/source-map-loader/dist/cjs.js):
[1m[31mFailed[39m[22m[1m to parse source map from 'E:\Windsurf-Qlib\qlib-frontend\node_modules\@antv\g2\esm\interaction\src\interaction\brushFilter.ts' file: [1m[31mError[39m[22m[1m: ENOENT: no such file or directory, open 'E:\Windsurf-Qlib\qlib-frontend\node_modules\@antv\g2\esm\interaction\src\interaction\brushFilter.ts'[39m[22m

[1m[33mWARNING[39m[22m in [1m./node_modules/@antv/g2/esm/interaction/brushHighlight.js[39m[22m
[1mModule Warning (from ./node_modules/source-map-loader/dist/cjs.js):
[1m[31mFailed[39m[22m[1m to parse source map from 'E:\Windsurf-Qlib\qlib-frontend\node_modules\@antv\g2\esm\interaction\src\interaction\brushHighlight.ts' file: [1m[31mError[39m[22m[1m: ENOENT: no such file or directory, open 'E:\Windsurf-Qlib\qlib-frontend\node_modules\@antv\g2\esm\interaction\src\interaction\brushHighlight.ts'[39m[22m

[1m[33mWARNING[39m[22m in [1m./node_modules/@antv/g2/esm/interaction/brushXFilter.js[39m[22m
[1mModule Warning (from ./node_modules/source-map-loader/dist/cjs.js):
[1m[31mFailed[39m[22m[1m to parse source map from 'E:\Windsurf-Qlib\qlib-frontend\node_modules\@antv\g2\esm\interaction\src\interaction\brushXFilter.ts' file: [1m[31mError[39m[22m[1m: ENOENT: no such file or directory, open 'E:\Windsurf-Qlib\qlib-frontend\node_modules\@antv\g2\esm\interaction\src\interaction\brushXFilter.ts'[39m[22m

[1m[33mWARNING[39m[22m in [1m./node_modules/@antv/g2/esm/interaction/brushXHighlight.js[39m[22m
[1mModule Warning (from ./node_modules/source-map-loader/dist/cjs.js):
[1m[31mFailed[39m[22m[1m to parse source map from 'E:\Windsurf-Qlib\qlib-frontend\node_modules\@antv\g2\esm\interaction\src\interaction\brushXHighlight.ts' file: [1m[31mError[39m[22m[1m: ENOENT: no such file or directory, open 'E:\Windsurf-Qlib\qlib-frontend\node_modules\@antv\g2\esm\interaction\src\interaction\brushXHighlight.ts'[39m[22m

[1m[33mWARNING[39m[22m in [1m./node_modules/@antv/g2/esm/interaction/brushYFilter.js[39m[22m
[1mModule Warning (from ./node_modules/source-map-loader/dist/cjs.js):
[1m[31mFailed[39m[22m[1m to parse source map from 'E:\Windsurf-Qlib\qlib-frontend\node_modules\@antv\g2\esm\interaction\src\interaction\brushYFilter.ts' file: [1m[31mError[39m[22m[1m: ENOENT: no such file or directory, open 'E:\Windsurf-Qlib\qlib-frontend\node_modules\@antv\g2\esm\interaction\src\interaction\brushYFilter.ts'[39m[22m

[1m[33mWARNING[39m[22m in [1m./node_modules/@antv/g2/esm/interaction/brushYHighlight.js[39m[22m
[1mModule Warning (from ./node_modules/source-map-loader/dist/cjs.js):
[1m[31mFailed[39m[22m[1m to parse source map from 'E:\Windsurf-Qlib\qlib-frontend\node_modules\@antv\g2\esm\interaction\src\interaction\brushYHighlight.ts' file: [1m[31mError[39m[22m[1m: ENOENT: no such file or directory, open 'E:\Windsurf-Qlib\qlib-frontend\node_modules\@antv\g2\esm\interaction\src\interaction\brushYHighlight.ts'[39m[22m

[1m[33mWARNING[39m[22m in [1m./node_modules/@antv/g2/esm/interaction/chartIndex.js[39m[22m
[1mModule Warning (from ./node_modules/source-map-loader/dist/cjs.js):
[1m[31mFailed[39m[22m[1m to parse source map from 'E:\Windsurf-Qlib\qlib-frontend\node_modules\@antv\g2\esm\interaction\src\interaction\chartIndex.ts' file: [1m[31mError[39m[22m[1m: ENOENT: no such file or directory, open 'E:\Windsurf-Qlib\qlib-frontend\node_modules\@antv\g2\esm\interaction\src\interaction\chartIndex.ts'[39m[22m

[1m[33mWARNING[39m[22m in [1m./node_modules/@antv/g2/esm/interaction/elementHighlight.js[39m[22m
[1mModule Warning (from ./node_modules/source-map-loader/dist/cjs.js):
[1m[31mFailed[39m[22m[1m to parse source map from 'E:\Windsurf-Qlib\qlib-frontend\node_modules\@antv\g2\esm\interaction\src\interaction\elementHighlight.ts' file: [1m[31mError[39m[22m[1m: ENOENT: no such file or directory, open 'E:\Windsurf-Qlib\qlib-frontend\node_modules\@antv\g2\esm\interaction\src\interaction\elementHighlight.ts'[39m[22m

[1m[33mWARNING[39m[22m in [1m./node_modules/@antv/g2/esm/interaction/elementHighlightByColor.js[39m[22m
[1mModule Warning (from ./node_modules/source-map-loader/dist/cjs.js):
[1m[31mFailed[39m[22m[1m to parse source map from 'E:\Windsurf-Qlib\qlib-frontend\node_modules\@antv\g2\esm\interaction\src\interaction\elementHighlightByColor.ts' file: [1m[31mError[39m[22m[1m: ENOENT: no such file or directory, open 'E:\Windsurf-Qlib\qlib-frontend\node_modules\@antv\g2\esm\interaction\src\interaction\elementHighlightByColor.ts'[39m[22m

[1m[33mWARNING[39m[22m in [1m./node_modules/@antv/g2/esm/interaction/elementHighlightByX.js[39m[22m
[1mModule Warning (from ./node_modules/source-map-loader/dist/cjs.js):
[1m[31mFailed[39m[22m[1m to parse source map from 'E:\Windsurf-Qlib\qlib-frontend\node_modules\@antv\g2\esm\interaction\src\interaction\elementHighlightByX.ts' file: [1m[31mError[39m[22m[1m: ENOENT: no such file or directory, open 'E:\Windsurf-Qlib\qlib-frontend\node_modules\@antv\g2\esm\interaction\src\interaction\elementHighlightByX.ts'[39m[22m

[1m[33mWARNING[39m[22m in [1m./node_modules/@antv/g2/esm/interaction/elementPointMove.js[39m[22m
[1mModule Warning (from ./node_modules/source-map-loader/dist/cjs.js):
[1m[31mFailed[39m[22m[1m to parse source map from 'E:\Windsurf-Qlib\qlib-frontend\node_modules\@antv\g2\esm\interaction\src\interaction\elementPointMove.ts' file: [1m[31mError[39m[22m[1m: ENOENT: no such file or directory, open 'E:\Windsurf-Qlib\qlib-frontend\node_modules\@antv\g2\esm\interaction\src\interaction\elementPointMove.ts'[39m[22m

[1m[33mWARNING[39m[22m in [1m./node_modules/@antv/g2/esm/interaction/elementSelect.js[39m[22m
[1mModule Warning (from ./node_modules/source-map-loader/dist/cjs.js):
[1m[31mFailed[39m[22m[1m to parse source map from 'E:\Windsurf-Qlib\qlib-frontend\node_modules\@antv\g2\esm\interaction\src\interaction\elementSelect.ts' file: [1m[31mError[39m[22m[1m: ENOENT: no such file or directory, open 'E:\Windsurf-Qlib\qlib-frontend\node_modules\@antv\g2\esm\interaction\src\interaction\elementSelect.ts'[39m[22m

[1m[33mWARNING[39m[22m in [1m./node_modules/@antv/g2/esm/interaction/elementSelectByColor.js[39m[22m
[1mModule Warning (from ./node_modules/source-map-loader/dist/cjs.js):
[1m[31mFailed[39m[22m[1m to parse source map from 'E:\Windsurf-Qlib\qlib-frontend\node_modules\@antv\g2\esm\interaction\src\interaction\elementSelectByColor.ts' file: [1m[31mError[39m[22m[1m: ENOENT: no such file or directory, open 'E:\Windsurf-Qlib\qlib-frontend\node_modules\@antv\g2\esm\interaction\src\interaction\elementSelectByColor.ts'[39m[22m

[1m[33mWARNING[39m[22m in [1m./node_modules/@antv/g2/esm/interaction/elementSelectByX.js[39m[22m
[1mModule Warning (from ./node_modules/source-map-loader/dist/cjs.js):
[1m[31mFailed[39m[22m[1m to parse source map from 'E:\Windsurf-Qlib\qlib-frontend\node_modules\@antv\g2\esm\interaction\src\interaction\elementSelectByX.ts' file: [1m[31mError[39m[22m[1m: ENOENT: no such file or directory, open 'E:\Windsurf-Qlib\qlib-frontend\node_modules\@antv\g2\esm\interaction\src\interaction\elementSelectByX.ts'[39m[22m

[1m[33mWARNING[39m[22m in [1m./node_modules/@antv/g2/esm/interaction/event.js[39m[22m
[1mModule Warning (from ./node_modules/source-map-loader/dist/cjs.js):
[1m[31mFailed[39m[22m[1m to parse source map from 'E:\Windsurf-Qlib\qlib-frontend\node_modules\@antv\g2\esm\interaction\src\interaction\event.ts' file: [1m[31mError[39m[22m[1m: ENOENT: no such file or directory, open 'E:\Windsurf-Qlib\qlib-frontend\node_modules\@antv\g2\esm\interaction\src\interaction\event.ts'[39m[22m

[1m[33mWARNING[39m[22m in [1m./node_modules/@antv/g2/esm/interaction/fisheye.js[39m[22m
[1mModule Warning (from ./node_modules/source-map-loader/dist/cjs.js):
[1m[31mFailed[39m[22m[1m to parse source map from 'E:\Windsurf-Qlib\qlib-frontend\node_modules\@antv\g2\esm\interaction\src\interaction\fisheye.ts' file: [1m[31mError[39m[22m[1m: ENOENT: no such file or directory, open 'E:\Windsurf-Qlib\qlib-frontend\node_modules\@antv\g2\esm\interaction\src\interaction\fisheye.ts'[39m[22m

[1m[33mWARNING[39m[22m in [1m./node_modules/@antv/g2/esm/interaction/index.js[39m[22m
[1mModule Warning (from ./node_modules/source-map-loader/dist/cjs.js):
[1m[31mFailed[39m[22m[1m to parse source map from 'E:\Windsurf-Qlib\qlib-frontend\node_modules\@antv\g2\esm\interaction\src\interaction\index.ts' file: [1m[31mError[39m[22m[1m: ENOENT: no such file or directory, open 'E:\Windsurf-Qlib\qlib-frontend\node_modules\@antv\g2\esm\interaction\src\interaction\index.ts'[39m[22m

[1m[33mWARNING[39m[22m in [1m./node_modules/@antv/g2/esm/interaction/legendFilter.js[39m[22m
[1mModule Warning (from ./node_modules/source-map-loader/dist/cjs.js):
[1m[31mFailed[39m[22m[1m to parse source map from 'E:\Windsurf-Qlib\qlib-frontend\node_modules\@antv\g2\esm\interaction\src\interaction\legendFilter.ts' file: [1m[31mError[39m[22m[1m: ENOENT: no such file or directory, open 'E:\Windsurf-Qlib\qlib-frontend\node_modules\@antv\g2\esm\interaction\src\interaction\legendFilter.ts'[39m[22m

[1m[33mWARNING[39m[22m in [1m./node_modules/@antv/g2/esm/interaction/legendHighlight.js[39m[22m
[1mModule Warning (from ./node_modules/source-map-loader/dist/cjs.js):
[1m[31mFailed[39m[22m[1m to parse source map from 'E:\Windsurf-Qlib\qlib-frontend\node_modules\@antv\g2\esm\interaction\src\interaction\legendHighlight.ts' file: [1m[31mError[39m[22m[1m: ENOENT: no such file or directory, open 'E:\Windsurf-Qlib\qlib-frontend\node_modules\@antv\g2\esm\interaction\src\interaction\legendHighlight.ts'[39m[22m

[1m[33mWARNING[39m[22m in [1m./node_modules/@antv/g2/esm/interaction/poptip.js[39m[22m
[1mModule Warning (from ./node_modules/source-map-loader/dist/cjs.js):
[1m[31mFailed[39m[22m[1m to parse source map from 'E:\Windsurf-Qlib\qlib-frontend\node_modules\@antv\g2\esm\interaction\src\interaction\poptip.ts' file: [1m[31mError[39m[22m[1m: ENOENT: no such file or directory, open 'E:\Windsurf-Qlib\qlib-frontend\node_modules\@antv\g2\esm\interaction\src\interaction\poptip.ts'[39m[22m

[1m[33mWARNING[39m[22m in [1m./node_modules/@antv/g2/esm/interaction/scrollbarFilter.js[39m[22m
[1mModule Warning (from ./node_modules/source-map-loader/dist/cjs.js):
[1m[31mFailed[39m[22m[1m to parse source map from 'E:\Windsurf-Qlib\qlib-frontend\node_modules\@antv\g2\esm\interaction\src\interaction\scrollbarFilter.ts' file: [1m[31mError[39m[22m[1m: ENOENT: no such file or directory, open 'E:\Windsurf-Qlib\qlib-frontend\node_modules\@antv\g2\esm\interaction\src\interaction\scrollbarFilter.ts'[39m[22m

[1m[33mWARNING[39m[22m in [1m./node_modules/@antv/g2/esm/interaction/sliderFilter.js[39m[22m
[1mModule Warning (from ./node_modules/source-map-loader/dist/cjs.js):
[1m[31mFailed[39m[22m[1m to parse source map from 'E:\Windsurf-Qlib\qlib-frontend\node_modules\@antv\g2\esm\interaction\src\interaction\sliderFilter.ts' file: [1m[31mError[39m[22m[1m: ENOENT: no such file or directory, open 'E:\Windsurf-Qlib\qlib-frontend\node_modules\@antv\g2\esm\interaction\src\interaction\sliderFilter.ts'[39m[22m

[1m[33mWARNING[39m[22m in [1m./node_modules/@antv/g2/esm/interaction/tooltip.js[39m[22m
[1mModule Warning (from ./node_modules/source-map-loader/dist/cjs.js):
[1m[31mFailed[39m[22m[1m to parse source map from 'E:\Windsurf-Qlib\qlib-frontend\node_modules\@antv\g2\esm\interaction\src\interaction\tooltip.ts' file: [1m[31mError[39m[22m[1m: ENOENT: no such file or directory, open 'E:\Windsurf-Qlib\qlib-frontend\node_modules\@antv\g2\esm\interaction\src\interaction\tooltip.ts'[39m[22m

[1m[33mWARNING[39m[22m in [1m./node_modules/@antv/g2/esm/interaction/treemapDrillDown.js[39m[22m
[1mModule Warning (from ./node_modules/source-map-loader/dist/cjs.js):
[1m[31mFailed[39m[22m[1m to parse source map from 'E:\Windsurf-Qlib\qlib-frontend\node_modules\@antv\g2\esm\interaction\src\interaction\treemapDrillDown.ts' file: [1m[31mError[39m[22m[1m: ENOENT: no such file or directory, open 'E:\Windsurf-Qlib\qlib-frontend\node_modules\@antv\g2\esm\interaction\src\interaction\treemapDrillDown.ts'[39m[22m

[1m[33mWARNING[39m[22m in [1m./node_modules/@antv/g2/esm/interaction/utils.js[39m[22m
[1mModule Warning (from ./node_modules/source-map-loader/dist/cjs.js):
[1m[31mFailed[39m[22m[1m to parse source map from 'E:\Windsurf-Qlib\qlib-frontend\node_modules\@antv\g2\esm\interaction\src\interaction\utils.ts' file: [1m[31mError[39m[22m[1m: ENOENT: no such file or directory, open 'E:\Windsurf-Qlib\qlib-frontend\node_modules\@antv\g2\esm\interaction\src\interaction\utils.ts'[39m[22m

[1m[33mWARNING[39m[22m in [1m./node_modules/@antv/g2/esm/label-transform/contrastReverse.js[39m[22m
[1mModule Warning (from ./node_modules/source-map-loader/dist/cjs.js):
[1m[31mFailed[39m[22m[1m to parse source map from 'E:\Windsurf-Qlib\qlib-frontend\node_modules\@antv\g2\esm\label-transform\src\label-transform\contrastReverse.ts' file: [1m[31mError[39m[22m[1m: ENOENT: no such file or directory, open 'E:\Windsurf-Qlib\qlib-frontend\node_modules\@antv\g2\esm\label-transform\src\label-transform\contrastReverse.ts'[39m[22m

[1m[33mWARNING[39m[22m in [1m./node_modules/@antv/g2/esm/label-transform/exceedAdjust.js[39m[22m
[1mModule Warning (from ./node_modules/source-map-loader/dist/cjs.js):
[1m[31mFailed[39m[22m[1m to parse source map from 'E:\Windsurf-Qlib\qlib-frontend\node_modules\@antv\g2\esm\label-transform\src\label-transform\exceedAdjust.ts' file: [1m[31mError[39m[22m[1m: ENOENT: no such file or directory, open 'E:\Windsurf-Qlib\qlib-frontend\node_modules\@antv\g2\esm\label-transform\src\label-transform\exceedAdjust.ts'[39m[22m

[1m[33mWARNING[39m[22m in [1m./node_modules/@antv/g2/esm/label-transform/index.js[39m[22m
[1mModule Warning (from ./node_modules/source-map-loader/dist/cjs.js):
[1m[31mFailed[39m[22m[1m to parse source map from 'E:\Windsurf-Qlib\qlib-frontend\node_modules\@antv\g2\esm\label-transform\src\label-transform\index.ts' file: [1m[31mError[39m[22m[1m: ENOENT: no such file or directory, open 'E:\Windsurf-Qlib\qlib-frontend\node_modules\@antv\g2\esm\label-transform\src\label-transform\index.ts'[39m[22m

[1m[33mWARNING[39m[22m in [1m./node_modules/@antv/g2/esm/label-transform/overflowHide.js[39m[22m
[1mModule Warning (from ./node_modules/source-map-loader/dist/cjs.js):
[1m[31mFailed[39m[22m[1m to parse source map from 'E:\Windsurf-Qlib\qlib-frontend\node_modules\@antv\g2\esm\label-transform\src\label-transform\overflowHide.ts' file: [1m[31mError[39m[22m[1m: ENOENT: no such file or directory, open 'E:\Windsurf-Qlib\qlib-frontend\node_modules\@antv\g2\esm\label-transform\src\label-transform\overflowHide.ts'[39m[22m

[1m[33mWARNING[39m[22m in [1m./node_modules/@antv/g2/esm/label-transform/overlapDodgeY.js[39m[22m
[1mModule Warning (from ./node_modules/source-map-loader/dist/cjs.js):
[1m[31mFailed[39m[22m[1m to parse source map from 'E:\Windsurf-Qlib\qlib-frontend\node_modules\@antv\g2\esm\label-transform\src\label-transform\overlapDodgeY.ts' file: [1m[31mError[39m[22m[1m: ENOENT: no such file or directory, open 'E:\Windsurf-Qlib\qlib-frontend\node_modules\@antv\g2\esm\label-transform\src\label-transform\overlapDodgeY.ts'[39m[22m

[1m[33mWARNING[39m[22m in [1m./node_modules/@antv/g2/esm/label-transform/overlapHide.js[39m[22m
[1mModule Warning (from ./node_modules/source-map-loader/dist/cjs.js):
[1m[31mFailed[39m[22m[1m to parse source map from 'E:\Windsurf-Qlib\qlib-frontend\node_modules\@antv\g2\esm\label-transform\src\label-transform\overlapHide.ts' file: [1m[31mError[39m[22m[1m: ENOENT: no such file or directory, open 'E:\Windsurf-Qlib\qlib-frontend\node_modules\@antv\g2\esm\label-transform\src\label-transform\overlapHide.ts'[39m[22m

[1m[33mWARNING[39m[22m in [1m./node_modules/@antv/g2/esm/lib/builtinlib.js[39m[22m
[1mModule Warning (from ./node_modules/source-map-loader/dist/cjs.js):
[1m[31mFailed[39m[22m[1m to parse source map from 'E:\Windsurf-Qlib\qlib-frontend\node_modules\@antv\g2\esm\lib\src\lib\builtinlib.ts' file: [1m[31mError[39m[22m[1m: ENOENT: no such file or directory, open 'E:\Windsurf-Qlib\qlib-frontend\node_modules\@antv\g2\esm\lib\src\lib\builtinlib.ts'[39m[22m

[1m[33mWARNING[39m[22m in [1m./node_modules/@antv/g2/esm/lib/core.js[39m[22m
[1mModule Warning (from ./node_modules/source-map-loader/dist/cjs.js):
[1m[31mFailed[39m[22m[1m to parse source map from 'E:\Windsurf-Qlib\qlib-frontend\node_modules\@antv\g2\esm\lib\src\lib\core.ts' file: [1m[31mError[39m[22m[1m: ENOENT: no such file or directory, open 'E:\Windsurf-Qlib\qlib-frontend\node_modules\@antv\g2\esm\lib\src\lib\core.ts'[39m[22m

[1m[33mWARNING[39m[22m in [1m./node_modules/@antv/g2/esm/lib/geo.js[39m[22m
[1mModule Warning (from ./node_modules/source-map-loader/dist/cjs.js):
[1m[31mFailed[39m[22m[1m to parse source map from 'E:\Windsurf-Qlib\qlib-frontend\node_modules\@antv\g2\esm\lib\src\lib\geo.ts' file: [1m[31mError[39m[22m[1m: ENOENT: no such file or directory, open 'E:\Windsurf-Qlib\qlib-frontend\node_modules\@antv\g2\esm\lib\src\lib\geo.ts'[39m[22m

[1m[33mWARNING[39m[22m in [1m./node_modules/@antv/g2/esm/lib/graph.js[39m[22m
[1mModule Warning (from ./node_modules/source-map-loader/dist/cjs.js):
[1m[31mFailed[39m[22m[1m to parse source map from 'E:\Windsurf-Qlib\qlib-frontend\node_modules\@antv\g2\esm\lib\src\lib\graph.ts' file: [1m[31mError[39m[22m[1m: ENOENT: no such file or directory, open 'E:\Windsurf-Qlib\qlib-frontend\node_modules\@antv\g2\esm\lib\src\lib\graph.ts'[39m[22m

[1m[33mWARNING[39m[22m in [1m./node_modules/@antv/g2/esm/lib/index.js[39m[22m
[1mModule Warning (from ./node_modules/source-map-loader/dist/cjs.js):
[1m[31mFailed[39m[22m[1m to parse source map from 'E:\Windsurf-Qlib\qlib-frontend\node_modules\@antv\g2\esm\lib\src\lib\index.ts' file: [1m[31mError[39m[22m[1m: ENOENT: no such file or directory, open 'E:\Windsurf-Qlib\qlib-frontend\node_modules\@antv\g2\esm\lib\src\lib\index.ts'[39m[22m

[1m[33mWARNING[39m[22m in [1m./node_modules/@antv/g2/esm/lib/lite.js[39m[22m
[1mModule Warning (from ./node_modules/source-map-loader/dist/cjs.js):
[1m[31mFailed[39m[22m[1m to parse source map from 'E:\Windsurf-Qlib\qlib-frontend\node_modules\@antv\g2\esm\lib\src\lib\lite.ts' file: [1m[31mError[39m[22m[1m: ENOENT: no such file or directory, open 'E:\Windsurf-Qlib\qlib-frontend\node_modules\@antv\g2\esm\lib\src\lib\lite.ts'[39m[22m

[1m[33mWARNING[39m[22m in [1m./node_modules/@antv/g2/esm/lib/plot.js[39m[22m
[1mModule Warning (from ./node_modules/source-map-loader/dist/cjs.js):
[1m[31mFailed[39m[22m[1m to parse source map from 'E:\Windsurf-Qlib\qlib-frontend\node_modules\@antv\g2\esm\lib\src\lib\plot.ts' file: [1m[31mError[39m[22m[1m: ENOENT: no such file or directory, open 'E:\Windsurf-Qlib\qlib-frontend\node_modules\@antv\g2\esm\lib\src\lib\plot.ts'[39m[22m

[1m[33mWARNING[39m[22m in [1m./node_modules/@antv/g2/esm/lib/std.js[39m[22m
[1mModule Warning (from ./node_modules/source-map-loader/dist/cjs.js):
[1m[31mFailed[39m[22m[1m to parse source map from 'E:\Windsurf-Qlib\qlib-frontend\node_modules\@antv\g2\esm\lib\src\lib\std.ts' file: [1m[31mError[39m[22m[1m: ENOENT: no such file or directory, open 'E:\Windsurf-Qlib\qlib-frontend\node_modules\@antv\g2\esm\lib\src\lib\std.ts'[39m[22m

[1m[33mWARNING[39m[22m in [1m./node_modules/@antv/g2/esm/mark/area.js[39m[22m
[1mModule Warning (from ./node_modules/source-map-loader/dist/cjs.js):
[1m[31mFailed[39m[22m[1m to parse source map from 'E:\Windsurf-Qlib\qlib-frontend\node_modules\@antv\g2\esm\mark\src\mark\area.ts' file: [1m[31mError[39m[22m[1m: ENOENT: no such file or directory, open 'E:\Windsurf-Qlib\qlib-frontend\node_modules\@antv\g2\esm\mark\src\mark\area.ts'[39m[22m

[1m[33mWARNING[39m[22m in [1m./node_modules/@antv/g2/esm/mark/box.js[39m[22m
[1mModule Warning (from ./node_modules/source-map-loader/dist/cjs.js):
[1m[31mFailed[39m[22m[1m to parse source map from 'E:\Windsurf-Qlib\qlib-frontend\node_modules\@antv\g2\esm\mark\src\mark\box.ts' file: [1m[31mError[39m[22m[1m: ENOENT: no such file or directory, open 'E:\Windsurf-Qlib\qlib-frontend\node_modules\@antv\g2\esm\mark\src\mark\box.ts'[39m[22m

[1m[33mWARNING[39m[22m in [1m./node_modules/@antv/g2/esm/mark/boxplot.js[39m[22m
[1mModule Warning (from ./node_modules/source-map-loader/dist/cjs.js):
[1m[31mFailed[39m[22m[1m to parse source map from 'E:\Windsurf-Qlib\qlib-frontend\node_modules\@antv\g2\esm\mark\src\mark\boxplot.ts' file: [1m[31mError[39m[22m[1m: ENOENT: no such file or directory, open 'E:\Windsurf-Qlib\qlib-frontend\node_modules\@antv\g2\esm\mark\src\mark\boxplot.ts'[39m[22m

[1m[33mWARNING[39m[22m in [1m./node_modules/@antv/g2/esm/mark/cell.js[39m[22m
[1mModule Warning (from ./node_modules/source-map-loader/dist/cjs.js):
[1m[31mFailed[39m[22m[1m to parse source map from 'E:\Windsurf-Qlib\qlib-frontend\node_modules\@antv\g2\esm\mark\src\mark\cell.ts' file: [1m[31mError[39m[22m[1m: ENOENT: no such file or directory, open 'E:\Windsurf-Qlib\qlib-frontend\node_modules\@antv\g2\esm\mark\src\mark\cell.ts'[39m[22m

[1m[33mWARNING[39m[22m in [1m./node_modules/@antv/g2/esm/mark/chord.js[39m[22m
[1mModule Warning (from ./node_modules/source-map-loader/dist/cjs.js):
[1m[31mFailed[39m[22m[1m to parse source map from 'E:\Windsurf-Qlib\qlib-frontend\node_modules\@antv\g2\esm\mark\src\mark\chord.ts' file: [1m[31mError[39m[22m[1m: ENOENT: no such file or directory, open 'E:\Windsurf-Qlib\qlib-frontend\node_modules\@antv\g2\esm\mark\src\mark\chord.ts'[39m[22m

[1m[33mWARNING[39m[22m in [1m./node_modules/@antv/g2/esm/mark/connector.js[39m[22m
[1mModule Warning (from ./node_modules/source-map-loader/dist/cjs.js):
[1m[31mFailed[39m[22m[1m to parse source map from 'E:\Windsurf-Qlib\qlib-frontend\node_modules\@antv\g2\esm\mark\src\mark\connector.ts' file: [1m[31mError[39m[22m[1m: ENOENT: no such file or directory, open 'E:\Windsurf-Qlib\qlib-frontend\node_modules\@antv\g2\esm\mark\src\mark\connector.ts'[39m[22m

[1m[33mWARNING[39m[22m in [1m./node_modules/@antv/g2/esm/mark/density.js[39m[22m
[1mModule Warning (from ./node_modules/source-map-loader/dist/cjs.js):
[1m[31mFailed[39m[22m[1m to parse source map from 'E:\Windsurf-Qlib\qlib-frontend\node_modules\@antv\g2\esm\mark\src\mark\density.ts' file: [1m[31mError[39m[22m[1m: ENOENT: no such file or directory, open 'E:\Windsurf-Qlib\qlib-frontend\node_modules\@antv\g2\esm\mark\src\mark\density.ts'[39m[22m

[1m[33mWARNING[39m[22m in [1m./node_modules/@antv/g2/esm/mark/forceGraph.js[39m[22m
[1mModule Warning (from ./node_modules/source-map-loader/dist/cjs.js):
[1m[31mFailed[39m[22m[1m to parse source map from 'E:\Windsurf-Qlib\qlib-frontend\node_modules\@antv\g2\esm\mark\src\mark\forceGraph.ts' file: [1m[31mError[39m[22m[1m: ENOENT: no such file or directory, open 'E:\Windsurf-Qlib\qlib-frontend\node_modules\@antv\g2\esm\mark\src\mark\forceGraph.ts'[39m[22m

[1m[33mWARNING[39m[22m in [1m./node_modules/@antv/g2/esm/mark/gauge.js[39m[22m
[1mModule Warning (from ./node_modules/source-map-loader/dist/cjs.js):
[1m[31mFailed[39m[22m[1m to parse source map from 'E:\Windsurf-Qlib\qlib-frontend\node_modules\@antv\g2\esm\mark\src\mark\gauge.ts' file: [1m[31mError[39m[22m[1m: ENOENT: no such file or directory, open 'E:\Windsurf-Qlib\qlib-frontend\node_modules\@antv\g2\esm\mark\src\mark\gauge.ts'[39m[22m

[1m[33mWARNING[39m[22m in [1m./node_modules/@antv/g2/esm/mark/heatmap.js[39m[22m
[1mModule Warning (from ./node_modules/source-map-loader/dist/cjs.js):
[1m[31mFailed[39m[22m[1m to parse source map from 'E:\Windsurf-Qlib\qlib-frontend\node_modules\@antv\g2\esm\mark\src\mark\heatmap.ts' file: [1m[31mError[39m[22m[1m: ENOENT: no such file or directory, open 'E:\Windsurf-Qlib\qlib-frontend\node_modules\@antv\g2\esm\mark\src\mark\heatmap.ts'[39m[22m

[1m[33mWARNING[39m[22m in [1m./node_modules/@antv/g2/esm/mark/image.js[39m[22m
[1mModule Warning (from ./node_modules/source-map-loader/dist/cjs.js):
[1m[31mFailed[39m[22m[1m to parse source map from 'E:\Windsurf-Qlib\qlib-frontend\node_modules\@antv\g2\esm\mark\src\mark\image.ts' file: [1m[31mError[39m[22m[1m: ENOENT: no such file or directory, open 'E:\Windsurf-Qlib\qlib-frontend\node_modules\@antv\g2\esm\mark\src\mark\image.ts'[39m[22m

[1m[33mWARNING[39m[22m in [1m./node_modules/@antv/g2/esm/mark/index.js[39m[22m
[1mModule Warning (from ./node_modules/source-map-loader/dist/cjs.js):
[1m[31mFailed[39m[22m[1m to parse source map from 'E:\Windsurf-Qlib\qlib-frontend\node_modules\@antv\g2\esm\mark\src\mark\index.ts' file: [1m[31mError[39m[22m[1m: ENOENT: no such file or directory, open 'E:\Windsurf-Qlib\qlib-frontend\node_modules\@antv\g2\esm\mark\src\mark\index.ts'[39m[22m

[1m[33mWARNING[39m[22m in [1m./node_modules/@antv/g2/esm/mark/interval.js[39m[22m
[1mModule Warning (from ./node_modules/source-map-loader/dist/cjs.js):
[1m[31mFailed[39m[22m[1m to parse source map from 'E:\Windsurf-Qlib\qlib-frontend\node_modules\@antv\g2\esm\mark\src\mark\interval.ts' file: [1m[31mError[39m[22m[1m: ENOENT: no such file or directory, open 'E:\Windsurf-Qlib\qlib-frontend\node_modules\@antv\g2\esm\mark\src\mark\interval.ts'[39m[22m

[1m[33mWARNING[39m[22m in [1m./node_modules/@antv/g2/esm/mark/line.js[39m[22m
[1mModule Warning (from ./node_modules/source-map-loader/dist/cjs.js):
[1m[31mFailed[39m[22m[1m to parse source map from 'E:\Windsurf-Qlib\qlib-frontend\node_modules\@antv\g2\esm\mark\src\mark\line.ts' file: [1m[31mError[39m[22m[1m: ENOENT: no such file or directory, open 'E:\Windsurf-Qlib\qlib-frontend\node_modules\@antv\g2\esm\mark\src\mark\line.ts'[39m[22m

[1m[33mWARNING[39m[22m in [1m./node_modules/@antv/g2/esm/mark/lineX.js[39m[22m
[1mModule Warning (from ./node_modules/source-map-loader/dist/cjs.js):
[1m[31mFailed[39m[22m[1m to parse source map from 'E:\Windsurf-Qlib\qlib-frontend\node_modules\@antv\g2\esm\mark\src\mark\lineX.ts' file: [1m[31mError[39m[22m[1m: ENOENT: no such file or directory, open 'E:\Windsurf-Qlib\qlib-frontend\node_modules\@antv\g2\esm\mark\src\mark\lineX.ts'[39m[22m

[1m[33mWARNING[39m[22m in [1m./node_modules/@antv/g2/esm/mark/lineY.js[39m[22m
[1mModule Warning (from ./node_modules/source-map-loader/dist/cjs.js):
[1m[31mFailed[39m[22m[1m to parse source map from 'E:\Windsurf-Qlib\qlib-frontend\node_modules\@antv\g2\esm\mark\src\mark\lineY.ts' file: [1m[31mError[39m[22m[1m: ENOENT: no such file or directory, open 'E:\Windsurf-Qlib\qlib-frontend\node_modules\@antv\g2\esm\mark\src\mark\lineY.ts'[39m[22m

[1m[33mWARNING[39m[22m in [1m./node_modules/@antv/g2/esm/mark/link.js[39m[22m
[1mModule Warning (from ./node_modules/source-map-loader/dist/cjs.js):
[1m[31mFailed[39m[22m[1m to parse source map from 'E:\Windsurf-Qlib\qlib-frontend\node_modules\@antv\g2\esm\mark\src\mark\link.ts' file: [1m[31mError[39m[22m[1m: ENOENT: no such file or directory, open 'E:\Windsurf-Qlib\qlib-frontend\node_modules\@antv\g2\esm\mark\src\mark\link.ts'[39m[22m

[1m[33mWARNING[39m[22m in [1m./node_modules/@antv/g2/esm/mark/liquid.js[39m[22m
[1mModule Warning (from ./node_modules/source-map-loader/dist/cjs.js):
[1m[31mFailed[39m[22m[1m to parse source map from 'E:\Windsurf-Qlib\qlib-frontend\node_modules\@antv\g2\esm\mark\src\mark\liquid.ts' file: [1m[31mError[39m[22m[1m: ENOENT: no such file or directory, open 'E:\Windsurf-Qlib\qlib-frontend\node_modules\@antv\g2\esm\mark\src\mark\liquid.ts'[39m[22m

[1m[33mWARNING[39m[22m in [1m./node_modules/@antv/g2/esm/mark/pack.js[39m[22m
[1mModule Warning (from ./node_modules/source-map-loader/dist/cjs.js):
[1m[31mFailed[39m[22m[1m to parse source map from 'E:\Windsurf-Qlib\qlib-frontend\node_modules\@antv\g2\esm\mark\src\mark\pack.ts' file: [1m[31mError[39m[22m[1m: ENOENT: no such file or directory, open 'E:\Windsurf-Qlib\qlib-frontend\node_modules\@antv\g2\esm\mark\src\mark\pack.ts'[39m[22m

[1m[33mWARNING[39m[22m in [1m./node_modules/@antv/g2/esm/mark/path.js[39m[22m
[1mModule Warning (from ./node_modules/source-map-loader/dist/cjs.js):
[1m[31mFailed[39m[22m[1m to parse source map from 'E:\Windsurf-Qlib\qlib-frontend\node_modules\@antv\g2\esm\mark\src\mark\path.ts' file: [1m[31mError[39m[22m[1m: ENOENT: no such file or directory, open 'E:\Windsurf-Qlib\qlib-frontend\node_modules\@antv\g2\esm\mark\src\mark\path.ts'[39m[22m

[1m[33mWARNING[39m[22m in [1m./node_modules/@antv/g2/esm/mark/point.js[39m[22m
[1mModule Warning (from ./node_modules/source-map-loader/dist/cjs.js):
[1m[31mFailed[39m[22m[1m to parse source map from 'E:\Windsurf-Qlib\qlib-frontend\node_modules\@antv\g2\esm\mark\src\mark\point.ts' file: [1m[31mError[39m[22m[1m: ENOENT: no such file or directory, open 'E:\Windsurf-Qlib\qlib-frontend\node_modules\@antv\g2\esm\mark\src\mark\point.ts'[39m[22m

[1m[33mWARNING[39m[22m in [1m./node_modules/@antv/g2/esm/mark/polygon.js[39m[22m
[1mModule Warning (from ./node_modules/source-map-loader/dist/cjs.js):
[1m[31mFailed[39m[22m[1m to parse source map from 'E:\Windsurf-Qlib\qlib-frontend\node_modules\@antv\g2\esm\mark\src\mark\polygon.ts' file: [1m[31mError[39m[22m[1m: ENOENT: no such file or directory, open 'E:\Windsurf-Qlib\qlib-frontend\node_modules\@antv\g2\esm\mark\src\mark\polygon.ts'[39m[22m

[1m[33mWARNING[39m[22m in [1m./node_modules/@antv/g2/esm/mark/range.js[39m[22m
[1mModule Warning (from ./node_modules/source-map-loader/dist/cjs.js):
[1m[31mFailed[39m[22m[1m to parse source map from 'E:\Windsurf-Qlib\qlib-frontend\node_modules\@antv\g2\esm\mark\src\mark\range.ts' file: [1m[31mError[39m[22m[1m: ENOENT: no such file or directory, open 'E:\Windsurf-Qlib\qlib-frontend\node_modules\@antv\g2\esm\mark\src\mark\range.ts'[39m[22m

[1m[33mWARNING[39m[22m in [1m./node_modules/@antv/g2/esm/mark/rangeX.js[39m[22m
[1mModule Warning (from ./node_modules/source-map-loader/dist/cjs.js):
[1m[31mFailed[39m[22m[1m to parse source map from 'E:\Windsurf-Qlib\qlib-frontend\node_modules\@antv\g2\esm\mark\src\mark\rangeX.ts' file: [1m[31mError[39m[22m[1m: ENOENT: no such file or directory, open 'E:\Windsurf-Qlib\qlib-frontend\node_modules\@antv\g2\esm\mark\src\mark\rangeX.ts'[39m[22m

[1m[33mWARNING[39m[22m in [1m./node_modules/@antv/g2/esm/mark/rangeY.js[39m[22m
[1mModule Warning (from ./node_modules/source-map-loader/dist/cjs.js):
[1m[31mFailed[39m[22m[1m to parse source map from 'E:\Windsurf-Qlib\qlib-frontend\node_modules\@antv\g2\esm\mark\src\mark\rangeY.ts' file: [1m[31mError[39m[22m[1m: ENOENT: no such file or directory, open 'E:\Windsurf-Qlib\qlib-frontend\node_modules\@antv\g2\esm\mark\src\mark\rangeY.ts'[39m[22m

[1m[33mWARNING[39m[22m in [1m./node_modules/@antv/g2/esm/mark/rect.js[39m[22m
[1mModule Warning (from ./node_modules/source-map-loader/dist/cjs.js):
[1m[31mFailed[39m[22m[1m to parse source map from 'E:\Windsurf-Qlib\qlib-frontend\node_modules\@antv\g2\esm\mark\src\mark\rect.ts' file: [1m[31mError[39m[22m[1m: ENOENT: no such file or directory, open 'E:\Windsurf-Qlib\qlib-frontend\node_modules\@antv\g2\esm\mark\src\mark\rect.ts'[39m[22m

[1m[33mWARNING[39m[22m in [1m./node_modules/@antv/g2/esm/mark/sankey.js[39m[22m
[1mModule Warning (from ./node_modules/source-map-loader/dist/cjs.js):
[1m[31mFailed[39m[22m[1m to parse source map from 'E:\Windsurf-Qlib\qlib-frontend\node_modules\@antv\g2\esm\mark\src\mark\sankey.ts' file: [1m[31mError[39m[22m[1m: ENOENT: no such file or directory, open 'E:\Windsurf-Qlib\qlib-frontend\node_modules\@antv\g2\esm\mark\src\mark\sankey.ts'[39m[22m

[1m[33mWARNING[39m[22m in [1m./node_modules/@antv/g2/esm/mark/shape.js[39m[22m
[1mModule Warning (from ./node_modules/source-map-loader/dist/cjs.js):
[1m[31mFailed[39m[22m[1m to parse source map from 'E:\Windsurf-Qlib\qlib-frontend\node_modules\@antv\g2\esm\mark\src\mark\shape.ts' file: [1m[31mError[39m[22m[1m: ENOENT: no such file or directory, open 'E:\Windsurf-Qlib\qlib-frontend\node_modules\@antv\g2\esm\mark\src\mark\shape.ts'[39m[22m

[1m[33mWARNING[39m[22m in [1m./node_modules/@antv/g2/esm/mark/text.js[39m[22m
[1mModule Warning (from ./node_modules/source-map-loader/dist/cjs.js):
[1m[31mFailed[39m[22m[1m to parse source map from 'E:\Windsurf-Qlib\qlib-frontend\node_modules\@antv\g2\esm\mark\src\mark\text.ts' file: [1m[31mError[39m[22m[1m: ENOENT: no such file or directory, open 'E:\Windsurf-Qlib\qlib-frontend\node_modules\@antv\g2\esm\mark\src\mark\text.ts'[39m[22m

[1m[33mWARNING[39m[22m in [1m./node_modules/@antv/g2/esm/mark/tree.js[39m[22m
[1mModule Warning (from ./node_modules/source-map-loader/dist/cjs.js):
[1m[31mFailed[39m[22m[1m to parse source map from 'E:\Windsurf-Qlib\qlib-frontend\node_modules\@antv\g2\esm\mark\src\mark\tree.ts' file: [1m[31mError[39m[22m[1m: ENOENT: no such file or directory, open 'E:\Windsurf-Qlib\qlib-frontend\node_modules\@antv\g2\esm\mark\src\mark\tree.ts'[39m[22m

[1m[33mWARNING[39m[22m in [1m./node_modules/@antv/g2/esm/mark/treemap.js[39m[22m
[1mModule Warning (from ./node_modules/source-map-loader/dist/cjs.js):
[1m[31mFailed[39m[22m[1m to parse source map from 'E:\Windsurf-Qlib\qlib-frontend\node_modules\@antv\g2\esm\mark\src\mark\treemap.ts' file: [1m[31mError[39m[22m[1m: ENOENT: no such file or directory, open 'E:\Windsurf-Qlib\qlib-frontend\node_modules\@antv\g2\esm\mark\src\mark\treemap.ts'[39m[22m

[1m[33mWARNING[39m[22m in [1m./node_modules/@antv/g2/esm/mark/utils.js[39m[22m
[1mModule Warning (from ./node_modules/source-map-loader/dist/cjs.js):
[1m[31mFailed[39m[22m[1m to parse source map from 'E:\Windsurf-Qlib\qlib-frontend\node_modules\@antv\g2\esm\mark\src\mark\utils.ts' file: [1m[31mError[39m[22m[1m: ENOENT: no such file or directory, open 'E:\Windsurf-Qlib\qlib-frontend\node_modules\@antv\g2\esm\mark\src\mark\utils.ts'[39m[22m

[1m[33mWARNING[39m[22m in [1m./node_modules/@antv/g2/esm/mark/vector.js[39m[22m
[1mModule Warning (from ./node_modules/source-map-loader/dist/cjs.js):
[1m[31mFailed[39m[22m[1m to parse source map from 'E:\Windsurf-Qlib\qlib-frontend\node_modules\@antv\g2\esm\mark\src\mark\vector.ts' file: [1m[31mError[39m[22m[1m: ENOENT: no such file or directory, open 'E:\Windsurf-Qlib\qlib-frontend\node_modules\@antv\g2\esm\mark\src\mark\vector.ts'[39m[22m

[1m[33mWARNING[39m[22m in [1m./node_modules/@antv/g2/esm/mark/wordCloud.js[39m[22m
[1mModule Warning (from ./node_modules/source-map-loader/dist/cjs.js):
[1m[31mFailed[39m[22m[1m to parse source map from 'E:\Windsurf-Qlib\qlib-frontend\node_modules\@antv\g2\esm\mark\src\mark\wordCloud.ts' file: [1m[31mError[39m[22m[1m: ENOENT: no such file or directory, open 'E:\Windsurf-Qlib\qlib-frontend\node_modules\@antv\g2\esm\mark\src\mark\wordCloud.ts'[39m[22m

[1m[33mWARNING[39m[22m in [1m./node_modules/@antv/g2/esm/palette/category10.js[39m[22m
[1mModule Warning (from ./node_modules/source-map-loader/dist/cjs.js):
[1m[31mFailed[39m[22m[1m to parse source map from 'E:\Windsurf-Qlib\qlib-frontend\node_modules\@antv\g2\esm\palette\src\palette\category10.ts' file: [1m[31mError[39m[22m[1m: ENOENT: no such file or directory, open 'E:\Windsurf-Qlib\qlib-frontend\node_modules\@antv\g2\esm\palette\src\palette\category10.ts'[39m[22m

[1m[33mWARNING[39m[22m in [1m./node_modules/@antv/g2/esm/palette/category20.js[39m[22m
[1mModule Warning (from ./node_modules/source-map-loader/dist/cjs.js):
[1m[31mFailed[39m[22m[1m to parse source map from 'E:\Windsurf-Qlib\qlib-frontend\node_modules\@antv\g2\esm\palette\src\palette\category20.ts' file: [1m[31mError[39m[22m[1m: ENOENT: no such file or directory, open 'E:\Windsurf-Qlib\qlib-frontend\node_modules\@antv\g2\esm\palette\src\palette\category20.ts'[39m[22m

[1m[33mWARNING[39m[22m in [1m./node_modules/@antv/g2/esm/palette/index.js[39m[22m
[1mModule Warning (from ./node_modules/source-map-loader/dist/cjs.js):
[1m[31mFailed[39m[22m[1m to parse source map from 'E:\Windsurf-Qlib\qlib-frontend\node_modules\@antv\g2\esm\palette\src\palette\index.ts' file: [1m[31mError[39m[22m[1m: ENOENT: no such file or directory, open 'E:\Windsurf-Qlib\qlib-frontend\node_modules\@antv\g2\esm\palette\src\palette\index.ts'[39m[22m

[1m[33mWARNING[39m[22m in [1m./node_modules/@antv/g2/esm/runtime/component.js[39m[22m
[1mModule Warning (from ./node_modules/source-map-loader/dist/cjs.js):
[1m[31mFailed[39m[22m[1m to parse source map from 'E:\Windsurf-Qlib\qlib-frontend\node_modules\@antv\g2\esm\runtime\src\runtime\component.ts' file: [1m[31mError[39m[22m[1m: ENOENT: no such file or directory, open 'E:\Windsurf-Qlib\qlib-frontend\node_modules\@antv\g2\esm\runtime\src\runtime\component.ts'[39m[22m

[1m[33mWARNING[39m[22m in [1m./node_modules/@antv/g2/esm/runtime/constant.js[39m[22m
[1mModule Warning (from ./node_modules/source-map-loader/dist/cjs.js):
[1m[31mFailed[39m[22m[1m to parse source map from 'E:\Windsurf-Qlib\qlib-frontend\node_modules\@antv\g2\esm\runtime\src\runtime\constant.ts' file: [1m[31mError[39m[22m[1m: ENOENT: no such file or directory, open 'E:\Windsurf-Qlib\qlib-frontend\node_modules\@antv\g2\esm\runtime\src\runtime\constant.ts'[39m[22m

[1m[33mWARNING[39m[22m in [1m./node_modules/@antv/g2/esm/runtime/coordinate.js[39m[22m
[1mModule Warning (from ./node_modules/source-map-loader/dist/cjs.js):
[1m[31mFailed[39m[22m[1m to parse source map from 'E:\Windsurf-Qlib\qlib-frontend\node_modules\@antv\g2\esm\runtime\src\runtime\coordinate.ts' file: [1m[31mError[39m[22m[1m: ENOENT: no such file or directory, open 'E:\Windsurf-Qlib\qlib-frontend\node_modules\@antv\g2\esm\runtime\src\runtime\coordinate.ts'[39m[22m

[1m[33mWARNING[39m[22m in [1m./node_modules/@antv/g2/esm/runtime/index.js[39m[22m
[1mModule Warning (from ./node_modules/source-map-loader/dist/cjs.js):
[1m[31mFailed[39m[22m[1m to parse source map from 'E:\Windsurf-Qlib\qlib-frontend\node_modules\@antv\g2\esm\runtime\src\runtime\index.ts' file: [1m[31mError[39m[22m[1m: ENOENT: no such file or directory, open 'E:\Windsurf-Qlib\qlib-frontend\node_modules\@antv\g2\esm\runtime\src\runtime\index.ts'[39m[22m

[1m[33mWARNING[39m[22m in [1m./node_modules/@antv/g2/esm/runtime/layout.js[39m[22m
[1mModule Warning (from ./node_modules/source-map-loader/dist/cjs.js):
[1m[31mFailed[39m[22m[1m to parse source map from 'E:\Windsurf-Qlib\qlib-frontend\node_modules\@antv\g2\esm\runtime\src\runtime\layout.ts' file: [1m[31mError[39m[22m[1m: ENOENT: no such file or directory, open 'E:\Windsurf-Qlib\qlib-frontend\node_modules\@antv\g2\esm\runtime\src\runtime\layout.ts'[39m[22m

[1m[33mWARNING[39m[22m in [1m./node_modules/@antv/g2/esm/runtime/library.js[39m[22m
[1mModule Warning (from ./node_modules/source-map-loader/dist/cjs.js):
[1m[31mFailed[39m[22m[1m to parse source map from 'E:\Windsurf-Qlib\qlib-frontend\node_modules\@antv\g2\esm\runtime\src\runtime\library.ts' file: [1m[31mError[39m[22m[1m: ENOENT: no such file or directory, open 'E:\Windsurf-Qlib\qlib-frontend\node_modules\@antv\g2\esm\runtime\src\runtime\library.ts'[39m[22m

[1m[33mWARNING[39m[22m in [1m./node_modules/@antv/g2/esm/runtime/mark.js[39m[22m
[1mModule Warning (from ./node_modules/source-map-loader/dist/cjs.js):
[1m[31mFailed[39m[22m[1m to parse source map from 'E:\Windsurf-Qlib\qlib-frontend\node_modules\@antv\g2\esm\runtime\src\runtime\mark.ts' file: [1m[31mError[39m[22m[1m: ENOENT: no such file or directory, open 'E:\Windsurf-Qlib\qlib-frontend\node_modules\@antv\g2\esm\runtime\src\runtime\mark.ts'[39m[22m

[1m[33mWARNING[39m[22m in [1m./node_modules/@antv/g2/esm/runtime/option-preprocess/index.js[39m[22m
[1mModule Warning (from ./node_modules/source-map-loader/dist/cjs.js):
[1m[31mFailed[39m[22m[1m to parse source map from 'E:\Windsurf-Qlib\qlib-frontend\node_modules\@antv\g2\esm\runtime\option-preprocess\src\runtime\option-preprocess\index.ts' file: [1m[31mError[39m[22m[1m: ENOENT: no such file or directory, open 'E:\Windsurf-Qlib\qlib-frontend\node_modules\@antv\g2\esm\runtime\option-preprocess\src\runtime\option-preprocess\index.ts'[39m[22m

[1m[33mWARNING[39m[22m in [1m./node_modules/@antv/g2/esm/runtime/option-preprocess/style.js[39m[22m
[1mModule Warning (from ./node_modules/source-map-loader/dist/cjs.js):
[1m[31mFailed[39m[22m[1m to parse source map from 'E:\Windsurf-Qlib\qlib-frontend\node_modules\@antv\g2\esm\runtime\option-preprocess\src\runtime\option-preprocess\style.ts' file: [1m[31mError[39m[22m[1m: ENOENT: no such file or directory, open 'E:\Windsurf-Qlib\qlib-frontend\node_modules\@antv\g2\esm\runtime\option-preprocess\src\runtime\option-preprocess\style.ts'[39m[22m

[1m[33mWARNING[39m[22m in [1m./node_modules/@antv/g2/esm/runtime/plot.js[39m[22m
[1mModule Warning (from ./node_modules/source-map-loader/dist/cjs.js):
[1m[31mFailed[39m[22m[1m to parse source map from 'E:\Windsurf-Qlib\qlib-frontend\node_modules\@antv\g2\esm\runtime\src\runtime\plot.ts' file: [1m[31mError[39m[22m[1m: ENOENT: no such file or directory, open 'E:\Windsurf-Qlib\qlib-frontend\node_modules\@antv\g2\esm\runtime\src\runtime\plot.ts'[39m[22m

[1m[33mWARNING[39m[22m in [1m./node_modules/@antv/g2/esm/runtime/render.js[39m[22m
[1mModule Warning (from ./node_modules/source-map-loader/dist/cjs.js):
[1m[31mFailed[39m[22m[1m to parse source map from 'E:\Windsurf-Qlib\qlib-frontend\node_modules\@antv\g2\esm\runtime\src\runtime\render.ts' file: [1m[31mError[39m[22m[1m: ENOENT: no such file or directory, open 'E:\Windsurf-Qlib\qlib-frontend\node_modules\@antv\g2\esm\runtime\src\runtime\render.ts'[39m[22m

[1m[33mWARNING[39m[22m in [1m./node_modules/@antv/g2/esm/runtime/scale.js[39m[22m
[1mModule Warning (from ./node_modules/source-map-loader/dist/cjs.js):
[1m[31mFailed[39m[22m[1m to parse source map from 'E:\Windsurf-Qlib\qlib-frontend\node_modules\@antv\g2\esm\runtime\src\runtime\scale.ts' file: [1m[31mError[39m[22m[1m: ENOENT: no such file or directory, open 'E:\Windsurf-Qlib\qlib-frontend\node_modules\@antv\g2\esm\runtime\src\runtime\scale.ts'[39m[22m

[1m[33mWARNING[39m[22m in [1m./node_modules/@antv/g2/esm/runtime/transform.js[39m[22m
[1mModule Warning (from ./node_modules/source-map-loader/dist/cjs.js):
[1m[31mFailed[39m[22m[1m to parse source map from 'E:\Windsurf-Qlib\qlib-frontend\node_modules\@antv\g2\esm\runtime\src\runtime\transform.ts' file: [1m[31mError[39m[22m[1m: ENOENT: no such file or directory, open 'E:\Windsurf-Qlib\qlib-frontend\node_modules\@antv\g2\esm\runtime\src\runtime\transform.ts'[39m[22m

[1m[33mWARNING[39m[22m in [1m./node_modules/@antv/g2/esm/runtime/types/common.js[39m[22m
[1mModule Warning (from ./node_modules/source-map-loader/dist/cjs.js):
[1m[31mFailed[39m[22m[1m to parse source map from 'E:\Windsurf-Qlib\qlib-frontend\node_modules\@antv\g2\esm\runtime\types\src\runtime\types\common.ts' file: [1m[31mError[39m[22m[1m: ENOENT: no such file or directory, open 'E:\Windsurf-Qlib\qlib-frontend\node_modules\@antv\g2\esm\runtime\types\src\runtime\types\common.ts'[39m[22m

[1m[33mWARNING[39m[22m in [1m./node_modules/@antv/g2/esm/runtime/types/component.js[39m[22m
[1mModule Warning (from ./node_modules/source-map-loader/dist/cjs.js):
[1m[31mFailed[39m[22m[1m to parse source map from 'E:\Windsurf-Qlib\qlib-frontend\node_modules\@antv\g2\esm\runtime\types\src\runtime\types\component.ts' file: [1m[31mError[39m[22m[1m: ENOENT: no such file or directory, open 'E:\Windsurf-Qlib\qlib-frontend\node_modules\@antv\g2\esm\runtime\types\src\runtime\types\component.ts'[39m[22m

[1m[33mWARNING[39m[22m in [1m./node_modules/@antv/g2/esm/runtime/types/data.js[39m[22m
[1mModule Warning (from ./node_modules/source-map-loader/dist/cjs.js):
[1m[31mFailed[39m[22m[1m to parse source map from 'E:\Windsurf-Qlib\qlib-frontend\node_modules\@antv\g2\esm\runtime\types\src\runtime\types\data.ts' file: [1m[31mError[39m[22m[1m: ENOENT: no such file or directory, open 'E:\Windsurf-Qlib\qlib-frontend\node_modules\@antv\g2\esm\runtime\types\src\runtime\types\data.ts'[39m[22m

[1m[33mWARNING[39m[22m in [1m./node_modules/@antv/g2/esm/runtime/types/encode.js[39m[22m
[1mModule Warning (from ./node_modules/source-map-loader/dist/cjs.js):
[1m[31mFailed[39m[22m[1m to parse source map from 'E:\Windsurf-Qlib\qlib-frontend\node_modules\@antv\g2\esm\runtime\types\src\runtime\types\encode.ts' file: [1m[31mError[39m[22m[1m: ENOENT: no such file or directory, open 'E:\Windsurf-Qlib\qlib-frontend\node_modules\@antv\g2\esm\runtime\types\src\runtime\types\encode.ts'[39m[22m

[1m[33mWARNING[39m[22m in [1m./node_modules/@antv/g2/esm/runtime/types/mark.js[39m[22m
[1mModule Warning (from ./node_modules/source-map-loader/dist/cjs.js):
[1m[31mFailed[39m[22m[1m to parse source map from 'E:\Windsurf-Qlib\qlib-frontend\node_modules\@antv\g2\esm\runtime\types\src\runtime\types\mark.ts' file: [1m[31mError[39m[22m[1m: ENOENT: no such file or directory, open 'E:\Windsurf-Qlib\qlib-frontend\node_modules\@antv\g2\esm\runtime\types\src\runtime\types\mark.ts'[39m[22m

[1m[33mWARNING[39m[22m in [1m./node_modules/@antv/g2/esm/runtime/types/options.js[39m[22m
[1mModule Warning (from ./node_modules/source-map-loader/dist/cjs.js):
[1m[31mFailed[39m[22m[1m to parse source map from 'E:\Windsurf-Qlib\qlib-frontend\node_modules\@antv\g2\esm\runtime\types\src\runtime\types\options.ts' file: [1m[31mError[39m[22m[1m: ENOENT: no such file or directory, open 'E:\Windsurf-Qlib\qlib-frontend\node_modules\@antv\g2\esm\runtime\types\src\runtime\types\options.ts'[39m[22m

[1m[33mWARNING[39m[22m in [1m./node_modules/@antv/g2/esm/runtime/types/scale.js[39m[22m
[1mModule Warning (from ./node_modules/source-map-loader/dist/cjs.js):
[1m[31mFailed[39m[22m[1m to parse source map from 'E:\Windsurf-Qlib\qlib-frontend\node_modules\@antv\g2\esm\runtime\types\src\runtime\types\scale.ts' file: [1m[31mError[39m[22m[1m: ENOENT: no such file or directory, open 'E:\Windsurf-Qlib\qlib-frontend\node_modules\@antv\g2\esm\runtime\types\src\runtime\types\scale.ts'[39m[22m

[1m[33mWARNING[39m[22m in [1m./node_modules/@antv/g2/esm/runtime/types/transform.js[39m[22m
[1mModule Warning (from ./node_modules/source-map-loader/dist/cjs.js):
[1m[31mFailed[39m[22m[1m to parse source map from 'E:\Windsurf-Qlib\qlib-frontend\node_modules\@antv\g2\esm\runtime\types\src\runtime\types\transform.ts' file: [1m[31mError[39m[22m[1m: ENOENT: no such file or directory, open 'E:\Windsurf-Qlib\qlib-frontend\node_modules\@antv\g2\esm\runtime\types\src\runtime\types\transform.ts'[39m[22m

[1m[33mWARNING[39m[22m in [1m./node_modules/@antv/g2/esm/scale/band.js[39m[22m
[1mModule Warning (from ./node_modules/source-map-loader/dist/cjs.js):
[1m[31mFailed[39m[22m[1m to parse source map from 'E:\Windsurf-Qlib\qlib-frontend\node_modules\@antv\g2\esm\scale\src\scale\band.ts' file: [1m[31mError[39m[22m[1m: ENOENT: no such file or directory, open 'E:\Windsurf-Qlib\qlib-frontend\node_modules\@antv\g2\esm\scale\src\scale\band.ts'[39m[22m

[1m[33mWARNING[39m[22m in [1m./node_modules/@antv/g2/esm/scale/constant.js[39m[22m
[1mModule Warning (from ./node_modules/source-map-loader/dist/cjs.js):
[1m[31mFailed[39m[22m[1m to parse source map from 'E:\Windsurf-Qlib\qlib-frontend\node_modules\@antv\g2\esm\scale\src\scale\constant.ts' file: [1m[31mError[39m[22m[1m: ENOENT: no such file or directory, open 'E:\Windsurf-Qlib\qlib-frontend\node_modules\@antv\g2\esm\scale\src\scale\constant.ts'[39m[22m

[1m[33mWARNING[39m[22m in [1m./node_modules/@antv/g2/esm/scale/identity.js[39m[22m
[1mModule Warning (from ./node_modules/source-map-loader/dist/cjs.js):
[1m[31mFailed[39m[22m[1m to parse source map from 'E:\Windsurf-Qlib\qlib-frontend\node_modules\@antv\g2\esm\scale\src\scale\identity.ts' file: [1m[31mError[39m[22m[1m: ENOENT: no such file or directory, open 'E:\Windsurf-Qlib\qlib-frontend\node_modules\@antv\g2\esm\scale\src\scale\identity.ts'[39m[22m

[1m[33mWARNING[39m[22m in [1m./node_modules/@antv/g2/esm/scale/index.js[39m[22m
[1mModule Warning (from ./node_modules/source-map-loader/dist/cjs.js):
[1m[31mFailed[39m[22m[1m to parse source map from 'E:\Windsurf-Qlib\qlib-frontend\node_modules\@antv\g2\esm\scale\src\scale\index.ts' file: [1m[31mError[39m[22m[1m: ENOENT: no such file or directory, open 'E:\Windsurf-Qlib\qlib-frontend\node_modules\@antv\g2\esm\scale\src\scale\index.ts'[39m[22m

[1m[33mWARNING[39m[22m in [1m./node_modules/@antv/g2/esm/scale/linear.js[39m[22m
[1mModule Warning (from ./node_modules/source-map-loader/dist/cjs.js):
[1m[31mFailed[39m[22m[1m to parse source map from 'E:\Windsurf-Qlib\qlib-frontend\node_modules\@antv\g2\esm\scale\src\scale\linear.ts' file: [1m[31mError[39m[22m[1m: ENOENT: no such file or directory, open 'E:\Windsurf-Qlib\qlib-frontend\node_modules\@antv\g2\esm\scale\src\scale\linear.ts'[39m[22m

[1m[33mWARNING[39m[22m in [1m./node_modules/@antv/g2/esm/scale/log.js[39m[22m
[1mModule Warning (from ./node_modules/source-map-loader/dist/cjs.js):
[1m[31mFailed[39m[22m[1m to parse source map from 'E:\Windsurf-Qlib\qlib-frontend\node_modules\@antv\g2\esm\scale\src\scale\log.ts' file: [1m[31mError[39m[22m[1m: ENOENT: no such file or directory, open 'E:\Windsurf-Qlib\qlib-frontend\node_modules\@antv\g2\esm\scale\src\scale\log.ts'[39m[22m

[1m[33mWARNING[39m[22m in [1m./node_modules/@antv/g2/esm/scale/ordinal.js[39m[22m
[1mModule Warning (from ./node_modules/source-map-loader/dist/cjs.js):
[1m[31mFailed[39m[22m[1m to parse source map from 'E:\Windsurf-Qlib\qlib-frontend\node_modules\@antv\g2\esm\scale\src\scale\ordinal.ts' file: [1m[31mError[39m[22m[1m: ENOENT: no such file or directory, open 'E:\Windsurf-Qlib\qlib-frontend\node_modules\@antv\g2\esm\scale\src\scale\ordinal.ts'[39m[22m

[1m[33mWARNING[39m[22m in [1m./node_modules/@antv/g2/esm/scale/point.js[39m[22m
[1mModule Warning (from ./node_modules/source-map-loader/dist/cjs.js):
[1m[31mFailed[39m[22m[1m to parse source map from 'E:\Windsurf-Qlib\qlib-frontend\node_modules\@antv\g2\esm\scale\src\scale\point.ts' file: [1m[31mError[39m[22m[1m: ENOENT: no such file or directory, open 'E:\Windsurf-Qlib\qlib-frontend\node_modules\@antv\g2\esm\scale\src\scale\point.ts'[39m[22m

[1m[33mWARNING[39m[22m in [1m./node_modules/@antv/g2/esm/scale/pow.js[39m[22m
[1mModule Warning (from ./node_modules/source-map-loader/dist/cjs.js):
[1m[31mFailed[39m[22m[1m to parse source map from 'E:\Windsurf-Qlib\qlib-frontend\node_modules\@antv\g2\esm\scale\src\scale\pow.ts' file: [1m[31mError[39m[22m[1m: ENOENT: no such file or directory, open 'E:\Windsurf-Qlib\qlib-frontend\node_modules\@antv\g2\esm\scale\src\scale\pow.ts'[39m[22m

[1m[33mWARNING[39m[22m in [1m./node_modules/@antv/g2/esm/scale/quantile.js[39m[22m
[1mModule Warning (from ./node_modules/source-map-loader/dist/cjs.js):
[1m[31mFailed[39m[22m[1m to parse source map from 'E:\Windsurf-Qlib\qlib-frontend\node_modules\@antv\g2\esm\scale\src\scale\quantile.ts' file: [1m[31mError[39m[22m[1m: ENOENT: no such file or directory, open 'E:\Windsurf-Qlib\qlib-frontend\node_modules\@antv\g2\esm\scale\src\scale\quantile.ts'[39m[22m

[1m[33mWARNING[39m[22m in [1m./node_modules/@antv/g2/esm/scale/quantize.js[39m[22m
[1mModule Warning (from ./node_modules/source-map-loader/dist/cjs.js):
[1m[31mFailed[39m[22m[1m to parse source map from 'E:\Windsurf-Qlib\qlib-frontend\node_modules\@antv\g2\esm\scale\src\scale\quantize.ts' file: [1m[31mError[39m[22m[1m: ENOENT: no such file or directory, open 'E:\Windsurf-Qlib\qlib-frontend\node_modules\@antv\g2\esm\scale\src\scale\quantize.ts'[39m[22m

[1m[33mWARNING[39m[22m in [1m./node_modules/@antv/g2/esm/scale/sequential.js[39m[22m
[1mModule Warning (from ./node_modules/source-map-loader/dist/cjs.js):
[1m[31mFailed[39m[22m[1m to parse source map from 'E:\Windsurf-Qlib\qlib-frontend\node_modules\@antv\g2\esm\scale\src\scale\sequential.ts' file: [1m[31mError[39m[22m[1m: ENOENT: no such file or directory, open 'E:\Windsurf-Qlib\qlib-frontend\node_modules\@antv\g2\esm\scale\src\scale\sequential.ts'[39m[22m

[1m[33mWARNING[39m[22m in [1m./node_modules/@antv/g2/esm/scale/sqrt.js[39m[22m
[1mModule Warning (from ./node_modules/source-map-loader/dist/cjs.js):
[1m[31mFailed[39m[22m[1m to parse source map from 'E:\Windsurf-Qlib\qlib-frontend\node_modules\@antv\g2\esm\scale\src\scale\sqrt.ts' file: [1m[31mError[39m[22m[1m: ENOENT: no such file or directory, open 'E:\Windsurf-Qlib\qlib-frontend\node_modules\@antv\g2\esm\scale\src\scale\sqrt.ts'[39m[22m

[1m[33mWARNING[39m[22m in [1m./node_modules/@antv/g2/esm/scale/threshold.js[39m[22m
[1mModule Warning (from ./node_modules/source-map-loader/dist/cjs.js):
[1m[31mFailed[39m[22m[1m to parse source map from 'E:\Windsurf-Qlib\qlib-frontend\node_modules\@antv\g2\esm\scale\src\scale\threshold.ts' file: [1m[31mError[39m[22m[1m: ENOENT: no such file or directory, open 'E:\Windsurf-Qlib\qlib-frontend\node_modules\@antv\g2\esm\scale\src\scale\threshold.ts'[39m[22m

[1m[33mWARNING[39m[22m in [1m./node_modules/@antv/g2/esm/scale/time.js[39m[22m
[1mModule Warning (from ./node_modules/source-map-loader/dist/cjs.js):
[1m[31mFailed[39m[22m[1m to parse source map from 'E:\Windsurf-Qlib\qlib-frontend\node_modules\@antv\g2\esm\scale\src\scale\time.ts' file: [1m[31mError[39m[22m[1m: ENOENT: no such file or directory, open 'E:\Windsurf-Qlib\qlib-frontend\node_modules\@antv\g2\esm\scale\src\scale\time.ts'[39m[22m

[1m[33mWARNING[39m[22m in [1m./node_modules/@antv/g2/esm/shape/area/area.js[39m[22m
[1mModule Warning (from ./node_modules/source-map-loader/dist/cjs.js):
[1m[31mFailed[39m[22m[1m to parse source map from 'E:\Windsurf-Qlib\qlib-frontend\node_modules\@antv\g2\esm\shape\area\src\shape\area\area.ts' file: [1m[31mError[39m[22m[1m: ENOENT: no such file or directory, open 'E:\Windsurf-Qlib\qlib-frontend\node_modules\@antv\g2\esm\shape\area\src\shape\area\area.ts'[39m[22m

[1m[33mWARNING[39m[22m in [1m./node_modules/@antv/g2/esm/shape/area/curve.js[39m[22m
[1mModule Warning (from ./node_modules/source-map-loader/dist/cjs.js):
[1m[31mFailed[39m[22m[1m to parse source map from 'E:\Windsurf-Qlib\qlib-frontend\node_modules\@antv\g2\esm\shape\area\src\shape\area\curve.ts' file: [1m[31mError[39m[22m[1m: ENOENT: no such file or directory, open 'E:\Windsurf-Qlib\qlib-frontend\node_modules\@antv\g2\esm\shape\area\src\shape\area\curve.ts'[39m[22m

[1m[33mWARNING[39m[22m in [1m./node_modules/@antv/g2/esm/shape/area/hv.js[39m[22m
[1mModule Warning (from ./node_modules/source-map-loader/dist/cjs.js):
[1m[31mFailed[39m[22m[1m to parse source map from 'E:\Windsurf-Qlib\qlib-frontend\node_modules\@antv\g2\esm\shape\area\src\shape\area\hv.ts' file: [1m[31mError[39m[22m[1m: ENOENT: no such file or directory, open 'E:\Windsurf-Qlib\qlib-frontend\node_modules\@antv\g2\esm\shape\area\src\shape\area\hv.ts'[39m[22m

[1m[33mWARNING[39m[22m in [1m./node_modules/@antv/g2/esm/shape/area/hvh.js[39m[22m
[1mModule Warning (from ./node_modules/source-map-loader/dist/cjs.js):
[1m[31mFailed[39m[22m[1m to parse source map from 'E:\Windsurf-Qlib\qlib-frontend\node_modules\@antv\g2\esm\shape\area\src\shape\area\hvh.ts' file: [1m[31mError[39m[22m[1m: ENOENT: no such file or directory, open 'E:\Windsurf-Qlib\qlib-frontend\node_modules\@antv\g2\esm\shape\area\src\shape\area\hvh.ts'[39m[22m

[1m[33mWARNING[39m[22m in [1m./node_modules/@antv/g2/esm/shape/area/smooth.js[39m[22m
[1mModule Warning (from ./node_modules/source-map-loader/dist/cjs.js):
[1m[31mFailed[39m[22m[1m to parse source map from 'E:\Windsurf-Qlib\qlib-frontend\node_modules\@antv\g2\esm\shape\area\src\shape\area\smooth.ts' file: [1m[31mError[39m[22m[1m: ENOENT: no such file or directory, open 'E:\Windsurf-Qlib\qlib-frontend\node_modules\@antv\g2\esm\shape\area\src\shape\area\smooth.ts'[39m[22m

[1m[33mWARNING[39m[22m in [1m./node_modules/@antv/g2/esm/shape/area/vh.js[39m[22m
[1mModule Warning (from ./node_modules/source-map-loader/dist/cjs.js):
[1m[31mFailed[39m[22m[1m to parse source map from 'E:\Windsurf-Qlib\qlib-frontend\node_modules\@antv\g2\esm\shape\area\src\shape\area\vh.ts' file: [1m[31mError[39m[22m[1m: ENOENT: no such file or directory, open 'E:\Windsurf-Qlib\qlib-frontend\node_modules\@antv\g2\esm\shape\area\src\shape\area\vh.ts'[39m[22m

[1m[33mWARNING[39m[22m in [1m./node_modules/@antv/g2/esm/shape/box/box.js[39m[22m
[1mModule Warning (from ./node_modules/source-map-loader/dist/cjs.js):
[1m[31mFailed[39m[22m[1m to parse source map from 'E:\Windsurf-Qlib\qlib-frontend\node_modules\@antv\g2\esm\shape\box\src\shape\box\box.ts' file: [1m[31mError[39m[22m[1m: ENOENT: no such file or directory, open 'E:\Windsurf-Qlib\qlib-frontend\node_modules\@antv\g2\esm\shape\box\src\shape\box\box.ts'[39m[22m

[1m[33mWARNING[39m[22m in [1m./node_modules/@antv/g2/esm/shape/box/violin.js[39m[22m
[1mModule Warning (from ./node_modules/source-map-loader/dist/cjs.js):
[1m[31mFailed[39m[22m[1m to parse source map from 'E:\Windsurf-Qlib\qlib-frontend\node_modules\@antv\g2\esm\shape\box\src\shape\box\violin.ts' file: [1m[31mError[39m[22m[1m: ENOENT: no such file or directory, open 'E:\Windsurf-Qlib\qlib-frontend\node_modules\@antv\g2\esm\shape\box\src\shape\box\violin.ts'[39m[22m

[1m[33mWARNING[39m[22m in [1m./node_modules/@antv/g2/esm/shape/connector/connector.js[39m[22m
[1mModule Warning (from ./node_modules/source-map-loader/dist/cjs.js):
[1m[31mFailed[39m[22m[1m to parse source map from 'E:\Windsurf-Qlib\qlib-frontend\node_modules\@antv\g2\esm\shape\connector\src\shape\connector\connector.ts' file: [1m[31mError[39m[22m[1m: ENOENT: no such file or directory, open 'E:\Windsurf-Qlib\qlib-frontend\node_modules\@antv\g2\esm\shape\connector\src\shape\connector\connector.ts'[39m[22m

[1m[33mWARNING[39m[22m in [1m./node_modules/@antv/g2/esm/shape/density/density.js[39m[22m
[1mModule Warning (from ./node_modules/source-map-loader/dist/cjs.js):
[1m[31mFailed[39m[22m[1m to parse source map from 'E:\Windsurf-Qlib\qlib-frontend\node_modules\@antv\g2\esm\shape\density\src\shape\density\density.ts' file: [1m[31mError[39m[22m[1m: ENOENT: no such file or directory, open 'E:\Windsurf-Qlib\qlib-frontend\node_modules\@antv\g2\esm\shape\density\src\shape\density\density.ts'[39m[22m

[1m[33mWARNING[39m[22m in [1m./node_modules/@antv/g2/esm/shape/gauge/round.js[39m[22m
[1mModule Warning (from ./node_modules/source-map-loader/dist/cjs.js):
[1m[31mFailed[39m[22m[1m to parse source map from 'E:\Windsurf-Qlib\qlib-frontend\node_modules\@antv\g2\esm\shape\gauge\src\shape\gauge\round.ts' file: [1m[31mError[39m[22m[1m: ENOENT: no such file or directory, open 'E:\Windsurf-Qlib\qlib-frontend\node_modules\@antv\g2\esm\shape\gauge\src\shape\gauge\round.ts'[39m[22m

[1m[33mWARNING[39m[22m in [1m./node_modules/@antv/g2/esm/shape/heatmap/heatmap.js[39m[22m
[1mModule Warning (from ./node_modules/source-map-loader/dist/cjs.js):
[1m[31mFailed[39m[22m[1m to parse source map from 'E:\Windsurf-Qlib\qlib-frontend\node_modules\@antv\g2\esm\shape\heatmap\src\shape\heatmap\heatmap.ts' file: [1m[31mError[39m[22m[1m: ENOENT: no such file or directory, open 'E:\Windsurf-Qlib\qlib-frontend\node_modules\@antv\g2\esm\shape\heatmap\src\shape\heatmap\heatmap.ts'[39m[22m

[1m[33mWARNING[39m[22m in [1m./node_modules/@antv/g2/esm/shape/heatmap/renderer/gradient.js[39m[22m
[1mModule Warning (from ./node_modules/source-map-loader/dist/cjs.js):
[1m[31mFailed[39m[22m[1m to parse source map from 'E:\Windsurf-Qlib\qlib-frontend\node_modules\@antv\g2\esm\shape\heatmap\renderer\src\shape\heatmap\renderer\gradient.ts' file: [1m[31mError[39m[22m[1m: ENOENT: no such file or directory, open 'E:\Windsurf-Qlib\qlib-frontend\node_modules\@antv\g2\esm\shape\heatmap\renderer\src\shape\heatmap\renderer\gradient.ts'[39m[22m

[1m[33mWARNING[39m[22m in [1m./node_modules/@antv/g2/esm/shape/heatmap/renderer/index.js[39m[22m
[1mModule Warning (from ./node_modules/source-map-loader/dist/cjs.js):
[1m[31mFailed[39m[22m[1m to parse source map from 'E:\Windsurf-Qlib\qlib-frontend\node_modules\@antv\g2\esm\shape\heatmap\renderer\src\shape\heatmap\renderer\index.ts' file: [1m[31mError[39m[22m[1m: ENOENT: no such file or directory, open 'E:\Windsurf-Qlib\qlib-frontend\node_modules\@antv\g2\esm\shape\heatmap\renderer\src\shape\heatmap\renderer\index.ts'[39m[22m

[1m[33mWARNING[39m[22m in [1m./node_modules/@antv/g2/esm/shape/image/image.js[39m[22m
[1mModule Warning (from ./node_modules/source-map-loader/dist/cjs.js):
[1m[31mFailed[39m[22m[1m to parse source map from 'E:\Windsurf-Qlib\qlib-frontend\node_modules\@antv\g2\esm\shape\image\src\shape\image\image.ts' file: [1m[31mError[39m[22m[1m: ENOENT: no such file or directory, open 'E:\Windsurf-Qlib\qlib-frontend\node_modules\@antv\g2\esm\shape\image\src\shape\image\image.ts'[39m[22m

[1m[33mWARNING[39m[22m in [1m./node_modules/@antv/g2/esm/shape/index.js[39m[22m
[1mModule Warning (from ./node_modules/source-map-loader/dist/cjs.js):
[1m[31mFailed[39m[22m[1m to parse source map from 'E:\Windsurf-Qlib\qlib-frontend\node_modules\@antv\g2\esm\shape\src\shape\index.ts' file: [1m[31mError[39m[22m[1m: ENOENT: no such file or directory, open 'E:\Windsurf-Qlib\qlib-frontend\node_modules\@antv\g2\esm\shape\src\shape\index.ts'[39m[22m

[1m[33mWARNING[39m[22m in [1m./node_modules/@antv/g2/esm/shape/interval/color.js[39m[22m
[1mModule Warning (from ./node_modules/source-map-loader/dist/cjs.js):
[1m[31mFailed[39m[22m[1m to parse source map from 'E:\Windsurf-Qlib\qlib-frontend\node_modules\@antv\g2\esm\shape\interval\src\shape\interval\color.ts' file: [1m[31mError[39m[22m[1m: ENOENT: no such file or directory, open 'E:\Windsurf-Qlib\qlib-frontend\node_modules\@antv\g2\esm\shape\interval\src\shape\interval\color.ts'[39m[22m

[1m[33mWARNING[39m[22m in [1m./node_modules/@antv/g2/esm/shape/interval/funnel.js[39m[22m
[1mModule Warning (from ./node_modules/source-map-loader/dist/cjs.js):
[1m[31mFailed[39m[22m[1m to parse source map from 'E:\Windsurf-Qlib\qlib-frontend\node_modules\@antv\g2\esm\shape\interval\src\shape\interval\funnel.ts' file: [1m[31mError[39m[22m[1m: ENOENT: no such file or directory, open 'E:\Windsurf-Qlib\qlib-frontend\node_modules\@antv\g2\esm\shape\interval\src\shape\interval\funnel.ts'[39m[22m

[1m[33mWARNING[39m[22m in [1m./node_modules/@antv/g2/esm/shape/interval/hollow.js[39m[22m
[1mModule Warning (from ./node_modules/source-map-loader/dist/cjs.js):
[1m[31mFailed[39m[22m[1m to parse source map from 'E:\Windsurf-Qlib\qlib-frontend\node_modules\@antv\g2\esm\shape\interval\src\shape\interval\hollow.ts' file: [1m[31mError[39m[22m[1m: ENOENT: no such file or directory, open 'E:\Windsurf-Qlib\qlib-frontend\node_modules\@antv\g2\esm\shape\interval\src\shape\interval\hollow.ts'[39m[22m

[1m[33mWARNING[39m[22m in [1m./node_modules/@antv/g2/esm/shape/interval/pyramid.js[39m[22m
[1mModule Warning (from ./node_modules/source-map-loader/dist/cjs.js):
[1m[31mFailed[39m[22m[1m to parse source map from 'E:\Windsurf-Qlib\qlib-frontend\node_modules\@antv\g2\esm\shape\interval\src\shape\interval\pyramid.ts' file: [1m[31mError[39m[22m[1m: ENOENT: no such file or directory, open 'E:\Windsurf-Qlib\qlib-frontend\node_modules\@antv\g2\esm\shape\interval\src\shape\interval\pyramid.ts'[39m[22m

[1m[33mWARNING[39m[22m in [1m./node_modules/@antv/g2/esm/shape/interval/rect.js[39m[22m
[1mModule Warning (from ./node_modules/source-map-loader/dist/cjs.js):
[1m[31mFailed[39m[22m[1m to parse source map from 'E:\Windsurf-Qlib\qlib-frontend\node_modules\@antv\g2\esm\shape\interval\src\shape\interval\rect.ts' file: [1m[31mError[39m[22m[1m: ENOENT: no such file or directory, open 'E:\Windsurf-Qlib\qlib-frontend\node_modules\@antv\g2\esm\shape\interval\src\shape\interval\rect.ts'[39m[22m

[1m[33mWARNING[39m[22m in [1m./node_modules/@antv/g2/esm/shape/label/label.js[39m[22m
[1mModule Warning (from ./node_modules/source-map-loader/dist/cjs.js):
[1m[31mFailed[39m[22m[1m to parse source map from 'E:\Windsurf-Qlib\qlib-frontend\node_modules\@antv\g2\esm\shape\label\src\shape\label\label.ts' file: [1m[31mError[39m[22m[1m: ENOENT: no such file or directory, open 'E:\Windsurf-Qlib\qlib-frontend\node_modules\@antv\g2\esm\shape\label\src\shape\label\label.ts'[39m[22m

[1m[33mWARNING[39m[22m in [1m./node_modules/@antv/g2/esm/shape/label/position/area.js[39m[22m
[1mModule Warning (from ./node_modules/source-map-loader/dist/cjs.js):
[1m[31mFailed[39m[22m[1m to parse source map from 'E:\Windsurf-Qlib\qlib-frontend\node_modules\@antv\g2\esm\shape\label\position\src\shape\label\position\area.ts' file: [1m[31mError[39m[22m[1m: ENOENT: no such file or directory, open 'E:\Windsurf-Qlib\qlib-frontend\node_modules\@antv\g2\esm\shape\label\position\src\shape\label\position\area.ts'[39m[22m

[1m[33mWARNING[39m[22m in [1m./node_modules/@antv/g2/esm/shape/label/position/bottom.js[39m[22m
[1mModule Warning (from ./node_modules/source-map-loader/dist/cjs.js):
[1m[31mFailed[39m[22m[1m to parse source map from 'E:\Windsurf-Qlib\qlib-frontend\node_modules\@antv\g2\esm\shape\label\position\src\shape\label\position\bottom.ts' file: [1m[31mError[39m[22m[1m: ENOENT: no such file or directory, open 'E:\Windsurf-Qlib\qlib-frontend\node_modules\@antv\g2\esm\shape\label\position\src\shape\label\position\bottom.ts'[39m[22m

[1m[33mWARNING[39m[22m in [1m./node_modules/@antv/g2/esm/shape/label/position/bottomLeft.js[39m[22m
[1mModule Warning (from ./node_modules/source-map-loader/dist/cjs.js):
[1m[31mFailed[39m[22m[1m to parse source map from 'E:\Windsurf-Qlib\qlib-frontend\node_modules\@antv\g2\esm\shape\label\position\src\shape\label\position\bottomLeft.ts' file: [1m[31mError[39m[22m[1m: ENOENT: no such file or directory, open 'E:\Windsurf-Qlib\qlib-frontend\node_modules\@antv\g2\esm\shape\label\position\src\shape\label\position\bottomLeft.ts'[39m[22m

[1m[33mWARNING[39m[22m in [1m./node_modules/@antv/g2/esm/shape/label/position/bottomRight.js[39m[22m
[1mModule Warning (from ./node_modules/source-map-loader/dist/cjs.js):
[1m[31mFailed[39m[22m[1m to parse source map from 'E:\Windsurf-Qlib\qlib-frontend\node_modules\@antv\g2\esm\shape\label\position\src\shape\label\position\bottomRight.ts' file: [1m[31mError[39m[22m[1m: ENOENT: no such file or directory, open 'E:\Windsurf-Qlib\qlib-frontend\node_modules\@antv\g2\esm\shape\label\position\src\shape\label\position\bottomRight.ts'[39m[22m

[1m[33mWARNING[39m[22m in [1m./node_modules/@antv/g2/esm/shape/label/position/default.js[39m[22m
[1mModule Warning (from ./node_modules/source-map-loader/dist/cjs.js):
[1m[31mFailed[39m[22m[1m to parse source map from 'E:\Windsurf-Qlib\qlib-frontend\node_modules\@antv\g2\esm\shape\label\position\src\shape\label\position\default.ts' file: [1m[31mError[39m[22m[1m: ENOENT: no such file or directory, open 'E:\Windsurf-Qlib\qlib-frontend\node_modules\@antv\g2\esm\shape\label\position\src\shape\label\position\default.ts'[39m[22m

[1m[33mWARNING[39m[22m in [1m./node_modules/@antv/g2/esm/shape/label/position/index.js[39m[22m
[1mModule Warning (from ./node_modules/source-map-loader/dist/cjs.js):
[1m[31mFailed[39m[22m[1m to parse source map from 'E:\Windsurf-Qlib\qlib-frontend\node_modules\@antv\g2\esm\shape\label\position\src\shape\label\position\index.ts' file: [1m[31mError[39m[22m[1m: ENOENT: no such file or directory, open 'E:\Windsurf-Qlib\qlib-frontend\node_modules\@antv\g2\esm\shape\label\position\src\shape\label\position\index.ts'[39m[22m

[1m[33mWARNING[39m[22m in [1m./node_modules/@antv/g2/esm/shape/label/position/inside.js[39m[22m
[1mModule Warning (from ./node_modules/source-map-loader/dist/cjs.js):
[1m[31mFailed[39m[22m[1m to parse source map from 'E:\Windsurf-Qlib\qlib-frontend\node_modules\@antv\g2\esm\shape\label\position\src\shape\label\position\inside.ts' file: [1m[31mError[39m[22m[1m: ENOENT: no such file or directory, open 'E:\Windsurf-Qlib\qlib-frontend\node_modules\@antv\g2\esm\shape\label\position\src\shape\label\position\inside.ts'[39m[22m

[1m[33mWARNING[39m[22m in [1m./node_modules/@antv/g2/esm/shape/label/position/left.js[39m[22m
[1mModule Warning (from ./node_modules/source-map-loader/dist/cjs.js):
[1m[31mFailed[39m[22m[1m to parse source map from 'E:\Windsurf-Qlib\qlib-frontend\node_modules\@antv\g2\esm\shape\label\position\src\shape\label\position\left.ts' file: [1m[31mError[39m[22m[1m: ENOENT: no such file or directory, open 'E:\Windsurf-Qlib\qlib-frontend\node_modules\@antv\g2\esm\shape\label\position\src\shape\label\position\left.ts'[39m[22m

[1m[33mWARNING[39m[22m in [1m./node_modules/@antv/g2/esm/shape/label/position/outside.js[39m[22m
[1mModule Warning (from ./node_modules/source-map-loader/dist/cjs.js):
[1m[31mFailed[39m[22m[1m to parse source map from 'E:\Windsurf-Qlib\qlib-frontend\node_modules\@antv\g2\esm\shape\label\position\src\shape\label\position\outside.ts' file: [1m[31mError[39m[22m[1m: ENOENT: no such file or directory, open 'E:\Windsurf-Qlib\qlib-frontend\node_modules\@antv\g2\esm\shape\label\position\src\shape\label\position\outside.ts'[39m[22m

[1m[33mWARNING[39m[22m in [1m./node_modules/@antv/g2/esm/shape/label/position/right.js[39m[22m
[1mModule Warning (from ./node_modules/source-map-loader/dist/cjs.js):
[1m[31mFailed[39m[22m[1m to parse source map from 'E:\Windsurf-Qlib\qlib-frontend\node_modules\@antv\g2\esm\shape\label\position\src\shape\label\position\right.ts' file: [1m[31mError[39m[22m[1m: ENOENT: no such file or directory, open 'E:\Windsurf-Qlib\qlib-frontend\node_modules\@antv\g2\esm\shape\label\position\src\shape\label\position\right.ts'[39m[22m

[1m[33mWARNING[39m[22m in [1m./node_modules/@antv/g2/esm/shape/label/position/spider.js[39m[22m
[1mModule Warning (from ./node_modules/source-map-loader/dist/cjs.js):
[1m[31mFailed[39m[22m[1m to parse source map from 'E:\Windsurf-Qlib\qlib-frontend\node_modules\@antv\g2\esm\shape\label\position\src\shape\label\position\spider.ts' file: [1m[31mError[39m[22m[1m: ENOENT: no such file or directory, open 'E:\Windsurf-Qlib\qlib-frontend\node_modules\@antv\g2\esm\shape\label\position\src\shape\label\position\spider.ts'[39m[22m

[1m[33mWARNING[39m[22m in [1m./node_modules/@antv/g2/esm/shape/label/position/surround.js[39m[22m
[1mModule Warning (from ./node_modules/source-map-loader/dist/cjs.js):
[1m[31mFailed[39m[22m[1m to parse source map from 'E:\Windsurf-Qlib\qlib-frontend\node_modules\@antv\g2\esm\shape\label\position\src\shape\label\position\surround.ts' file: [1m[31mError[39m[22m[1m: ENOENT: no such file or directory, open 'E:\Windsurf-Qlib\qlib-frontend\node_modules\@antv\g2\esm\shape\label\position\src\shape\label\position\surround.ts'[39m[22m

[1m[33mWARNING[39m[22m in [1m./node_modules/@antv/g2/esm/shape/label/position/top.js[39m[22m
[1mModule Warning (from ./node_modules/source-map-loader/dist/cjs.js):
[1m[31mFailed[39m[22m[1m to parse source map from 'E:\Windsurf-Qlib\qlib-frontend\node_modules\@antv\g2\esm\shape\label\position\src\shape\label\position\top.ts' file: [1m[31mError[39m[22m[1m: ENOENT: no such file or directory, open 'E:\Windsurf-Qlib\qlib-frontend\node_modules\@antv\g2\esm\shape\label\position\src\shape\label\position\top.ts'[39m[22m

[1m[33mWARNING[39m[22m in [1m./node_modules/@antv/g2/esm/shape/label/position/topLeft.js[39m[22m
[1mModule Warning (from ./node_modules/source-map-loader/dist/cjs.js):
[1m[31mFailed[39m[22m[1m to parse source map from 'E:\Windsurf-Qlib\qlib-frontend\node_modules\@antv\g2\esm\shape\label\position\src\shape\label\position\topLeft.ts' file: [1m[31mError[39m[22m[1m: ENOENT: no such file or directory, open 'E:\Windsurf-Qlib\qlib-frontend\node_modules\@antv\g2\esm\shape\label\position\src\shape\label\position\topLeft.ts'[39m[22m

[1m[33mWARNING[39m[22m in [1m./node_modules/@antv/g2/esm/shape/label/position/topRight.js[39m[22m
[1mModule Warning (from ./node_modules/source-map-loader/dist/cjs.js):
[1m[31mFailed[39m[22m[1m to parse source map from 'E:\Windsurf-Qlib\qlib-frontend\node_modules\@antv\g2\esm\shape\label\position\src\shape\label\position\topRight.ts' file: [1m[31mError[39m[22m[1m: ENOENT: no such file or directory, open 'E:\Windsurf-Qlib\qlib-frontend\node_modules\@antv\g2\esm\shape\label\position\src\shape\label\position\topRight.ts'[39m[22m

[1m[33mWARNING[39m[22m in [1m./node_modules/@antv/g2/esm/shape/label/position/utils.js[39m[22m
[1mModule Warning (from ./node_modules/source-map-loader/dist/cjs.js):
[1m[31mFailed[39m[22m[1m to parse source map from 'E:\Windsurf-Qlib\qlib-frontend\node_modules\@antv\g2\esm\shape\label\position\src\shape\label\position\utils.ts' file: [1m[31mError[39m[22m[1m: ENOENT: no such file or directory, open 'E:\Windsurf-Qlib\qlib-frontend\node_modules\@antv\g2\esm\shape\label\position\src\shape\label\position\utils.ts'[39m[22m

[1m[33mWARNING[39m[22m in [1m./node_modules/@antv/g2/esm/shape/lineXY/line.js[39m[22m
[1mModule Warning (from ./node_modules/source-map-loader/dist/cjs.js):
[1m[31mFailed[39m[22m[1m to parse source map from 'E:\Windsurf-Qlib\qlib-frontend\node_modules\@antv\g2\esm\shape\lineXY\src\shape\lineXY\line.ts' file: [1m[31mError[39m[22m[1m: ENOENT: no such file or directory, open 'E:\Windsurf-Qlib\qlib-frontend\node_modules\@antv\g2\esm\shape\lineXY\src\shape\lineXY\line.ts'[39m[22m

[1m[33mWARNING[39m[22m in [1m./node_modules/@antv/g2/esm/shape/line/curve.js[39m[22m
[1mModule Warning (from ./node_modules/source-map-loader/dist/cjs.js):
[1m[31mFailed[39m[22m[1m to parse source map from 'E:\Windsurf-Qlib\qlib-frontend\node_modules\@antv\g2\esm\shape\line\src\shape\line\curve.ts' file: [1m[31mError[39m[22m[1m: ENOENT: no such file or directory, open 'E:\Windsurf-Qlib\qlib-frontend\node_modules\@antv\g2\esm\shape\line\src\shape\line\curve.ts'[39m[22m

[1m[33mWARNING[39m[22m in [1m./node_modules/@antv/g2/esm/shape/line/hv.js[39m[22m
[1mModule Warning (from ./node_modules/source-map-loader/dist/cjs.js):
[1m[31mFailed[39m[22m[1m to parse source map from 'E:\Windsurf-Qlib\qlib-frontend\node_modules\@antv\g2\esm\shape\line\src\shape\line\hv.ts' file: [1m[31mError[39m[22m[1m: ENOENT: no such file or directory, open 'E:\Windsurf-Qlib\qlib-frontend\node_modules\@antv\g2\esm\shape\line\src\shape\line\hv.ts'[39m[22m

[1m[33mWARNING[39m[22m in [1m./node_modules/@antv/g2/esm/shape/line/hvh.js[39m[22m
[1mModule Warning (from ./node_modules/source-map-loader/dist/cjs.js):
[1m[31mFailed[39m[22m[1m to parse source map from 'E:\Windsurf-Qlib\qlib-frontend\node_modules\@antv\g2\esm\shape\line\src\shape\line\hvh.ts' file: [1m[31mError[39m[22m[1m: ENOENT: no such file or directory, open 'E:\Windsurf-Qlib\qlib-frontend\node_modules\@antv\g2\esm\shape\line\src\shape\line\hvh.ts'[39m[22m

[1m[33mWARNING[39m[22m in [1m./node_modules/@antv/g2/esm/shape/line/line.js[39m[22m
[1mModule Warning (from ./node_modules/source-map-loader/dist/cjs.js):
[1m[31mFailed[39m[22m[1m to parse source map from 'E:\Windsurf-Qlib\qlib-frontend\node_modules\@antv\g2\esm\shape\line\src\shape\line\line.ts' file: [1m[31mError[39m[22m[1m: ENOENT: no such file or directory, open 'E:\Windsurf-Qlib\qlib-frontend\node_modules\@antv\g2\esm\shape\line\src\shape\line\line.ts'[39m[22m

[1m[33mWARNING[39m[22m in [1m./node_modules/@antv/g2/esm/shape/line/smooth.js[39m[22m
[1mModule Warning (from ./node_modules/source-map-loader/dist/cjs.js):
[1m[31mFailed[39m[22m[1m to parse source map from 'E:\Windsurf-Qlib\qlib-frontend\node_modules\@antv\g2\esm\shape\line\src\shape\line\smooth.ts' file: [1m[31mError[39m[22m[1m: ENOENT: no such file or directory, open 'E:\Windsurf-Qlib\qlib-frontend\node_modules\@antv\g2\esm\shape\line\src\shape\line\smooth.ts'[39m[22m

[1m[33mWARNING[39m[22m in [1m./node_modules/@antv/g2/esm/shape/line/trail.js[39m[22m
[1mModule Warning (from ./node_modules/source-map-loader/dist/cjs.js):
[1m[31mFailed[39m[22m[1m to parse source map from 'E:\Windsurf-Qlib\qlib-frontend\node_modules\@antv\g2\esm\shape\line\src\shape\line\trail.ts' file: [1m[31mError[39m[22m[1m: ENOENT: no such file or directory, open 'E:\Windsurf-Qlib\qlib-frontend\node_modules\@antv\g2\esm\shape\line\src\shape\line\trail.ts'[39m[22m

[1m[33mWARNING[39m[22m in [1m./node_modules/@antv/g2/esm/shape/line/vh.js[39m[22m
[1mModule Warning (from ./node_modules/source-map-loader/dist/cjs.js):
[1m[31mFailed[39m[22m[1m to parse source map from 'E:\Windsurf-Qlib\qlib-frontend\node_modules\@antv\g2\esm\shape\line\src\shape\line\vh.ts' file: [1m[31mError[39m[22m[1m: ENOENT: no such file or directory, open 'E:\Windsurf-Qlib\qlib-frontend\node_modules\@antv\g2\esm\shape\line\src\shape\line\vh.ts'[39m[22m

[1m[33mWARNING[39m[22m in [1m./node_modules/@antv/g2/esm/shape/link/arc.js[39m[22m
[1mModule Warning (from ./node_modules/source-map-loader/dist/cjs.js):
[1m[31mFailed[39m[22m[1m to parse source map from 'E:\Windsurf-Qlib\qlib-frontend\node_modules\@antv\g2\esm\shape\link\src\shape\link\arc.ts' file: [1m[31mError[39m[22m[1m: ENOENT: no such file or directory, open 'E:\Windsurf-Qlib\qlib-frontend\node_modules\@antv\g2\esm\shape\link\src\shape\link\arc.ts'[39m[22m

[1m[33mWARNING[39m[22m in [1m./node_modules/@antv/g2/esm/shape/link/link.js[39m[22m
[1mModule Warning (from ./node_modules/source-map-loader/dist/cjs.js):
[1m[31mFailed[39m[22m[1m to parse source map from 'E:\Windsurf-Qlib\qlib-frontend\node_modules\@antv\g2\esm\shape\link\src\shape\link\link.ts' file: [1m[31mError[39m[22m[1m: ENOENT: no such file or directory, open 'E:\Windsurf-Qlib\qlib-frontend\node_modules\@antv\g2\esm\shape\link\src\shape\link\link.ts'[39m[22m

[1m[33mWARNING[39m[22m in [1m./node_modules/@antv/g2/esm/shape/link/smooth.js[39m[22m
[1mModule Warning (from ./node_modules/source-map-loader/dist/cjs.js):
[1m[31mFailed[39m[22m[1m to parse source map from 'E:\Windsurf-Qlib\qlib-frontend\node_modules\@antv\g2\esm\shape\link\src\shape\link\smooth.ts' file: [1m[31mError[39m[22m[1m: ENOENT: no such file or directory, open 'E:\Windsurf-Qlib\qlib-frontend\node_modules\@antv\g2\esm\shape\link\src\shape\link\smooth.ts'[39m[22m

[1m[33mWARNING[39m[22m in [1m./node_modules/@antv/g2/esm/shape/link/vhv.js[39m[22m
[1mModule Warning (from ./node_modules/source-map-loader/dist/cjs.js):
[1m[31mFailed[39m[22m[1m to parse source map from 'E:\Windsurf-Qlib\qlib-frontend\node_modules\@antv\g2\esm\shape\link\src\shape\link\vhv.ts' file: [1m[31mError[39m[22m[1m: ENOENT: no such file or directory, open 'E:\Windsurf-Qlib\qlib-frontend\node_modules\@antv\g2\esm\shape\link\src\shape\link\vhv.ts'[39m[22m

[1m[33mWARNING[39m[22m in [1m./node_modules/@antv/g2/esm/shape/liquid/liquid.js[39m[22m
[1mModule Warning (from ./node_modules/source-map-loader/dist/cjs.js):
[1m[31mFailed[39m[22m[1m to parse source map from 'E:\Windsurf-Qlib\qlib-frontend\node_modules\@antv\g2\esm\shape\liquid\src\shape\liquid\liquid.ts' file: [1m[31mError[39m[22m[1m: ENOENT: no such file or directory, open 'E:\Windsurf-Qlib\qlib-frontend\node_modules\@antv\g2\esm\shape\liquid\src\shape\liquid\liquid.ts'[39m[22m

[1m[33mWARNING[39m[22m in [1m./node_modules/@antv/g2/esm/shape/liquid/shapes.js[39m[22m
[1mModule Warning (from ./node_modules/source-map-loader/dist/cjs.js):
[1m[31mFailed[39m[22m[1m to parse source map from 'E:\Windsurf-Qlib\qlib-frontend\node_modules\@antv\g2\esm\shape\liquid\src\shape\liquid\shapes.ts' file: [1m[31mError[39m[22m[1m: ENOENT: no such file or directory, open 'E:\Windsurf-Qlib\qlib-frontend\node_modules\@antv\g2\esm\shape\liquid\src\shape\liquid\shapes.ts'[39m[22m

[1m[33mWARNING[39m[22m in [1m./node_modules/@antv/g2/esm/shape/liquid/wave.js[39m[22m
[1mModule Warning (from ./node_modules/source-map-loader/dist/cjs.js):
[1m[31mFailed[39m[22m[1m to parse source map from 'E:\Windsurf-Qlib\qlib-frontend\node_modules\@antv\g2\esm\shape\liquid\src\shape\liquid\wave.ts' file: [1m[31mError[39m[22m[1m: ENOENT: no such file or directory, open 'E:\Windsurf-Qlib\qlib-frontend\node_modules\@antv\g2\esm\shape\liquid\src\shape\liquid\wave.ts'[39m[22m

[1m[33mWARNING[39m[22m in [1m./node_modules/@antv/g2/esm/shape/path/color.js[39m[22m
[1mModule Warning (from ./node_modules/source-map-loader/dist/cjs.js):
[1m[31mFailed[39m[22m[1m to parse source map from 'E:\Windsurf-Qlib\qlib-frontend\node_modules\@antv\g2\esm\shape\path\src\shape\path\color.ts' file: [1m[31mError[39m[22m[1m: ENOENT: no such file or directory, open 'E:\Windsurf-Qlib\qlib-frontend\node_modules\@antv\g2\esm\shape\path\src\shape\path\color.ts'[39m[22m

[1m[33mWARNING[39m[22m in [1m./node_modules/@antv/g2/esm/shape/path/hollow.js[39m[22m
[1mModule Warning (from ./node_modules/source-map-loader/dist/cjs.js):
[1m[31mFailed[39m[22m[1m to parse source map from 'E:\Windsurf-Qlib\qlib-frontend\node_modules\@antv\g2\esm\shape\path\src\shape\path\hollow.ts' file: [1m[31mError[39m[22m[1m: ENOENT: no such file or directory, open 'E:\Windsurf-Qlib\qlib-frontend\node_modules\@antv\g2\esm\shape\path\src\shape\path\hollow.ts'[39m[22m

[1m[33mWARNING[39m[22m in [1m./node_modules/@antv/g2/esm/shape/path/path.js[39m[22m
[1mModule Warning (from ./node_modules/source-map-loader/dist/cjs.js):
[1m[31mFailed[39m[22m[1m to parse source map from 'E:\Windsurf-Qlib\qlib-frontend\node_modules\@antv\g2\esm\shape\path\src\shape\path\path.ts' file: [1m[31mError[39m[22m[1m: ENOENT: no such file or directory, open 'E:\Windsurf-Qlib\qlib-frontend\node_modules\@antv\g2\esm\shape\path\src\shape\path\path.ts'[39m[22m

[1m[33mWARNING[39m[22m in [1m./node_modules/@antv/g2/esm/shape/point/bowtie.js[39m[22m
[1mModule Warning (from ./node_modules/source-map-loader/dist/cjs.js):
[1m[31mFailed[39m[22m[1m to parse source map from 'E:\Windsurf-Qlib\qlib-frontend\node_modules\@antv\g2\esm\shape\point\src\shape\point\bowtie.ts' file: [1m[31mError[39m[22m[1m: ENOENT: no such file or directory, open 'E:\Windsurf-Qlib\qlib-frontend\node_modules\@antv\g2\esm\shape\point\src\shape\point\bowtie.ts'[39m[22m

[1m[33mWARNING[39m[22m in [1m./node_modules/@antv/g2/esm/shape/point/circle.js[39m[22m
[1mModule Warning (from ./node_modules/source-map-loader/dist/cjs.js):
[1m[31mFailed[39m[22m[1m to parse source map from 'E:\Windsurf-Qlib\qlib-frontend\node_modules\@antv\g2\esm\shape\point\src\shape\point\circle.ts' file: [1m[31mError[39m[22m[1m: ENOENT: no such file or directory, open 'E:\Windsurf-Qlib\qlib-frontend\node_modules\@antv\g2\esm\shape\point\src\shape\point\circle.ts'[39m[22m

[1m[33mWARNING[39m[22m in [1m./node_modules/@antv/g2/esm/shape/point/color.js[39m[22m
[1mModule Warning (from ./node_modules/source-map-loader/dist/cjs.js):
[1m[31mFailed[39m[22m[1m to parse source map from 'E:\Windsurf-Qlib\qlib-frontend\node_modules\@antv\g2\esm\shape\point\src\shape\point\color.ts' file: [1m[31mError[39m[22m[1m: ENOENT: no such file or directory, open 'E:\Windsurf-Qlib\qlib-frontend\node_modules\@antv\g2\esm\shape\point\src\shape\point\color.ts'[39m[22m

[1m[33mWARNING[39m[22m in [1m./node_modules/@antv/g2/esm/shape/point/cross.js[39m[22m
[1mModule Warning (from ./node_modules/source-map-loader/dist/cjs.js):
[1m[31mFailed[39m[22m[1m to parse source map from 'E:\Windsurf-Qlib\qlib-frontend\node_modules\@antv\g2\esm\shape\point\src\shape\point\cross.ts' file: [1m[31mError[39m[22m[1m: ENOENT: no such file or directory, open 'E:\Windsurf-Qlib\qlib-frontend\node_modules\@antv\g2\esm\shape\point\src\shape\point\cross.ts'[39m[22m

[1m[33mWARNING[39m[22m in [1m./node_modules/@antv/g2/esm/shape/point/diamond.js[39m[22m
[1mModule Warning (from ./node_modules/source-map-loader/dist/cjs.js):
[1m[31mFailed[39m[22m[1m to parse source map from 'E:\Windsurf-Qlib\qlib-frontend\node_modules\@antv\g2\esm\shape\point\src\shape\point\diamond.ts' file: [1m[31mError[39m[22m[1m: ENOENT: no such file or directory, open 'E:\Windsurf-Qlib\qlib-frontend\node_modules\@antv\g2\esm\shape\point\src\shape\point\diamond.ts'[39m[22m

[1m[33mWARNING[39m[22m in [1m./node_modules/@antv/g2/esm/shape/point/hexagon.js[39m[22m
[1mModule Warning (from ./node_modules/source-map-loader/dist/cjs.js):
[1m[31mFailed[39m[22m[1m to parse source map from 'E:\Windsurf-Qlib\qlib-frontend\node_modules\@antv\g2\esm\shape\point\src\shape\point\hexagon.ts' file: [1m[31mError[39m[22m[1m: ENOENT: no such file or directory, open 'E:\Windsurf-Qlib\qlib-frontend\node_modules\@antv\g2\esm\shape\point\src\shape\point\hexagon.ts'[39m[22m

[1m[33mWARNING[39m[22m in [1m./node_modules/@antv/g2/esm/shape/point/hollow.js[39m[22m
[1mModule Warning (from ./node_modules/source-map-loader/dist/cjs.js):
[1m[31mFailed[39m[22m[1m to parse source map from 'E:\Windsurf-Qlib\qlib-frontend\node_modules\@antv\g2\esm\shape\point\src\shape\point\hollow.ts' file: [1m[31mError[39m[22m[1m: ENOENT: no such file or directory, open 'E:\Windsurf-Qlib\qlib-frontend\node_modules\@antv\g2\esm\shape\point\src\shape\point\hollow.ts'[39m[22m

[1m[33mWARNING[39m[22m in [1m./node_modules/@antv/g2/esm/shape/point/hollowBowtie.js[39m[22m
[1mModule Warning (from ./node_modules/source-map-loader/dist/cjs.js):
[1m[31mFailed[39m[22m[1m to parse source map from 'E:\Windsurf-Qlib\qlib-frontend\node_modules\@antv\g2\esm\shape\point\src\shape\point\hollowBowtie.ts' file: [1m[31mError[39m[22m[1m: ENOENT: no such file or directory, open 'E:\Windsurf-Qlib\qlib-frontend\node_modules\@antv\g2\esm\shape\point\src\shape\point\hollowBowtie.ts'[39m[22m

[1m[33mWARNING[39m[22m in [1m./node_modules/@antv/g2/esm/shape/point/hollowCircle.js[39m[22m
[1mModule Warning (from ./node_modules/source-map-loader/dist/cjs.js):
[1m[31mFailed[39m[22m[1m to parse source map from 'E:\Windsurf-Qlib\qlib-frontend\node_modules\@antv\g2\esm\shape\point\src\shape\point\hollowCircle.ts' file: [1m[31mError[39m[22m[1m: ENOENT: no such file or directory, open 'E:\Windsurf-Qlib\qlib-frontend\node_modules\@antv\g2\esm\shape\point\src\shape\point\hollowCircle.ts'[39m[22m

[1m[33mWARNING[39m[22m in [1m./node_modules/@antv/g2/esm/shape/point/hollowDiamond.js[39m[22m
[1mModule Warning (from ./node_modules/source-map-loader/dist/cjs.js):
[1m[31mFailed[39m[22m[1m to parse source map from 'E:\Windsurf-Qlib\qlib-frontend\node_modules\@antv\g2\esm\shape\point\src\shape\point\hollowDiamond.ts' file: [1m[31mError[39m[22m[1m: ENOENT: no such file or directory, open 'E:\Windsurf-Qlib\qlib-frontend\node_modules\@antv\g2\esm\shape\point\src\shape\point\hollowDiamond.ts'[39m[22m

[1m[33mWARNING[39m[22m in [1m./node_modules/@antv/g2/esm/shape/point/hollowHexagon.js[39m[22m
[1mModule Warning (from ./node_modules/source-map-loader/dist/cjs.js):
[1m[31mFailed[39m[22m[1m to parse source map from 'E:\Windsurf-Qlib\qlib-frontend\node_modules\@antv\g2\esm\shape\point\src\shape\point\hollowHexagon.ts' file: [1m[31mError[39m[22m[1m: ENOENT: no such file or directory, open 'E:\Windsurf-Qlib\qlib-frontend\node_modules\@antv\g2\esm\shape\point\src\shape\point\hollowHexagon.ts'[39m[22m

[1m[33mWARNING[39m[22m in [1m./node_modules/@antv/g2/esm/shape/point/hollowSquare.js[39m[22m
[1mModule Warning (from ./node_modules/source-map-loader/dist/cjs.js):
[1m[31mFailed[39m[22m[1m to parse source map from 'E:\Windsurf-Qlib\qlib-frontend\node_modules\@antv\g2\esm\shape\point\src\shape\point\hollowSquare.ts' file: [1m[31mError[39m[22m[1m: ENOENT: no such file or directory, open 'E:\Windsurf-Qlib\qlib-frontend\node_modules\@antv\g2\esm\shape\point\src\shape\point\hollowSquare.ts'[39m[22m

[1m[33mWARNING[39m[22m in [1m./node_modules/@antv/g2/esm/shape/point/hollowTriangle.js[39m[22m
[1mModule Warning (from ./node_modules/source-map-loader/dist/cjs.js):
[1m[31mFailed[39m[22m[1m to parse source map from 'E:\Windsurf-Qlib\qlib-frontend\node_modules\@antv\g2\esm\shape\point\src\shape\point\hollowTriangle.ts' file: [1m[31mError[39m[22m[1m: ENOENT: no such file or directory, open 'E:\Windsurf-Qlib\qlib-frontend\node_modules\@antv\g2\esm\shape\point\src\shape\point\hollowTriangle.ts'[39m[22m

[1m[33mWARNING[39m[22m in [1m./node_modules/@antv/g2/esm/shape/point/hollowTriangleDown.js[39m[22m
[1mModule Warning (from ./node_modules/source-map-loader/dist/cjs.js):
[1m[31mFailed[39m[22m[1m to parse source map from 'E:\Windsurf-Qlib\qlib-frontend\node_modules\@antv\g2\esm\shape\point\src\shape\point\hollowTriangleDown.ts' file: [1m[31mError[39m[22m[1m: ENOENT: no such file or directory, open 'E:\Windsurf-Qlib\qlib-frontend\node_modules\@antv\g2\esm\shape\point\src\shape\point\hollowTriangleDown.ts'[39m[22m

[1m[33mWARNING[39m[22m in [1m./node_modules/@antv/g2/esm/shape/point/hyphen.js[39m[22m
[1mModule Warning (from ./node_modules/source-map-loader/dist/cjs.js):
[1m[31mFailed[39m[22m[1m to parse source map from 'E:\Windsurf-Qlib\qlib-frontend\node_modules\@antv\g2\esm\shape\point\src\shape\point\hyphen.ts' file: [1m[31mError[39m[22m[1m: ENOENT: no such file or directory, open 'E:\Windsurf-Qlib\qlib-frontend\node_modules\@antv\g2\esm\shape\point\src\shape\point\hyphen.ts'[39m[22m

[1m[33mWARNING[39m[22m in [1m./node_modules/@antv/g2/esm/shape/point/line.js[39m[22m
[1mModule Warning (from ./node_modules/source-map-loader/dist/cjs.js):
[1m[31mFailed[39m[22m[1m to parse source map from 'E:\Windsurf-Qlib\qlib-frontend\node_modules\@antv\g2\esm\shape\point\src\shape\point\line.ts' file: [1m[31mError[39m[22m[1m: ENOENT: no such file or directory, open 'E:\Windsurf-Qlib\qlib-frontend\node_modules\@antv\g2\esm\shape\point\src\shape\point\line.ts'[39m[22m

[1m[33mWARNING[39m[22m in [1m./node_modules/@antv/g2/esm/shape/point/plus.js[39m[22m
[1mModule Warning (from ./node_modules/source-map-loader/dist/cjs.js):
[1m[31mFailed[39m[22m[1m to parse source map from 'E:\Windsurf-Qlib\qlib-frontend\node_modules\@antv\g2\esm\shape\point\src\shape\point\plus.ts' file: [1m[31mError[39m[22m[1m: ENOENT: no such file or directory, open 'E:\Windsurf-Qlib\qlib-frontend\node_modules\@antv\g2\esm\shape\point\src\shape\point\plus.ts'[39m[22m

[1m[33mWARNING[39m[22m in [1m./node_modules/@antv/g2/esm/shape/point/point.js[39m[22m
[1mModule Warning (from ./node_modules/source-map-loader/dist/cjs.js):
[1m[31mFailed[39m[22m[1m to parse source map from 'E:\Windsurf-Qlib\qlib-frontend\node_modules\@antv\g2\esm\shape\point\src\shape\point\point.ts' file: [1m[31mError[39m[22m[1m: ENOENT: no such file or directory, open 'E:\Windsurf-Qlib\qlib-frontend\node_modules\@antv\g2\esm\shape\point\src\shape\point\point.ts'[39m[22m

[1m[33mWARNING[39m[22m in [1m./node_modules/@antv/g2/esm/shape/point/square.js[39m[22m
[1mModule Warning (from ./node_modules/source-map-loader/dist/cjs.js):
[1m[31mFailed[39m[22m[1m to parse source map from 'E:\Windsurf-Qlib\qlib-frontend\node_modules\@antv\g2\esm\shape\point\src\shape\point\square.ts' file: [1m[31mError[39m[22m[1m: ENOENT: no such file or directory, open 'E:\Windsurf-Qlib\qlib-frontend\node_modules\@antv\g2\esm\shape\point\src\shape\point\square.ts'[39m[22m

[1m[33mWARNING[39m[22m in [1m./node_modules/@antv/g2/esm/shape/point/tick.js[39m[22m
[1mModule Warning (from ./node_modules/source-map-loader/dist/cjs.js):
[1m[31mFailed[39m[22m[1m to parse source map from 'E:\Windsurf-Qlib\qlib-frontend\node_modules\@antv\g2\esm\shape\point\src\shape\point\tick.ts' file: [1m[31mError[39m[22m[1m: ENOENT: no such file or directory, open 'E:\Windsurf-Qlib\qlib-frontend\node_modules\@antv\g2\esm\shape\point\src\shape\point\tick.ts'[39m[22m

[1m[33mWARNING[39m[22m in [1m./node_modules/@antv/g2/esm/shape/point/triangle.js[39m[22m
[1mModule Warning (from ./node_modules/source-map-loader/dist/cjs.js):
[1m[31mFailed[39m[22m[1m to parse source map from 'E:\Windsurf-Qlib\qlib-frontend\node_modules\@antv\g2\esm\shape\point\src\shape\point\triangle.ts' file: [1m[31mError[39m[22m[1m: ENOENT: no such file or directory, open 'E:\Windsurf-Qlib\qlib-frontend\node_modules\@antv\g2\esm\shape\point\src\shape\point\triangle.ts'[39m[22m

[1m[33mWARNING[39m[22m in [1m./node_modules/@antv/g2/esm/shape/point/triangleDown.js[39m[22m
[1mModule Warning (from ./node_modules/source-map-loader/dist/cjs.js):
[1m[31mFailed[39m[22m[1m to parse source map from 'E:\Windsurf-Qlib\qlib-frontend\node_modules\@antv\g2\esm\shape\point\src\shape\point\triangleDown.ts' file: [1m[31mError[39m[22m[1m: ENOENT: no such file or directory, open 'E:\Windsurf-Qlib\qlib-frontend\node_modules\@antv\g2\esm\shape\point\src\shape\point\triangleDown.ts'[39m[22m

[1m[33mWARNING[39m[22m in [1m./node_modules/@antv/g2/esm/shape/polygon/polygon.js[39m[22m
[1mModule Warning (from ./node_modules/source-map-loader/dist/cjs.js):
[1m[31mFailed[39m[22m[1m to parse source map from 'E:\Windsurf-Qlib\qlib-frontend\node_modules\@antv\g2\esm\shape\polygon\src\shape\polygon\polygon.ts' file: [1m[31mError[39m[22m[1m: ENOENT: no such file or directory, open 'E:\Windsurf-Qlib\qlib-frontend\node_modules\@antv\g2\esm\shape\polygon\src\shape\polygon\polygon.ts'[39m[22m

[1m[33mWARNING[39m[22m in [1m./node_modules/@antv/g2/esm/shape/polygon/ribbon.js[39m[22m
[1mModule Warning (from ./node_modules/source-map-loader/dist/cjs.js):
[1m[31mFailed[39m[22m[1m to parse source map from 'E:\Windsurf-Qlib\qlib-frontend\node_modules\@antv\g2\esm\shape\polygon\src\shape\polygon\ribbon.ts' file: [1m[31mError[39m[22m[1m: ENOENT: no such file or directory, open 'E:\Windsurf-Qlib\qlib-frontend\node_modules\@antv\g2\esm\shape\polygon\src\shape\polygon\ribbon.ts'[39m[22m

[1m[33mWARNING[39m[22m in [1m./node_modules/@antv/g2/esm/shape/shape/shape.js[39m[22m
[1mModule Warning (from ./node_modules/source-map-loader/dist/cjs.js):
[1m[31mFailed[39m[22m[1m to parse source map from 'E:\Windsurf-Qlib\qlib-frontend\node_modules\@antv\g2\esm\shape\shape\src\shape\shape\shape.ts' file: [1m[31mError[39m[22m[1m: ENOENT: no such file or directory, open 'E:\Windsurf-Qlib\qlib-frontend\node_modules\@antv\g2\esm\shape\shape\src\shape\shape\shape.ts'[39m[22m

[1m[33mWARNING[39m[22m in [1m./node_modules/@antv/g2/esm/shape/text/advance.js[39m[22m
[1mModule Warning (from ./node_modules/source-map-loader/dist/cjs.js):
[1m[31mFailed[39m[22m[1m to parse source map from 'E:\Windsurf-Qlib\qlib-frontend\node_modules\@antv\g2\esm\shape\text\src\shape\text\advance.ts' file: [1m[31mError[39m[22m[1m: ENOENT: no such file or directory, open 'E:\Windsurf-Qlib\qlib-frontend\node_modules\@antv\g2\esm\shape\text\src\shape\text\advance.ts'[39m[22m

[1m[33mWARNING[39m[22m in [1m./node_modules/@antv/g2/esm/shape/text/badge.js[39m[22m
[1mModule Warning (from ./node_modules/source-map-loader/dist/cjs.js):
[1m[31mFailed[39m[22m[1m to parse source map from 'E:\Windsurf-Qlib\qlib-frontend\node_modules\@antv\g2\esm\shape\text\src\shape\text\badge.ts' file: [1m[31mError[39m[22m[1m: ENOENT: no such file or directory, open 'E:\Windsurf-Qlib\qlib-frontend\node_modules\@antv\g2\esm\shape\text\src\shape\text\badge.ts'[39m[22m

[1m[33mWARNING[39m[22m in [1m./node_modules/@antv/g2/esm/shape/text/tag.js[39m[22m
[1mModule Warning (from ./node_modules/source-map-loader/dist/cjs.js):
[1m[31mFailed[39m[22m[1m to parse source map from 'E:\Windsurf-Qlib\qlib-frontend\node_modules\@antv\g2\esm\shape\text\src\shape\text\tag.ts' file: [1m[31mError[39m[22m[1m: ENOENT: no such file or directory, open 'E:\Windsurf-Qlib\qlib-frontend\node_modules\@antv\g2\esm\shape\text\src\shape\text\tag.ts'[39m[22m

[1m[33mWARNING[39m[22m in [1m./node_modules/@antv/g2/esm/shape/text/text.js[39m[22m
[1mModule Warning (from ./node_modules/source-map-loader/dist/cjs.js):
[1m[31mFailed[39m[22m[1m to parse source map from 'E:\Windsurf-Qlib\qlib-frontend\node_modules\@antv\g2\esm\shape\text\src\shape\text\text.ts' file: [1m[31mError[39m[22m[1m: ENOENT: no such file or directory, open 'E:\Windsurf-Qlib\qlib-frontend\node_modules\@antv\g2\esm\shape\text\src\shape\text\text.ts'[39m[22m

[1m[33mWARNING[39m[22m in [1m./node_modules/@antv/g2/esm/shape/utils.js[39m[22m
[1mModule Warning (from ./node_modules/source-map-loader/dist/cjs.js):
[1m[31mFailed[39m[22m[1m to parse source map from 'E:\Windsurf-Qlib\qlib-frontend\node_modules\@antv\g2\esm\shape\src\shape\utils.ts' file: [1m[31mError[39m[22m[1m: ENOENT: no such file or directory, open 'E:\Windsurf-Qlib\qlib-frontend\node_modules\@antv\g2\esm\shape\src\shape\utils.ts'[39m[22m

[1m[33mWARNING[39m[22m in [1m./node_modules/@antv/g2/esm/shape/vector/vector.js[39m[22m
[1mModule Warning (from ./node_modules/source-map-loader/dist/cjs.js):
[1m[31mFailed[39m[22m[1m to parse source map from 'E:\Windsurf-Qlib\qlib-frontend\node_modules\@antv\g2\esm\shape\vector\src\shape\vector\vector.ts' file: [1m[31mError[39m[22m[1m: ENOENT: no such file or directory, open 'E:\Windsurf-Qlib\qlib-frontend\node_modules\@antv\g2\esm\shape\vector\src\shape\vector\vector.ts'[39m[22m

[1m[33mWARNING[39m[22m in [1m./node_modules/@antv/g2/esm/spec/animate.js[39m[22m
[1mModule Warning (from ./node_modules/source-map-loader/dist/cjs.js):
[1m[31mFailed[39m[22m[1m to parse source map from 'E:\Windsurf-Qlib\qlib-frontend\node_modules\@antv\g2\esm\spec\src\spec\animate.ts' file: [1m[31mError[39m[22m[1m: ENOENT: no such file or directory, open 'E:\Windsurf-Qlib\qlib-frontend\node_modules\@antv\g2\esm\spec\src\spec\animate.ts'[39m[22m

[1m[33mWARNING[39m[22m in [1m./node_modules/@antv/g2/esm/spec/component.js[39m[22m
[1mModule Warning (from ./node_modules/source-map-loader/dist/cjs.js):
[1m[31mFailed[39m[22m[1m to parse source map from 'E:\Windsurf-Qlib\qlib-frontend\node_modules\@antv\g2\esm\spec\src\spec\component.ts' file: [1m[31mError[39m[22m[1m: ENOENT: no such file or directory, open 'E:\Windsurf-Qlib\qlib-frontend\node_modules\@antv\g2\esm\spec\src\spec\component.ts'[39m[22m

[1m[33mWARNING[39m[22m in [1m./node_modules/@antv/g2/esm/spec/composition.js[39m[22m
[1mModule Warning (from ./node_modules/source-map-loader/dist/cjs.js):
[1m[31mFailed[39m[22m[1m to parse source map from 'E:\Windsurf-Qlib\qlib-frontend\node_modules\@antv\g2\esm\spec\src\spec\composition.ts' file: [1m[31mError[39m[22m[1m: ENOENT: no such file or directory, open 'E:\Windsurf-Qlib\qlib-frontend\node_modules\@antv\g2\esm\spec\src\spec\composition.ts'[39m[22m

[1m[33mWARNING[39m[22m in [1m./node_modules/@antv/g2/esm/spec/coordinate.js[39m[22m
[1mModule Warning (from ./node_modules/source-map-loader/dist/cjs.js):
[1m[31mFailed[39m[22m[1m to parse source map from 'E:\Windsurf-Qlib\qlib-frontend\node_modules\@antv\g2\esm\spec\src\spec\coordinate.ts' file: [1m[31mError[39m[22m[1m: ENOENT: no such file or directory, open 'E:\Windsurf-Qlib\qlib-frontend\node_modules\@antv\g2\esm\spec\src\spec\coordinate.ts'[39m[22m

[1m[33mWARNING[39m[22m in [1m./node_modules/@antv/g2/esm/spec/coordinateTransform.js[39m[22m
[1mModule Warning (from ./node_modules/source-map-loader/dist/cjs.js):
[1m[31mFailed[39m[22m[1m to parse source map from 'E:\Windsurf-Qlib\qlib-frontend\node_modules\@antv\g2\esm\spec\src\spec\coordinateTransform.ts' file: [1m[31mError[39m[22m[1m: ENOENT: no such file or directory, open 'E:\Windsurf-Qlib\qlib-frontend\node_modules\@antv\g2\esm\spec\src\spec\coordinateTransform.ts'[39m[22m

[1m[33mWARNING[39m[22m in [1m./node_modules/@antv/g2/esm/spec/data.js[39m[22m
[1mModule Warning (from ./node_modules/source-map-loader/dist/cjs.js):
[1m[31mFailed[39m[22m[1m to parse source map from 'E:\Windsurf-Qlib\qlib-frontend\node_modules\@antv\g2\esm\spec\src\spec\data.ts' file: [1m[31mError[39m[22m[1m: ENOENT: no such file or directory, open 'E:\Windsurf-Qlib\qlib-frontend\node_modules\@antv\g2\esm\spec\src\spec\data.ts'[39m[22m

[1m[33mWARNING[39m[22m in [1m./node_modules/@antv/g2/esm/spec/dataTransform.js[39m[22m
[1mModule Warning (from ./node_modules/source-map-loader/dist/cjs.js):
[1m[31mFailed[39m[22m[1m to parse source map from 'E:\Windsurf-Qlib\qlib-frontend\node_modules\@antv\g2\esm\spec\src\spec\dataTransform.ts' file: [1m[31mError[39m[22m[1m: ENOENT: no such file or directory, open 'E:\Windsurf-Qlib\qlib-frontend\node_modules\@antv\g2\esm\spec\src\spec\dataTransform.ts'[39m[22m

[1m[33mWARNING[39m[22m in [1m./node_modules/@antv/g2/esm/spec/encode.js[39m[22m
[1mModule Warning (from ./node_modules/source-map-loader/dist/cjs.js):
[1m[31mFailed[39m[22m[1m to parse source map from 'E:\Windsurf-Qlib\qlib-frontend\node_modules\@antv\g2\esm\spec\src\spec\encode.ts' file: [1m[31mError[39m[22m[1m: ENOENT: no such file or directory, open 'E:\Windsurf-Qlib\qlib-frontend\node_modules\@antv\g2\esm\spec\src\spec\encode.ts'[39m[22m

[1m[33mWARNING[39m[22m in [1m./node_modules/@antv/g2/esm/spec/index.js[39m[22m
[1mModule Warning (from ./node_modules/source-map-loader/dist/cjs.js):
[1m[31mFailed[39m[22m[1m to parse source map from 'E:\Windsurf-Qlib\qlib-frontend\node_modules\@antv\g2\esm\spec\src\spec\index.ts' file: [1m[31mError[39m[22m[1m: ENOENT: no such file or directory, open 'E:\Windsurf-Qlib\qlib-frontend\node_modules\@antv\g2\esm\spec\src\spec\index.ts'[39m[22m

[1m[33mWARNING[39m[22m in [1m./node_modules/@antv/g2/esm/spec/interaction.js[39m[22m
[1mModule Warning (from ./node_modules/source-map-loader/dist/cjs.js):
[1m[31mFailed[39m[22m[1m to parse source map from 'E:\Windsurf-Qlib\qlib-frontend\node_modules\@antv\g2\esm\spec\src\spec\interaction.ts' file: [1m[31mError[39m[22m[1m: ENOENT: no such file or directory, open 'E:\Windsurf-Qlib\qlib-frontend\node_modules\@antv\g2\esm\spec\src\spec\interaction.ts'[39m[22m

[1m[33mWARNING[39m[22m in [1m./node_modules/@antv/g2/esm/spec/labelTransform.js[39m[22m
[1mModule Warning (from ./node_modules/source-map-loader/dist/cjs.js):
[1m[31mFailed[39m[22m[1m to parse source map from 'E:\Windsurf-Qlib\qlib-frontend\node_modules\@antv\g2\esm\spec\src\spec\labelTransform.ts' file: [1m[31mError[39m[22m[1m: ENOENT: no such file or directory, open 'E:\Windsurf-Qlib\qlib-frontend\node_modules\@antv\g2\esm\spec\src\spec\labelTransform.ts'[39m[22m

[1m[33mWARNING[39m[22m in [1m./node_modules/@antv/g2/esm/spec/mark.js[39m[22m
[1mModule Warning (from ./node_modules/source-map-loader/dist/cjs.js):
[1m[31mFailed[39m[22m[1m to parse source map from 'E:\Windsurf-Qlib\qlib-frontend\node_modules\@antv\g2\esm\spec\src\spec\mark.ts' file: [1m[31mError[39m[22m[1m: ENOENT: no such file or directory, open 'E:\Windsurf-Qlib\qlib-frontend\node_modules\@antv\g2\esm\spec\src\spec\mark.ts'[39m[22m

[1m[33mWARNING[39m[22m in [1m./node_modules/@antv/g2/esm/spec/palette.js[39m[22m
[1mModule Warning (from ./node_modules/source-map-loader/dist/cjs.js):
[1m[31mFailed[39m[22m[1m to parse source map from 'E:\Windsurf-Qlib\qlib-frontend\node_modules\@antv\g2\esm\spec\src\spec\palette.ts' file: [1m[31mError[39m[22m[1m: ENOENT: no such file or directory, open 'E:\Windsurf-Qlib\qlib-frontend\node_modules\@antv\g2\esm\spec\src\spec\palette.ts'[39m[22m

[1m[33mWARNING[39m[22m in [1m./node_modules/@antv/g2/esm/spec/scale.js[39m[22m
[1mModule Warning (from ./node_modules/source-map-loader/dist/cjs.js):
[1m[31mFailed[39m[22m[1m to parse source map from 'E:\Windsurf-Qlib\qlib-frontend\node_modules\@antv\g2\esm\spec\src\spec\scale.ts' file: [1m[31mError[39m[22m[1m: ENOENT: no such file or directory, open 'E:\Windsurf-Qlib\qlib-frontend\node_modules\@antv\g2\esm\spec\src\spec\scale.ts'[39m[22m

[1m[33mWARNING[39m[22m in [1m./node_modules/@antv/g2/esm/spec/theme.js[39m[22m
[1mModule Warning (from ./node_modules/source-map-loader/dist/cjs.js):
[1m[31mFailed[39m[22m[1m to parse source map from 'E:\Windsurf-Qlib\qlib-frontend\node_modules\@antv\g2\esm\spec\src\spec\theme.ts' file: [1m[31mError[39m[22m[1m: ENOENT: no such file or directory, open 'E:\Windsurf-Qlib\qlib-frontend\node_modules\@antv\g2\esm\spec\src\spec\theme.ts'[39m[22m

[1m[33mWARNING[39m[22m in [1m./node_modules/@antv/g2/esm/spec/transform.js[39m[22m
[1mModule Warning (from ./node_modules/source-map-loader/dist/cjs.js):
[1m[31mFailed[39m[22m[1m to parse source map from 'E:\Windsurf-Qlib\qlib-frontend\node_modules\@antv\g2\esm\spec\src\spec\transform.ts' file: [1m[31mError[39m[22m[1m: ENOENT: no such file or directory, open 'E:\Windsurf-Qlib\qlib-frontend\node_modules\@antv\g2\esm\spec\src\spec\transform.ts'[39m[22m

[1m[33mWARNING[39m[22m in [1m./node_modules/@antv/g2/esm/theme/academy.js[39m[22m
[1mModule Warning (from ./node_modules/source-map-loader/dist/cjs.js):
[1m[31mFailed[39m[22m[1m to parse source map from 'E:\Windsurf-Qlib\qlib-frontend\node_modules\@antv\g2\esm\theme\src\theme\academy.ts' file: [1m[31mError[39m[22m[1m: ENOENT: no such file or directory, open 'E:\Windsurf-Qlib\qlib-frontend\node_modules\@antv\g2\esm\theme\src\theme\academy.ts'[39m[22m

[1m[33mWARNING[39m[22m in [1m./node_modules/@antv/g2/esm/theme/classic.js[39m[22m
[1mModule Warning (from ./node_modules/source-map-loader/dist/cjs.js):
[1m[31mFailed[39m[22m[1m to parse source map from 'E:\Windsurf-Qlib\qlib-frontend\node_modules\@antv\g2\esm\theme\src\theme\classic.ts' file: [1m[31mError[39m[22m[1m: ENOENT: no such file or directory, open 'E:\Windsurf-Qlib\qlib-frontend\node_modules\@antv\g2\esm\theme\src\theme\classic.ts'[39m[22m

[1m[33mWARNING[39m[22m in [1m./node_modules/@antv/g2/esm/theme/classicDark.js[39m[22m
[1mModule Warning (from ./node_modules/source-map-loader/dist/cjs.js):
[1m[31mFailed[39m[22m[1m to parse source map from 'E:\Windsurf-Qlib\qlib-frontend\node_modules\@antv\g2\esm\theme\src\theme\classicDark.ts' file: [1m[31mError[39m[22m[1m: ENOENT: no such file or directory, open 'E:\Windsurf-Qlib\qlib-frontend\node_modules\@antv\g2\esm\theme\src\theme\classicDark.ts'[39m[22m

[1m[33mWARNING[39m[22m in [1m./node_modules/@antv/g2/esm/theme/create.js[39m[22m
[1mModule Warning (from ./node_modules/source-map-loader/dist/cjs.js):
[1m[31mFailed[39m[22m[1m to parse source map from 'E:\Windsurf-Qlib\qlib-frontend\node_modules\@antv\g2\esm\theme\src\theme\create.ts' file: [1m[31mError[39m[22m[1m: ENOENT: no such file or directory, open 'E:\Windsurf-Qlib\qlib-frontend\node_modules\@antv\g2\esm\theme\src\theme\create.ts'[39m[22m

[1m[33mWARNING[39m[22m in [1m./node_modules/@antv/g2/esm/theme/dark.js[39m[22m
[1mModule Warning (from ./node_modules/source-map-loader/dist/cjs.js):
[1m[31mFailed[39m[22m[1m to parse source map from 'E:\Windsurf-Qlib\qlib-frontend\node_modules\@antv\g2\esm\theme\src\theme\dark.ts' file: [1m[31mError[39m[22m[1m: ENOENT: no such file or directory, open 'E:\Windsurf-Qlib\qlib-frontend\node_modules\@antv\g2\esm\theme\src\theme\dark.ts'[39m[22m

[1m[33mWARNING[39m[22m in [1m./node_modules/@antv/g2/esm/theme/index.js[39m[22m
[1mModule Warning (from ./node_modules/source-map-loader/dist/cjs.js):
[1m[31mFailed[39m[22m[1m to parse source map from 'E:\Windsurf-Qlib\qlib-frontend\node_modules\@antv\g2\esm\theme\src\theme\index.ts' file: [1m[31mError[39m[22m[1m: ENOENT: no such file or directory, open 'E:\Windsurf-Qlib\qlib-frontend\node_modules\@antv\g2\esm\theme\src\theme\index.ts'[39m[22m

[1m[33mWARNING[39m[22m in [1m./node_modules/@antv/g2/esm/theme/light.js[39m[22m
[1mModule Warning (from ./node_modules/source-map-loader/dist/cjs.js):
[1m[31mFailed[39m[22m[1m to parse source map from 'E:\Windsurf-Qlib\qlib-frontend\node_modules\@antv\g2\esm\theme\src\theme\light.ts' file: [1m[31mError[39m[22m[1m: ENOENT: no such file or directory, open 'E:\Windsurf-Qlib\qlib-frontend\node_modules\@antv\g2\esm\theme\src\theme\light.ts'[39m[22m

[1m[33mWARNING[39m[22m in [1m./node_modules/@antv/g2/esm/transform/bin.js[39m[22m
[1mModule Warning (from ./node_modules/source-map-loader/dist/cjs.js):
[1m[31mFailed[39m[22m[1m to parse source map from 'E:\Windsurf-Qlib\qlib-frontend\node_modules\@antv\g2\esm\transform\src\transform\bin.ts' file: [1m[31mError[39m[22m[1m: ENOENT: no such file or directory, open 'E:\Windsurf-Qlib\qlib-frontend\node_modules\@antv\g2\esm\transform\src\transform\bin.ts'[39m[22m

[1m[33mWARNING[39m[22m in [1m./node_modules/@antv/g2/esm/transform/binX.js[39m[22m
[1mModule Warning (from ./node_modules/source-map-loader/dist/cjs.js):
[1m[31mFailed[39m[22m[1m to parse source map from 'E:\Windsurf-Qlib\qlib-frontend\node_modules\@antv\g2\esm\transform\src\transform\binX.ts' file: [1m[31mError[39m[22m[1m: ENOENT: no such file or directory, open 'E:\Windsurf-Qlib\qlib-frontend\node_modules\@antv\g2\esm\transform\src\transform\binX.ts'[39m[22m

[1m[33mWARNING[39m[22m in [1m./node_modules/@antv/g2/esm/transform/diffY.js[39m[22m
[1mModule Warning (from ./node_modules/source-map-loader/dist/cjs.js):
[1m[31mFailed[39m[22m[1m to parse source map from 'E:\Windsurf-Qlib\qlib-frontend\node_modules\@antv\g2\esm\transform\src\transform\diffY.ts' file: [1m[31mError[39m[22m[1m: ENOENT: no such file or directory, open 'E:\Windsurf-Qlib\qlib-frontend\node_modules\@antv\g2\esm\transform\src\transform\diffY.ts'[39m[22m

[1m[33mWARNING[39m[22m in [1m./node_modules/@antv/g2/esm/transform/dodgeX.js[39m[22m
[1mModule Warning (from ./node_modules/source-map-loader/dist/cjs.js):
[1m[31mFailed[39m[22m[1m to parse source map from 'E:\Windsurf-Qlib\qlib-frontend\node_modules\@antv\g2\esm\transform\src\transform\dodgeX.ts' file: [1m[31mError[39m[22m[1m: ENOENT: no such file or directory, open 'E:\Windsurf-Qlib\qlib-frontend\node_modules\@antv\g2\esm\transform\src\transform\dodgeX.ts'[39m[22m

[1m[33mWARNING[39m[22m in [1m./node_modules/@antv/g2/esm/transform/filter.js[39m[22m
[1mModule Warning (from ./node_modules/source-map-loader/dist/cjs.js):
[1m[31mFailed[39m[22m[1m to parse source map from 'E:\Windsurf-Qlib\qlib-frontend\node_modules\@antv\g2\esm\transform\src\transform\filter.ts' file: [1m[31mError[39m[22m[1m: ENOENT: no such file or directory, open 'E:\Windsurf-Qlib\qlib-frontend\node_modules\@antv\g2\esm\transform\src\transform\filter.ts'[39m[22m

[1m[33mWARNING[39m[22m in [1m./node_modules/@antv/g2/esm/transform/flexX.js[39m[22m
[1mModule Warning (from ./node_modules/source-map-loader/dist/cjs.js):
[1m[31mFailed[39m[22m[1m to parse source map from 'E:\Windsurf-Qlib\qlib-frontend\node_modules\@antv\g2\esm\transform\src\transform\flexX.ts' file: [1m[31mError[39m[22m[1m: ENOENT: no such file or directory, open 'E:\Windsurf-Qlib\qlib-frontend\node_modules\@antv\g2\esm\transform\src\transform\flexX.ts'[39m[22m

[1m[33mWARNING[39m[22m in [1m./node_modules/@antv/g2/esm/transform/group.js[39m[22m
[1mModule Warning (from ./node_modules/source-map-loader/dist/cjs.js):
[1m[31mFailed[39m[22m[1m to parse source map from 'E:\Windsurf-Qlib\qlib-frontend\node_modules\@antv\g2\esm\transform\src\transform\group.ts' file: [1m[31mError[39m[22m[1m: ENOENT: no such file or directory, open 'E:\Windsurf-Qlib\qlib-frontend\node_modules\@antv\g2\esm\transform\src\transform\group.ts'[39m[22m

[1m[33mWARNING[39m[22m in [1m./node_modules/@antv/g2/esm/transform/groupColor.js[39m[22m
[1mModule Warning (from ./node_modules/source-map-loader/dist/cjs.js):
[1m[31mFailed[39m[22m[1m to parse source map from 'E:\Windsurf-Qlib\qlib-frontend\node_modules\@antv\g2\esm\transform\src\transform\groupColor.ts' file: [1m[31mError[39m[22m[1m: ENOENT: no such file or directory, open 'E:\Windsurf-Qlib\qlib-frontend\node_modules\@antv\g2\esm\transform\src\transform\groupColor.ts'[39m[22m

[1m[33mWARNING[39m[22m in [1m./node_modules/@antv/g2/esm/transform/groupN.js[39m[22m
[1mModule Warning (from ./node_modules/source-map-loader/dist/cjs.js):
[1m[31mFailed[39m[22m[1m to parse source map from 'E:\Windsurf-Qlib\qlib-frontend\node_modules\@antv\g2\esm\transform\src\transform\groupN.ts' file: [1m[31mError[39m[22m[1m: ENOENT: no such file or directory, open 'E:\Windsurf-Qlib\qlib-frontend\node_modules\@antv\g2\esm\transform\src\transform\groupN.ts'[39m[22m

[1m[33mWARNING[39m[22m in [1m./node_modules/@antv/g2/esm/transform/groupX.js[39m[22m
[1mModule Warning (from ./node_modules/source-map-loader/dist/cjs.js):
[1m[31mFailed[39m[22m[1m to parse source map from 'E:\Windsurf-Qlib\qlib-frontend\node_modules\@antv\g2\esm\transform\src\transform\groupX.ts' file: [1m[31mError[39m[22m[1m: ENOENT: no such file or directory, open 'E:\Windsurf-Qlib\qlib-frontend\node_modules\@antv\g2\esm\transform\src\transform\groupX.ts'[39m[22m

[1m[33mWARNING[39m[22m in [1m./node_modules/@antv/g2/esm/transform/groupY.js[39m[22m
[1mModule Warning (from ./node_modules/source-map-loader/dist/cjs.js):
[1m[31mFailed[39m[22m[1m to parse source map from 'E:\Windsurf-Qlib\qlib-frontend\node_modules\@antv\g2\esm\transform\src\transform\groupY.ts' file: [1m[31mError[39m[22m[1m: ENOENT: no such file or directory, open 'E:\Windsurf-Qlib\qlib-frontend\node_modules\@antv\g2\esm\transform\src\transform\groupY.ts'[39m[22m

[1m[33mWARNING[39m[22m in [1m./node_modules/@antv/g2/esm/transform/index.js[39m[22m
[1mModule Warning (from ./node_modules/source-map-loader/dist/cjs.js):
[1m[31mFailed[39m[22m[1m to parse source map from 'E:\Windsurf-Qlib\qlib-frontend\node_modules\@antv\g2\esm\transform\src\transform\index.ts' file: [1m[31mError[39m[22m[1m: ENOENT: no such file or directory, open 'E:\Windsurf-Qlib\qlib-frontend\node_modules\@antv\g2\esm\transform\src\transform\index.ts'[39m[22m

[1m[33mWARNING[39m[22m in [1m./node_modules/@antv/g2/esm/transform/jitter.js[39m[22m
[1mModule Warning (from ./node_modules/source-map-loader/dist/cjs.js):
[1m[31mFailed[39m[22m[1m to parse source map from 'E:\Windsurf-Qlib\qlib-frontend\node_modules\@antv\g2\esm\transform\src\transform\jitter.ts' file: [1m[31mError[39m[22m[1m: ENOENT: no such file or directory, open 'E:\Windsurf-Qlib\qlib-frontend\node_modules\@antv\g2\esm\transform\src\transform\jitter.ts'[39m[22m

[1m[33mWARNING[39m[22m in [1m./node_modules/@antv/g2/esm/transform/jitterX.js[39m[22m
[1mModule Warning (from ./node_modules/source-map-loader/dist/cjs.js):
[1m[31mFailed[39m[22m[1m to parse source map from 'E:\Windsurf-Qlib\qlib-frontend\node_modules\@antv\g2\esm\transform\src\transform\jitterX.ts' file: [1m[31mError[39m[22m[1m: ENOENT: no such file or directory, open 'E:\Windsurf-Qlib\qlib-frontend\node_modules\@antv\g2\esm\transform\src\transform\jitterX.ts'[39m[22m

[1m[33mWARNING[39m[22m in [1m./node_modules/@antv/g2/esm/transform/jitterY.js[39m[22m
[1mModule Warning (from ./node_modules/source-map-loader/dist/cjs.js):
[1m[31mFailed[39m[22m[1m to parse source map from 'E:\Windsurf-Qlib\qlib-frontend\node_modules\@antv\g2\esm\transform\src\transform\jitterY.ts' file: [1m[31mError[39m[22m[1m: ENOENT: no such file or directory, open 'E:\Windsurf-Qlib\qlib-frontend\node_modules\@antv\g2\esm\transform\src\transform\jitterY.ts'[39m[22m

[1m[33mWARNING[39m[22m in [1m./node_modules/@antv/g2/esm/transform/maybeDefaultX.js[39m[22m
[1mModule Warning (from ./node_modules/source-map-loader/dist/cjs.js):
[1m[31mFailed[39m[22m[1m to parse source map from 'E:\Windsurf-Qlib\qlib-frontend\node_modules\@antv\g2\esm\transform\src\transform\maybeDefaultX.ts' file: [1m[31mError[39m[22m[1m: ENOENT: no such file or directory, open 'E:\Windsurf-Qlib\qlib-frontend\node_modules\@antv\g2\esm\transform\src\transform\maybeDefaultX.ts'[39m[22m

[1m[33mWARNING[39m[22m in [1m./node_modules/@antv/g2/esm/transform/maybeDefaultY.js[39m[22m
[1mModule Warning (from ./node_modules/source-map-loader/dist/cjs.js):
[1m[31mFailed[39m[22m[1m to parse source map from 'E:\Windsurf-Qlib\qlib-frontend\node_modules\@antv\g2\esm\transform\src\transform\maybeDefaultY.ts' file: [1m[31mError[39m[22m[1m: ENOENT: no such file or directory, open 'E:\Windsurf-Qlib\qlib-frontend\node_modules\@antv\g2\esm\transform\src\transform\maybeDefaultY.ts'[39m[22m

[1m[33mWARNING[39m[22m in [1m./node_modules/@antv/g2/esm/transform/maybeFunctionAttribute.js[39m[22m
[1mModule Warning (from ./node_modules/source-map-loader/dist/cjs.js):
[1m[31mFailed[39m[22m[1m to parse source map from 'E:\Windsurf-Qlib\qlib-frontend\node_modules\@antv\g2\esm\transform\src\transform\maybeFunctionAttribute.ts' file: [1m[31mError[39m[22m[1m: ENOENT: no such file or directory, open 'E:\Windsurf-Qlib\qlib-frontend\node_modules\@antv\g2\esm\transform\src\transform\maybeFunctionAttribute.ts'[39m[22m

[1m[33mWARNING[39m[22m in [1m./node_modules/@antv/g2/esm/transform/maybeGradient.js[39m[22m
[1mModule Warning (from ./node_modules/source-map-loader/dist/cjs.js):
[1m[31mFailed[39m[22m[1m to parse source map from 'E:\Windsurf-Qlib\qlib-frontend\node_modules\@antv\g2\esm\transform\src\transform\maybeGradient.ts' file: [1m[31mError[39m[22m[1m: ENOENT: no such file or directory, open 'E:\Windsurf-Qlib\qlib-frontend\node_modules\@antv\g2\esm\transform\src\transform\maybeGradient.ts'[39m[22m

[1m[33mWARNING[39m[22m in [1m./node_modules/@antv/g2/esm/transform/maybeIdentityX.js[39m[22m
[1mModule Warning (from ./node_modules/source-map-loader/dist/cjs.js):
[1m[31mFailed[39m[22m[1m to parse source map from 'E:\Windsurf-Qlib\qlib-frontend\node_modules\@antv\g2\esm\transform\src\transform\maybeIdentityX.ts' file: [1m[31mError[39m[22m[1m: ENOENT: no such file or directory, open 'E:\Windsurf-Qlib\qlib-frontend\node_modules\@antv\g2\esm\transform\src\transform\maybeIdentityX.ts'[39m[22m

[1m[33mWARNING[39m[22m in [1m./node_modules/@antv/g2/esm/transform/maybeIdentityY.js[39m[22m
[1mModule Warning (from ./node_modules/source-map-loader/dist/cjs.js):
[1m[31mFailed[39m[22m[1m to parse source map from 'E:\Windsurf-Qlib\qlib-frontend\node_modules\@antv\g2\esm\transform\src\transform\maybeIdentityY.ts' file: [1m[31mError[39m[22m[1m: ENOENT: no such file or directory, open 'E:\Windsurf-Qlib\qlib-frontend\node_modules\@antv\g2\esm\transform\src\transform\maybeIdentityY.ts'[39m[22m

[1m[33mWARNING[39m[22m in [1m./node_modules/@antv/g2/esm/transform/maybeKey.js[39m[22m
[1mModule Warning (from ./node_modules/source-map-loader/dist/cjs.js):
[1m[31mFailed[39m[22m[1m to parse source map from 'E:\Windsurf-Qlib\qlib-frontend\node_modules\@antv\g2\esm\transform\src\transform\maybeKey.ts' file: [1m[31mError[39m[22m[1m: ENOENT: no such file or directory, open 'E:\Windsurf-Qlib\qlib-frontend\node_modules\@antv\g2\esm\transform\src\transform\maybeKey.ts'[39m[22m

[1m[33mWARNING[39m[22m in [1m./node_modules/@antv/g2/esm/transform/maybeSeries.js[39m[22m
[1mModule Warning (from ./node_modules/source-map-loader/dist/cjs.js):
[1m[31mFailed[39m[22m[1m to parse source map from 'E:\Windsurf-Qlib\qlib-frontend\node_modules\@antv\g2\esm\transform\src\transform\maybeSeries.ts' file: [1m[31mError[39m[22m[1m: ENOENT: no such file or directory, open 'E:\Windsurf-Qlib\qlib-frontend\node_modules\@antv\g2\esm\transform\src\transform\maybeSeries.ts'[39m[22m

[1m[33mWARNING[39m[22m in [1m./node_modules/@antv/g2/esm/transform/maybeSize.js[39m[22m
[1mModule Warning (from ./node_modules/source-map-loader/dist/cjs.js):
[1m[31mFailed[39m[22m[1m to parse source map from 'E:\Windsurf-Qlib\qlib-frontend\node_modules\@antv\g2\esm\transform\src\transform\maybeSize.ts' file: [1m[31mError[39m[22m[1m: ENOENT: no such file or directory, open 'E:\Windsurf-Qlib\qlib-frontend\node_modules\@antv\g2\esm\transform\src\transform\maybeSize.ts'[39m[22m

[1m[33mWARNING[39m[22m in [1m./node_modules/@antv/g2/esm/transform/maybeStackY.js[39m[22m
[1mModule Warning (from ./node_modules/source-map-loader/dist/cjs.js):
[1m[31mFailed[39m[22m[1m to parse source map from 'E:\Windsurf-Qlib\qlib-frontend\node_modules\@antv\g2\esm\transform\src\transform\maybeStackY.ts' file: [1m[31mError[39m[22m[1m: ENOENT: no such file or directory, open 'E:\Windsurf-Qlib\qlib-frontend\node_modules\@antv\g2\esm\transform\src\transform\maybeStackY.ts'[39m[22m

[1m[33mWARNING[39m[22m in [1m./node_modules/@antv/g2/esm/transform/maybeTitle.js[39m[22m
[1mModule Warning (from ./node_modules/source-map-loader/dist/cjs.js):
[1m[31mFailed[39m[22m[1m to parse source map from 'E:\Windsurf-Qlib\qlib-frontend\node_modules\@antv\g2\esm\transform\src\transform\maybeTitle.ts' file: [1m[31mError[39m[22m[1m: ENOENT: no such file or directory, open 'E:\Windsurf-Qlib\qlib-frontend\node_modules\@antv\g2\esm\transform\src\transform\maybeTitle.ts'[39m[22m

[1m[33mWARNING[39m[22m in [1m./node_modules/@antv/g2/esm/transform/maybeTooltip.js[39m[22m
[1mModule Warning (from ./node_modules/source-map-loader/dist/cjs.js):
[1m[31mFailed[39m[22m[1m to parse source map from 'E:\Windsurf-Qlib\qlib-frontend\node_modules\@antv\g2\esm\transform\src\transform\maybeTooltip.ts' file: [1m[31mError[39m[22m[1m: ENOENT: no such file or directory, open 'E:\Windsurf-Qlib\qlib-frontend\node_modules\@antv\g2\esm\transform\src\transform\maybeTooltip.ts'[39m[22m

[1m[33mWARNING[39m[22m in [1m./node_modules/@antv/g2/esm/transform/maybeTuple.js[39m[22m
[1mModule Warning (from ./node_modules/source-map-loader/dist/cjs.js):
[1m[31mFailed[39m[22m[1m to parse source map from 'E:\Windsurf-Qlib\qlib-frontend\node_modules\@antv\g2\esm\transform\src\transform\maybeTuple.ts' file: [1m[31mError[39m[22m[1m: ENOENT: no such file or directory, open 'E:\Windsurf-Qlib\qlib-frontend\node_modules\@antv\g2\esm\transform\src\transform\maybeTuple.ts'[39m[22m

[1m[33mWARNING[39m[22m in [1m./node_modules/@antv/g2/esm/transform/maybeTupleX.js[39m[22m
[1mModule Warning (from ./node_modules/source-map-loader/dist/cjs.js):
[1m[31mFailed[39m[22m[1m to parse source map from 'E:\Windsurf-Qlib\qlib-frontend\node_modules\@antv\g2\esm\transform\src\transform\maybeTupleX.ts' file: [1m[31mError[39m[22m[1m: ENOENT: no such file or directory, open 'E:\Windsurf-Qlib\qlib-frontend\node_modules\@antv\g2\esm\transform\src\transform\maybeTupleX.ts'[39m[22m

[1m[33mWARNING[39m[22m in [1m./node_modules/@antv/g2/esm/transform/maybeTupleY.js[39m[22m
[1mModule Warning (from ./node_modules/source-map-loader/dist/cjs.js):
[1m[31mFailed[39m[22m[1m to parse source map from 'E:\Windsurf-Qlib\qlib-frontend\node_modules\@antv\g2\esm\transform\src\transform\maybeTupleY.ts' file: [1m[31mError[39m[22m[1m: ENOENT: no such file or directory, open 'E:\Windsurf-Qlib\qlib-frontend\node_modules\@antv\g2\esm\transform\src\transform\maybeTupleY.ts'[39m[22m

[1m[33mWARNING[39m[22m in [1m./node_modules/@antv/g2/esm/transform/maybeVisualPosition.js[39m[22m
[1mModule Warning (from ./node_modules/source-map-loader/dist/cjs.js):
[1m[31mFailed[39m[22m[1m to parse source map from 'E:\Windsurf-Qlib\qlib-frontend\node_modules\@antv\g2\esm\transform\src\transform\maybeVisualPosition.ts' file: [1m[31mError[39m[22m[1m: ENOENT: no such file or directory, open 'E:\Windsurf-Qlib\qlib-frontend\node_modules\@antv\g2\esm\transform\src\transform\maybeVisualPosition.ts'[39m[22m

[1m[33mWARNING[39m[22m in [1m./node_modules/@antv/g2/esm/transform/maybeZeroPadding.js[39m[22m
[1mModule Warning (from ./node_modules/source-map-loader/dist/cjs.js):
[1m[31mFailed[39m[22m[1m to parse source map from 'E:\Windsurf-Qlib\qlib-frontend\node_modules\@antv\g2\esm\transform\src\transform\maybeZeroPadding.ts' file: [1m[31mError[39m[22m[1m: ENOENT: no such file or directory, open 'E:\Windsurf-Qlib\qlib-frontend\node_modules\@antv\g2\esm\transform\src\transform\maybeZeroPadding.ts'[39m[22m

[1m[33mWARNING[39m[22m in [1m./node_modules/@antv/g2/esm/transform/maybeZeroX.js[39m[22m
[1mModule Warning (from ./node_modules/source-map-loader/dist/cjs.js):
[1m[31mFailed[39m[22m[1m to parse source map from 'E:\Windsurf-Qlib\qlib-frontend\node_modules\@antv\g2\esm\transform\src\transform\maybeZeroX.ts' file: [1m[31mError[39m[22m[1m: ENOENT: no such file or directory, open 'E:\Windsurf-Qlib\qlib-frontend\node_modules\@antv\g2\esm\transform\src\transform\maybeZeroX.ts'[39m[22m

[1m[33mWARNING[39m[22m in [1m./node_modules/@antv/g2/esm/transform/maybeZeroY.js[39m[22m
[1mModule Warning (from ./node_modules/source-map-loader/dist/cjs.js):
[1m[31mFailed[39m[22m[1m to parse source map from 'E:\Windsurf-Qlib\qlib-frontend\node_modules\@antv\g2\esm\transform\src\transform\maybeZeroY.ts' file: [1m[31mError[39m[22m[1m: ENOENT: no such file or directory, open 'E:\Windsurf-Qlib\qlib-frontend\node_modules\@antv\g2\esm\transform\src\transform\maybeZeroY.ts'[39m[22m

[1m[33mWARNING[39m[22m in [1m./node_modules/@antv/g2/esm/transform/maybeZeroY1.js[39m[22m
[1mModule Warning (from ./node_modules/source-map-loader/dist/cjs.js):
[1m[31mFailed[39m[22m[1m to parse source map from 'E:\Windsurf-Qlib\qlib-frontend\node_modules\@antv\g2\esm\transform\src\transform\maybeZeroY1.ts' file: [1m[31mError[39m[22m[1m: ENOENT: no such file or directory, open 'E:\Windsurf-Qlib\qlib-frontend\node_modules\@antv\g2\esm\transform\src\transform\maybeZeroY1.ts'[39m[22m

[1m[33mWARNING[39m[22m in [1m./node_modules/@antv/g2/esm/transform/maybeZeroZ.js[39m[22m
[1mModule Warning (from ./node_modules/source-map-loader/dist/cjs.js):
[1m[31mFailed[39m[22m[1m to parse source map from 'E:\Windsurf-Qlib\qlib-frontend\node_modules\@antv\g2\esm\transform\src\transform\maybeZeroZ.ts' file: [1m[31mError[39m[22m[1m: ENOENT: no such file or directory, open 'E:\Windsurf-Qlib\qlib-frontend\node_modules\@antv\g2\esm\transform\src\transform\maybeZeroZ.ts'[39m[22m

[1m[33mWARNING[39m[22m in [1m./node_modules/@antv/g2/esm/transform/normalizeY.js[39m[22m
[1mModule Warning (from ./node_modules/source-map-loader/dist/cjs.js):
[1m[31mFailed[39m[22m[1m to parse source map from 'E:\Windsurf-Qlib\qlib-frontend\node_modules\@antv\g2\esm\transform\src\transform\normalizeY.ts' file: [1m[31mError[39m[22m[1m: ENOENT: no such file or directory, open 'E:\Windsurf-Qlib\qlib-frontend\node_modules\@antv\g2\esm\transform\src\transform\normalizeY.ts'[39m[22m

[1m[33mWARNING[39m[22m in [1m./node_modules/@antv/g2/esm/transform/pack.js[39m[22m
[1mModule Warning (from ./node_modules/source-map-loader/dist/cjs.js):
[1m[31mFailed[39m[22m[1m to parse source map from 'E:\Windsurf-Qlib\qlib-frontend\node_modules\@antv\g2\esm\transform\src\transform\pack.ts' file: [1m[31mError[39m[22m[1m: ENOENT: no such file or directory, open 'E:\Windsurf-Qlib\qlib-frontend\node_modules\@antv\g2\esm\transform\src\transform\pack.ts'[39m[22m

[1m[33mWARNING[39m[22m in [1m./node_modules/@antv/g2/esm/transform/sample.js[39m[22m
[1mModule Warning (from ./node_modules/source-map-loader/dist/cjs.js):
[1m[31mFailed[39m[22m[1m to parse source map from 'E:\Windsurf-Qlib\qlib-frontend\node_modules\@antv\g2\esm\transform\src\transform\sample.ts' file: [1m[31mError[39m[22m[1m: ENOENT: no such file or directory, open 'E:\Windsurf-Qlib\qlib-frontend\node_modules\@antv\g2\esm\transform\src\transform\sample.ts'[39m[22m

[1m[33mWARNING[39m[22m in [1m./node_modules/@antv/g2/esm/transform/select.js[39m[22m
[1mModule Warning (from ./node_modules/source-map-loader/dist/cjs.js):
[1m[31mFailed[39m[22m[1m to parse source map from 'E:\Windsurf-Qlib\qlib-frontend\node_modules\@antv\g2\esm\transform\src\transform\select.ts' file: [1m[31mError[39m[22m[1m: ENOENT: no such file or directory, open 'E:\Windsurf-Qlib\qlib-frontend\node_modules\@antv\g2\esm\transform\src\transform\select.ts'[39m[22m

[1m[33mWARNING[39m[22m in [1m./node_modules/@antv/g2/esm/transform/selectX.js[39m[22m
[1mModule Warning (from ./node_modules/source-map-loader/dist/cjs.js):
[1m[31mFailed[39m[22m[1m to parse source map from 'E:\Windsurf-Qlib\qlib-frontend\node_modules\@antv\g2\esm\transform\src\transform\selectX.ts' file: [1m[31mError[39m[22m[1m: ENOENT: no such file or directory, open 'E:\Windsurf-Qlib\qlib-frontend\node_modules\@antv\g2\esm\transform\src\transform\selectX.ts'[39m[22m

[1m[33mWARNING[39m[22m in [1m./node_modules/@antv/g2/esm/transform/selectY.js[39m[22m
[1mModule Warning (from ./node_modules/source-map-loader/dist/cjs.js):
[1m[31mFailed[39m[22m[1m to parse source map from 'E:\Windsurf-Qlib\qlib-frontend\node_modules\@antv\g2\esm\transform\src\transform\selectY.ts' file: [1m[31mError[39m[22m[1m: ENOENT: no such file or directory, open 'E:\Windsurf-Qlib\qlib-frontend\node_modules\@antv\g2\esm\transform\src\transform\selectY.ts'[39m[22m

[1m[33mWARNING[39m[22m in [1m./node_modules/@antv/g2/esm/transform/sort.js[39m[22m
[1mModule Warning (from ./node_modules/source-map-loader/dist/cjs.js):
[1m[31mFailed[39m[22m[1m to parse source map from 'E:\Windsurf-Qlib\qlib-frontend\node_modules\@antv\g2\esm\transform\src\transform\sort.ts' file: [1m[31mError[39m[22m[1m: ENOENT: no such file or directory, open 'E:\Windsurf-Qlib\qlib-frontend\node_modules\@antv\g2\esm\transform\src\transform\sort.ts'[39m[22m

[1m[33mWARNING[39m[22m in [1m./node_modules/@antv/g2/esm/transform/sortColor.js[39m[22m
[1mModule Warning (from ./node_modules/source-map-loader/dist/cjs.js):
[1m[31mFailed[39m[22m[1m to parse source map from 'E:\Windsurf-Qlib\qlib-frontend\node_modules\@antv\g2\esm\transform\src\transform\sortColor.ts' file: [1m[31mError[39m[22m[1m: ENOENT: no such file or directory, open 'E:\Windsurf-Qlib\qlib-frontend\node_modules\@antv\g2\esm\transform\src\transform\sortColor.ts'[39m[22m

[1m[33mWARNING[39m[22m in [1m./node_modules/@antv/g2/esm/transform/sortX.js[39m[22m
[1mModule Warning (from ./node_modules/source-map-loader/dist/cjs.js):
[1m[31mFailed[39m[22m[1m to parse source map from 'E:\Windsurf-Qlib\qlib-frontend\node_modules\@antv\g2\esm\transform\src\transform\sortX.ts' file: [1m[31mError[39m[22m[1m: ENOENT: no such file or directory, open 'E:\Windsurf-Qlib\qlib-frontend\node_modules\@antv\g2\esm\transform\src\transform\sortX.ts'[39m[22m

[1m[33mWARNING[39m[22m in [1m./node_modules/@antv/g2/esm/transform/sortY.js[39m[22m
[1mModule Warning (from ./node_modules/source-map-loader/dist/cjs.js):
[1m[31mFailed[39m[22m[1m to parse source map from 'E:\Windsurf-Qlib\qlib-frontend\node_modules\@antv\g2\esm\transform\src\transform\sortY.ts' file: [1m[31mError[39m[22m[1m: ENOENT: no such file or directory, open 'E:\Windsurf-Qlib\qlib-frontend\node_modules\@antv\g2\esm\transform\src\transform\sortY.ts'[39m[22m

[1m[33mWARNING[39m[22m in [1m./node_modules/@antv/g2/esm/transform/stackEnter.js[39m[22m
[1mModule Warning (from ./node_modules/source-map-loader/dist/cjs.js):
[1m[31mFailed[39m[22m[1m to parse source map from 'E:\Windsurf-Qlib\qlib-frontend\node_modules\@antv\g2\esm\transform\src\transform\stackEnter.ts' file: [1m[31mError[39m[22m[1m: ENOENT: no such file or directory, open 'E:\Windsurf-Qlib\qlib-frontend\node_modules\@antv\g2\esm\transform\src\transform\stackEnter.ts'[39m[22m

[1m[33mWARNING[39m[22m in [1m./node_modules/@antv/g2/esm/transform/stackY.js[39m[22m
[1mModule Warning (from ./node_modules/source-map-loader/dist/cjs.js):
[1m[31mFailed[39m[22m[1m to parse source map from 'E:\Windsurf-Qlib\qlib-frontend\node_modules\@antv\g2\esm\transform\src\transform\stackY.ts' file: [1m[31mError[39m[22m[1m: ENOENT: no such file or directory, open 'E:\Windsurf-Qlib\qlib-frontend\node_modules\@antv\g2\esm\transform\src\transform\stackY.ts'[39m[22m

[1m[33mWARNING[39m[22m in [1m./node_modules/@antv/g2/esm/transform/symmetryY.js[39m[22m
[1mModule Warning (from ./node_modules/source-map-loader/dist/cjs.js):
[1m[31mFailed[39m[22m[1m to parse source map from 'E:\Windsurf-Qlib\qlib-frontend\node_modules\@antv\g2\esm\transform\src\transform\symmetryY.ts' file: [1m[31mError[39m[22m[1m: ENOENT: no such file or directory, open 'E:\Windsurf-Qlib\qlib-frontend\node_modules\@antv\g2\esm\transform\src\transform\symmetryY.ts'[39m[22m

[1m[33mWARNING[39m[22m in [1m./node_modules/@antv/g2/esm/transform/utils/helper.js[39m[22m
[1mModule Warning (from ./node_modules/source-map-loader/dist/cjs.js):
[1m[31mFailed[39m[22m[1m to parse source map from 'E:\Windsurf-Qlib\qlib-frontend\node_modules\@antv\g2\esm\transform\utils\src\transform\utils\helper.ts' file: [1m[31mError[39m[22m[1m: ENOENT: no such file or directory, open 'E:\Windsurf-Qlib\qlib-frontend\node_modules\@antv\g2\esm\transform\utils\src\transform\utils\helper.ts'[39m[22m

[1m[33mWARNING[39m[22m in [1m./node_modules/@antv/g2/esm/transform/utils/lttb.js[39m[22m
[1mModule Warning (from ./node_modules/source-map-loader/dist/cjs.js):
[1m[31mFailed[39m[22m[1m to parse source map from 'E:\Windsurf-Qlib\qlib-frontend\node_modules\@antv\g2\esm\transform\utils\src\transform\utils\lttb.ts' file: [1m[31mError[39m[22m[1m: ENOENT: no such file or directory, open 'E:\Windsurf-Qlib\qlib-frontend\node_modules\@antv\g2\esm\transform\utils\src\transform\utils\lttb.ts'[39m[22m

[1m[33mWARNING[39m[22m in [1m./node_modules/@antv/g2/esm/transform/utils/order.js[39m[22m
[1mModule Warning (from ./node_modules/source-map-loader/dist/cjs.js):
[1m[31mFailed[39m[22m[1m to parse source map from 'E:\Windsurf-Qlib\qlib-frontend\node_modules\@antv\g2\esm\transform\utils\src\transform\utils\order.ts' file: [1m[31mError[39m[22m[1m: ENOENT: no such file or directory, open 'E:\Windsurf-Qlib\qlib-frontend\node_modules\@antv\g2\esm\transform\utils\src\transform\utils\order.ts'[39m[22m

[1m[33mWARNING[39m[22m in [1m./node_modules/@antv/g2/esm/utils/angle.js[39m[22m
[1mModule Warning (from ./node_modules/source-map-loader/dist/cjs.js):
[1m[31mFailed[39m[22m[1m to parse source map from 'E:\Windsurf-Qlib\qlib-frontend\node_modules\@antv\g2\esm\utils\src\utils\angle.ts' file: [1m[31mError[39m[22m[1m: ENOENT: no such file or directory, open 'E:\Windsurf-Qlib\qlib-frontend\node_modules\@antv\g2\esm\utils\src\utils\angle.ts'[39m[22m

[1m[33mWARNING[39m[22m in [1m./node_modules/@antv/g2/esm/utils/array.js[39m[22m
[1mModule Warning (from ./node_modules/source-map-loader/dist/cjs.js):
[1m[31mFailed[39m[22m[1m to parse source map from 'E:\Windsurf-Qlib\qlib-frontend\node_modules\@antv\g2\esm\utils\src\utils\array.ts' file: [1m[31mError[39m[22m[1m: ENOENT: no such file or directory, open 'E:\Windsurf-Qlib\qlib-frontend\node_modules\@antv\g2\esm\utils\src\utils\array.ts'[39m[22m

[1m[33mWARNING[39m[22m in [1m./node_modules/@antv/g2/esm/utils/bounds.js[39m[22m
[1mModule Warning (from ./node_modules/source-map-loader/dist/cjs.js):
[1m[31mFailed[39m[22m[1m to parse source map from 'E:\Windsurf-Qlib\qlib-frontend\node_modules\@antv\g2\esm\utils\src\utils\bounds.ts' file: [1m[31mError[39m[22m[1m: ENOENT: no such file or directory, open 'E:\Windsurf-Qlib\qlib-frontend\node_modules\@antv\g2\esm\utils\src\utils\bounds.ts'[39m[22m

[1m[33mWARNING[39m[22m in [1m./node_modules/@antv/g2/esm/utils/color.js[39m[22m
[1mModule Warning (from ./node_modules/source-map-loader/dist/cjs.js):
[1m[31mFailed[39m[22m[1m to parse source map from 'E:\Windsurf-Qlib\qlib-frontend\node_modules\@antv\g2\esm\utils\src\utils\color.ts' file: [1m[31mError[39m[22m[1m: ENOENT: no such file or directory, open 'E:\Windsurf-Qlib\qlib-frontend\node_modules\@antv\g2\esm\utils\src\utils\color.ts'[39m[22m

[1m[33mWARNING[39m[22m in [1m./node_modules/@antv/g2/esm/utils/container.js[39m[22m
[1mModule Warning (from ./node_modules/source-map-loader/dist/cjs.js):
[1m[31mFailed[39m[22m[1m to parse source map from 'E:\Windsurf-Qlib\qlib-frontend\node_modules\@antv\g2\esm\utils\src\utils\container.ts' file: [1m[31mError[39m[22m[1m: ENOENT: no such file or directory, open 'E:\Windsurf-Qlib\qlib-frontend\node_modules\@antv\g2\esm\utils\src\utils\container.ts'[39m[22m

[1m[33mWARNING[39m[22m in [1m./node_modules/@antv/g2/esm/utils/coordinate.js[39m[22m
[1mModule Warning (from ./node_modules/source-map-loader/dist/cjs.js):
[1m[31mFailed[39m[22m[1m to parse source map from 'E:\Windsurf-Qlib\qlib-frontend\node_modules\@antv\g2\esm\utils\src\utils\coordinate.ts' file: [1m[31mError[39m[22m[1m: ENOENT: no such file or directory, open 'E:\Windsurf-Qlib\qlib-frontend\node_modules\@antv\g2\esm\utils\src\utils\coordinate.ts'[39m[22m

[1m[33mWARNING[39m[22m in [1m./node_modules/@antv/g2/esm/utils/createElement.js[39m[22m
[1mModule Warning (from ./node_modules/source-map-loader/dist/cjs.js):
[1m[31mFailed[39m[22m[1m to parse source map from 'E:\Windsurf-Qlib\qlib-frontend\node_modules\@antv\g2\esm\utils\src\utils\createElement.ts' file: [1m[31mError[39m[22m[1m: ENOENT: no such file or directory, open 'E:\Windsurf-Qlib\qlib-frontend\node_modules\@antv\g2\esm\utils\src\utils\createElement.ts'[39m[22m

[1m[33mWARNING[39m[22m in [1m./node_modules/@antv/g2/esm/utils/dateFormat.js[39m[22m
[1mModule Warning (from ./node_modules/source-map-loader/dist/cjs.js):
[1m[31mFailed[39m[22m[1m to parse source map from 'E:\Windsurf-Qlib\qlib-frontend\node_modules\@antv\g2\esm\utils\src\utils\dateFormat.ts' file: [1m[31mError[39m[22m[1m: ENOENT: no such file or directory, open 'E:\Windsurf-Qlib\qlib-frontend\node_modules\@antv\g2\esm\utils\src\utils\dateFormat.ts'[39m[22m

[1m[33mWARNING[39m[22m in [1m./node_modules/@antv/g2/esm/utils/event.js[39m[22m
[1mModule Warning (from ./node_modules/source-map-loader/dist/cjs.js):
[1m[31mFailed[39m[22m[1m to parse source map from 'E:\Windsurf-Qlib\qlib-frontend\node_modules\@antv\g2\esm\utils\src\utils\event.ts' file: [1m[31mError[39m[22m[1m: ENOENT: no such file or directory, open 'E:\Windsurf-Qlib\qlib-frontend\node_modules\@antv\g2\esm\utils\src\utils\event.ts'[39m[22m

[1m[33mWARNING[39m[22m in [1m./node_modules/@antv/g2/esm/utils/expr.js[39m[22m
[1mModule Warning (from ./node_modules/source-map-loader/dist/cjs.js):
[1m[31mFailed[39m[22m[1m to parse source map from 'E:\Windsurf-Qlib\qlib-frontend\node_modules\@antv\g2\esm\utils\src\utils\expr.ts' file: [1m[31mError[39m[22m[1m: ENOENT: no such file or directory, open 'E:\Windsurf-Qlib\qlib-frontend\node_modules\@antv\g2\esm\utils\src\utils\expr.ts'[39m[22m

[1m[33mWARNING[39m[22m in [1m./node_modules/@antv/g2/esm/utils/flow.js[39m[22m
[1mModule Warning (from ./node_modules/source-map-loader/dist/cjs.js):
[1m[31mFailed[39m[22m[1m to parse source map from 'E:\Windsurf-Qlib\qlib-frontend\node_modules\@antv\g2\esm\utils\src\utils\flow.ts' file: [1m[31mError[39m[22m[1m: ENOENT: no such file or directory, open 'E:\Windsurf-Qlib\qlib-frontend\node_modules\@antv\g2\esm\utils\src\utils\flow.ts'[39m[22m

[1m[33mWARNING[39m[22m in [1m./node_modules/@antv/g2/esm/utils/helper.js[39m[22m
[1mModule Warning (from ./node_modules/source-map-loader/dist/cjs.js):
[1m[31mFailed[39m[22m[1m to parse source map from 'E:\Windsurf-Qlib\qlib-frontend\node_modules\@antv\g2\esm\utils\src\utils\helper.ts' file: [1m[31mError[39m[22m[1m: ENOENT: no such file or directory, open 'E:\Windsurf-Qlib\qlib-frontend\node_modules\@antv\g2\esm\utils\src\utils\helper.ts'[39m[22m

[1m[33mWARNING[39m[22m in [1m./node_modules/@antv/g2/esm/utils/lru.js[39m[22m
[1mModule Warning (from ./node_modules/source-map-loader/dist/cjs.js):
[1m[31mFailed[39m[22m[1m to parse source map from 'E:\Windsurf-Qlib\qlib-frontend\node_modules\@antv\g2\esm\utils\src\utils\lru.ts' file: [1m[31mError[39m[22m[1m: ENOENT: no such file or directory, open 'E:\Windsurf-Qlib\qlib-frontend\node_modules\@antv\g2\esm\utils\src\utils\lru.ts'[39m[22m

[1m[33mWARNING[39m[22m in [1m./node_modules/@antv/g2/esm/utils/mark.js[39m[22m
[1mModule Warning (from ./node_modules/source-map-loader/dist/cjs.js):
[1m[31mFailed[39m[22m[1m to parse source map from 'E:\Windsurf-Qlib\qlib-frontend\node_modules\@antv\g2\esm\utils\src\utils\mark.ts' file: [1m[31mError[39m[22m[1m: ENOENT: no such file or directory, open 'E:\Windsurf-Qlib\qlib-frontend\node_modules\@antv\g2\esm\utils\src\utils\mark.ts'[39m[22m

[1m[33mWARNING[39m[22m in [1m./node_modules/@antv/g2/esm/utils/marker.js[39m[22m
[1mModule Warning (from ./node_modules/source-map-loader/dist/cjs.js):
[1m[31mFailed[39m[22m[1m to parse source map from 'E:\Windsurf-Qlib\qlib-frontend\node_modules\@antv\g2\esm\utils\src\utils\marker.ts' file: [1m[31mError[39m[22m[1m: ENOENT: no such file or directory, open 'E:\Windsurf-Qlib\qlib-frontend\node_modules\@antv\g2\esm\utils\src\utils\marker.ts'[39m[22m

[1m[33mWARNING[39m[22m in [1m./node_modules/@antv/g2/esm/utils/number.js[39m[22m
[1mModule Warning (from ./node_modules/source-map-loader/dist/cjs.js):
[1m[31mFailed[39m[22m[1m to parse source map from 'E:\Windsurf-Qlib\qlib-frontend\node_modules\@antv\g2\esm\utils\src\utils\number.ts' file: [1m[31mError[39m[22m[1m: ENOENT: no such file or directory, open 'E:\Windsurf-Qlib\qlib-frontend\node_modules\@antv\g2\esm\utils\src\utils\number.ts'[39m[22m

[1m[33mWARNING[39m[22m in [1m./node_modules/@antv/g2/esm/utils/scale.js[39m[22m
[1mModule Warning (from ./node_modules/source-map-loader/dist/cjs.js):
[1m[31mFailed[39m[22m[1m to parse source map from 'E:\Windsurf-Qlib\qlib-frontend\node_modules\@antv\g2\esm\utils\src\utils\scale.ts' file: [1m[31mError[39m[22m[1m: ENOENT: no such file or directory, open 'E:\Windsurf-Qlib\qlib-frontend\node_modules\@antv\g2\esm\utils\src\utils\scale.ts'[39m[22m

[1m[33mWARNING[39m[22m in [1m./node_modules/@antv/g2/esm/utils/selection.js[39m[22m
[1mModule Warning (from ./node_modules/source-map-loader/dist/cjs.js):
[1m[31mFailed[39m[22m[1m to parse source map from 'E:\Windsurf-Qlib\qlib-frontend\node_modules\@antv\g2\esm\utils\src\utils\selection.ts' file: [1m[31mError[39m[22m[1m: ENOENT: no such file or directory, open 'E:\Windsurf-Qlib\qlib-frontend\node_modules\@antv\g2\esm\utils\src\utils\selection.ts'[39m[22m

[1m[33mWARNING[39m[22m in [1m./node_modules/@antv/g2/esm/utils/size.js[39m[22m
[1mModule Warning (from ./node_modules/source-map-loader/dist/cjs.js):
[1m[31mFailed[39m[22m[1m to parse source map from 'E:\Windsurf-Qlib\qlib-frontend\node_modules\@antv\g2\esm\utils\src\utils\size.ts' file: [1m[31mError[39m[22m[1m: ENOENT: no such file or directory, open 'E:\Windsurf-Qlib\qlib-frontend\node_modules\@antv\g2\esm\utils\src\utils\size.ts'[39m[22m

[1m[33mWARNING[39m[22m in [1m./node_modules/@antv/g2/esm/utils/string.js[39m[22m
[1mModule Warning (from ./node_modules/source-map-loader/dist/cjs.js):
[1m[31mFailed[39m[22m[1m to parse source map from 'E:\Windsurf-Qlib\qlib-frontend\node_modules\@antv\g2\esm\utils\src\utils\string.ts' file: [1m[31mError[39m[22m[1m: ENOENT: no such file or directory, open 'E:\Windsurf-Qlib\qlib-frontend\node_modules\@antv\g2\esm\utils\src\utils\string.ts'[39m[22m

[1m[33mWARNING[39m[22m in [1m./node_modules/@antv/g2/esm/utils/style.js[39m[22m
[1mModule Warning (from ./node_modules/source-map-loader/dist/cjs.js):
[1m[31mFailed[39m[22m[1m to parse source map from 'E:\Windsurf-Qlib\qlib-frontend\node_modules\@antv\g2\esm\utils\src\utils\style.ts' file: [1m[31mError[39m[22m[1m: ENOENT: no such file or directory, open 'E:\Windsurf-Qlib\qlib-frontend\node_modules\@antv\g2\esm\utils\src\utils\style.ts'[39m[22m

[1m[33mWARNING[39m[22m in [1m./node_modules/@antv/g2/esm/utils/treeDataTransform.js[39m[22m
[1mModule Warning (from ./node_modules/source-map-loader/dist/cjs.js):
[1m[31mFailed[39m[22m[1m to parse source map from 'E:\Windsurf-Qlib\qlib-frontend\node_modules\@antv\g2\esm\utils\src\utils\treeDataTransform.ts' file: [1m[31mError[39m[22m[1m: ENOENT: no such file or directory, open 'E:\Windsurf-Qlib\qlib-frontend\node_modules\@antv\g2\esm\utils\src\utils\treeDataTransform.ts'[39m[22m

[1m[33mWARNING[39m[22m in [1m./node_modules/@antv/g2/esm/utils/vector.js[39m[22m
[1mModule Warning (from ./node_modules/source-map-loader/dist/cjs.js):
[1m[31mFailed[39m[22m[1m to parse source map from 'E:\Windsurf-Qlib\qlib-frontend\node_modules\@antv\g2\esm\utils\src\utils\vector.ts' file: [1m[31mError[39m[22m[1m: ENOENT: no such file or directory, open 'E:\Windsurf-Qlib\qlib-frontend\node_modules\@antv\g2\esm\utils\src\utils\vector.ts'[39m[22m

[1m[33mWARNING[39m[22m in [1m./node_modules/@antv/scale/esm/index.js[39m[22m
[1mModule Warning (from ./node_modules/source-map-loader/dist/cjs.js):
[1m[31mFailed[39m[22m[1m to parse source map from 'E:\Windsurf-Qlib\qlib-frontend\node_modules\@antv\scale\esm\src\index.ts' file: [1m[31mError[39m[22m[1m: ENOENT: no such file or directory, open 'E:\Windsurf-Qlib\qlib-frontend\node_modules\@antv\scale\esm\src\index.ts'[39m[22m

[1m[33mWARNING[39m[22m in [1m./node_modules/@antv/scale/esm/scales/band.js[39m[22m
[1mModule Warning (from ./node_modules/source-map-loader/dist/cjs.js):
[1m[31mFailed[39m[22m[1m to parse source map from 'E:\Windsurf-Qlib\qlib-frontend\node_modules\@antv\scale\esm\scales\src\scales\band.ts' file: [1m[31mError[39m[22m[1m: ENOENT: no such file or directory, open 'E:\Windsurf-Qlib\qlib-frontend\node_modules\@antv\scale\esm\scales\src\scales\band.ts'[39m[22m

[1m[33mWARNING[39m[22m in [1m./node_modules/@antv/scale/esm/scales/base.js[39m[22m
[1mModule Warning (from ./node_modules/source-map-loader/dist/cjs.js):
[1m[31mFailed[39m[22m[1m to parse source map from 'E:\Windsurf-Qlib\qlib-frontend\node_modules\@antv\scale\esm\scales\src\scales\base.ts' file: [1m[31mError[39m[22m[1m: ENOENT: no such file or directory, open 'E:\Windsurf-Qlib\qlib-frontend\node_modules\@antv\scale\esm\scales\src\scales\base.ts'[39m[22m

[1m[33mWARNING[39m[22m in [1m./node_modules/@antv/scale/esm/scales/constant.js[39m[22m
[1mModule Warning (from ./node_modules/source-map-loader/dist/cjs.js):
[1m[31mFailed[39m[22m[1m to parse source map from 'E:\Windsurf-Qlib\qlib-frontend\node_modules\@antv\scale\esm\scales\src\scales\constant.ts' file: [1m[31mError[39m[22m[1m: ENOENT: no such file or directory, open 'E:\Windsurf-Qlib\qlib-frontend\node_modules\@antv\scale\esm\scales\src\scales\constant.ts'[39m[22m

[1m[33mWARNING[39m[22m in [1m./node_modules/@antv/scale/esm/scales/continuous.js[39m[22m
[1mModule Warning (from ./node_modules/source-map-loader/dist/cjs.js):
[1m[31mFailed[39m[22m[1m to parse source map from 'E:\Windsurf-Qlib\qlib-frontend\node_modules\@antv\scale\esm\scales\src\scales\continuous.ts' file: [1m[31mError[39m[22m[1m: ENOENT: no such file or directory, open 'E:\Windsurf-Qlib\qlib-frontend\node_modules\@antv\scale\esm\scales\src\scales\continuous.ts'[39m[22m

[1m[33mWARNING[39m[22m in [1m./node_modules/@antv/scale/esm/scales/diverging.js[39m[22m
[1mModule Warning (from ./node_modules/source-map-loader/dist/cjs.js):
[1m[31mFailed[39m[22m[1m to parse source map from 'E:\Windsurf-Qlib\qlib-frontend\node_modules\@antv\scale\esm\scales\src\scales\diverging.ts' file: [1m[31mError[39m[22m[1m: ENOENT: no such file or directory, open 'E:\Windsurf-Qlib\qlib-frontend\node_modules\@antv\scale\esm\scales\src\scales\diverging.ts'[39m[22m

[1m[33mWARNING[39m[22m in [1m./node_modules/@antv/scale/esm/scales/identity.js[39m[22m
[1mModule Warning (from ./node_modules/source-map-loader/dist/cjs.js):
[1m[31mFailed[39m[22m[1m to parse source map from 'E:\Windsurf-Qlib\qlib-frontend\node_modules\@antv\scale\esm\scales\src\scales\identity.ts' file: [1m[31mError[39m[22m[1m: ENOENT: no such file or directory, open 'E:\Windsurf-Qlib\qlib-frontend\node_modules\@antv\scale\esm\scales\src\scales\identity.ts'[39m[22m

[1m[33mWARNING[39m[22m in [1m./node_modules/@antv/scale/esm/scales/linear.js[39m[22m
[1mModule Warning (from ./node_modules/source-map-loader/dist/cjs.js):
[1m[31mFailed[39m[22m[1m to parse source map from 'E:\Windsurf-Qlib\qlib-frontend\node_modules\@antv\scale\esm\scales\src\scales\linear.ts' file: [1m[31mError[39m[22m[1m: ENOENT: no such file or directory, open 'E:\Windsurf-Qlib\qlib-frontend\node_modules\@antv\scale\esm\scales\src\scales\linear.ts'[39m[22m

[1m[33mWARNING[39m[22m in [1m./node_modules/@antv/scale/esm/scales/log.js[39m[22m
[1mModule Warning (from ./node_modules/source-map-loader/dist/cjs.js):
[1m[31mFailed[39m[22m[1m to parse source map from 'E:\Windsurf-Qlib\qlib-frontend\node_modules\@antv\scale\esm\scales\src\scales\log.ts' file: [1m[31mError[39m[22m[1m: ENOENT: no such file or directory, open 'E:\Windsurf-Qlib\qlib-frontend\node_modules\@antv\scale\esm\scales\src\scales\log.ts'[39m[22m

[1m[33mWARNING[39m[22m in [1m./node_modules/@antv/scale/esm/scales/ordinal.js[39m[22m
[1mModule Warning (from ./node_modules/source-map-loader/dist/cjs.js):
[1m[31mFailed[39m[22m[1m to parse source map from 'E:\Windsurf-Qlib\qlib-frontend\node_modules\@antv\scale\esm\scales\src\scales\ordinal.ts' file: [1m[31mError[39m[22m[1m: ENOENT: no such file or directory, open 'E:\Windsurf-Qlib\qlib-frontend\node_modules\@antv\scale\esm\scales\src\scales\ordinal.ts'[39m[22m

[1m[33mWARNING[39m[22m in [1m./node_modules/@antv/scale/esm/scales/point.js[39m[22m
[1mModule Warning (from ./node_modules/source-map-loader/dist/cjs.js):
[1m[31mFailed[39m[22m[1m to parse source map from 'E:\Windsurf-Qlib\qlib-frontend\node_modules\@antv\scale\esm\scales\src\scales\point.ts' file: [1m[31mError[39m[22m[1m: ENOENT: no such file or directory, open 'E:\Windsurf-Qlib\qlib-frontend\node_modules\@antv\scale\esm\scales\src\scales\point.ts'[39m[22m

[1m[33mWARNING[39m[22m in [1m./node_modules/@antv/scale/esm/scales/pow.js[39m[22m
[1mModule Warning (from ./node_modules/source-map-loader/dist/cjs.js):
[1m[31mFailed[39m[22m[1m to parse source map from 'E:\Windsurf-Qlib\qlib-frontend\node_modules\@antv\scale\esm\scales\src\scales\pow.ts' file: [1m[31mError[39m[22m[1m: ENOENT: no such file or directory, open 'E:\Windsurf-Qlib\qlib-frontend\node_modules\@antv\scale\esm\scales\src\scales\pow.ts'[39m[22m

[1m[33mWARNING[39m[22m in [1m./node_modules/@antv/scale/esm/scales/quantile.js[39m[22m
[1mModule Warning (from ./node_modules/source-map-loader/dist/cjs.js):
[1m[31mFailed[39m[22m[1m to parse source map from 'E:\Windsurf-Qlib\qlib-frontend\node_modules\@antv\scale\esm\scales\src\scales\quantile.ts' file: [1m[31mError[39m[22m[1m: ENOENT: no such file or directory, open 'E:\Windsurf-Qlib\qlib-frontend\node_modules\@antv\scale\esm\scales\src\scales\quantile.ts'[39m[22m

[1m[33mWARNING[39m[22m in [1m./node_modules/@antv/scale/esm/scales/quantize.js[39m[22m
[1mModule Warning (from ./node_modules/source-map-loader/dist/cjs.js):
[1m[31mFailed[39m[22m[1m to parse source map from 'E:\Windsurf-Qlib\qlib-frontend\node_modules\@antv\scale\esm\scales\src\scales\quantize.ts' file: [1m[31mError[39m[22m[1m: ENOENT: no such file or directory, open 'E:\Windsurf-Qlib\qlib-frontend\node_modules\@antv\scale\esm\scales\src\scales\quantize.ts'[39m[22m

[1m[33mWARNING[39m[22m in [1m./node_modules/@antv/scale/esm/scales/sequential.js[39m[22m
[1mModule Warning (from ./node_modules/source-map-loader/dist/cjs.js):
[1m[31mFailed[39m[22m[1m to parse source map from 'E:\Windsurf-Qlib\qlib-frontend\node_modules\@antv\scale\esm\scales\src\scales\sequential.ts' file: [1m[31mError[39m[22m[1m: ENOENT: no such file or directory, open 'E:\Windsurf-Qlib\qlib-frontend\node_modules\@antv\scale\esm\scales\src\scales\sequential.ts'[39m[22m

[1m[33mWARNING[39m[22m in [1m./node_modules/@antv/scale/esm/scales/sqrt.js[39m[22m
[1mModule Warning (from ./node_modules/source-map-loader/dist/cjs.js):
[1m[31mFailed[39m[22m[1m to parse source map from 'E:\Windsurf-Qlib\qlib-frontend\node_modules\@antv\scale\esm\scales\src\scales\sqrt.ts' file: [1m[31mError[39m[22m[1m: ENOENT: no such file or directory, open 'E:\Windsurf-Qlib\qlib-frontend\node_modules\@antv\scale\esm\scales\src\scales\sqrt.ts'[39m[22m

[1m[33mWARNING[39m[22m in [1m./node_modules/@antv/scale/esm/scales/threshold.js[39m[22m
[1mModule Warning (from ./node_modules/source-map-loader/dist/cjs.js):
[1m[31mFailed[39m[22m[1m to parse source map from 'E:\Windsurf-Qlib\qlib-frontend\node_modules\@antv\scale\esm\scales\src\scales\threshold.ts' file: [1m[31mError[39m[22m[1m: ENOENT: no such file or directory, open 'E:\Windsurf-Qlib\qlib-frontend\node_modules\@antv\scale\esm\scales\src\scales\threshold.ts'[39m[22m

[1m[33mWARNING[39m[22m in [1m./node_modules/@antv/scale/esm/scales/time.js[39m[22m
[1mModule Warning (from ./node_modules/source-map-loader/dist/cjs.js):
[1m[31mFailed[39m[22m[1m to parse source map from 'E:\Windsurf-Qlib\qlib-frontend\node_modules\@antv\scale\esm\scales\src\scales\time.ts' file: [1m[31mError[39m[22m[1m: ENOENT: no such file or directory, open 'E:\Windsurf-Qlib\qlib-frontend\node_modules\@antv\scale\esm\scales\src\scales\time.ts'[39m[22m

[1m[33mWARNING[39m[22m in [1m./node_modules/@antv/scale/esm/tick-methods/d3-log.js[39m[22m
[1mModule Warning (from ./node_modules/source-map-loader/dist/cjs.js):
[1m[31mFailed[39m[22m[1m to parse source map from 'E:\Windsurf-Qlib\qlib-frontend\node_modules\@antv\scale\esm\tick-methods\src\tick-methods\d3-log.ts' file: [1m[31mError[39m[22m[1m: ENOENT: no such file or directory, open 'E:\Windsurf-Qlib\qlib-frontend\node_modules\@antv\scale\esm\tick-methods\src\tick-methods\d3-log.ts'[39m[22m

[1m[33mWARNING[39m[22m in [1m./node_modules/@antv/scale/esm/tick-methods/d3-ticks.js[39m[22m
[1mModule Warning (from ./node_modules/source-map-loader/dist/cjs.js):
[1m[31mFailed[39m[22m[1m to parse source map from 'E:\Windsurf-Qlib\qlib-frontend\node_modules\@antv\scale\esm\tick-methods\src\tick-methods\d3-ticks.ts' file: [1m[31mError[39m[22m[1m: ENOENT: no such file or directory, open 'E:\Windsurf-Qlib\qlib-frontend\node_modules\@antv\scale\esm\tick-methods\src\tick-methods\d3-ticks.ts'[39m[22m

[1m[33mWARNING[39m[22m in [1m./node_modules/@antv/scale/esm/tick-methods/d3-time.js[39m[22m
[1mModule Warning (from ./node_modules/source-map-loader/dist/cjs.js):
[1m[31mFailed[39m[22m[1m to parse source map from 'E:\Windsurf-Qlib\qlib-frontend\node_modules\@antv\scale\esm\tick-methods\src\tick-methods\d3-time.ts' file: [1m[31mError[39m[22m[1m: ENOENT: no such file or directory, open 'E:\Windsurf-Qlib\qlib-frontend\node_modules\@antv\scale\esm\tick-methods\src\tick-methods\d3-time.ts'[39m[22m

[1m[33mWARNING[39m[22m in [1m./node_modules/@antv/scale/esm/tick-methods/r-pretty.js[39m[22m
[1mModule Warning (from ./node_modules/source-map-loader/dist/cjs.js):
[1m[31mFailed[39m[22m[1m to parse source map from 'E:\Windsurf-Qlib\qlib-frontend\node_modules\@antv\scale\esm\tick-methods\src\tick-methods\r-pretty.ts' file: [1m[31mError[39m[22m[1m: ENOENT: no such file or directory, open 'E:\Windsurf-Qlib\qlib-frontend\node_modules\@antv\scale\esm\tick-methods\src\tick-methods\r-pretty.ts'[39m[22m

[1m[33mWARNING[39m[22m in [1m./node_modules/@antv/scale/esm/tick-methods/wilkinson-extended.js[39m[22m
[1mModule Warning (from ./node_modules/source-map-loader/dist/cjs.js):
[1m[31mFailed[39m[22m[1m to parse source map from 'E:\Windsurf-Qlib\qlib-frontend\node_modules\@antv\scale\esm\tick-methods\src\tick-methods\wilkinson-extended.ts' file: [1m[31mError[39m[22m[1m: ENOENT: no such file or directory, open 'E:\Windsurf-Qlib\qlib-frontend\node_modules\@antv\scale\esm\tick-methods\src\tick-methods\wilkinson-extended.ts'[39m[22m

[1m[33mWARNING[39m[22m in [1m./node_modules/@antv/scale/esm/utils/bisect.js[39m[22m
[1mModule Warning (from ./node_modules/source-map-loader/dist/cjs.js):
[1m[31mFailed[39m[22m[1m to parse source map from 'E:\Windsurf-Qlib\qlib-frontend\node_modules\@antv\scale\esm\utils\src\utils\bisect.ts' file: [1m[31mError[39m[22m[1m: ENOENT: no such file or directory, open 'E:\Windsurf-Qlib\qlib-frontend\node_modules\@antv\scale\esm\utils\src\utils\bisect.ts'[39m[22m

[1m[33mWARNING[39m[22m in [1m./node_modules/@antv/scale/esm/utils/choose-mask.js[39m[22m
[1mModule Warning (from ./node_modules/source-map-loader/dist/cjs.js):
[1m[31mFailed[39m[22m[1m to parse source map from 'E:\Windsurf-Qlib\qlib-frontend\node_modules\@antv\scale\esm\utils\src\utils\choose-mask.ts' file: [1m[31mError[39m[22m[1m: ENOENT: no such file or directory, open 'E:\Windsurf-Qlib\qlib-frontend\node_modules\@antv\scale\esm\utils\src\utils\choose-mask.ts'[39m[22m

[1m[33mWARNING[39m[22m in [1m./node_modules/@antv/scale/esm/utils/clamp.js[39m[22m
[1mModule Warning (from ./node_modules/source-map-loader/dist/cjs.js):
[1m[31mFailed[39m[22m[1m to parse source map from 'E:\Windsurf-Qlib\qlib-frontend\node_modules\@antv\scale\esm\utils\src\utils\clamp.ts' file: [1m[31mError[39m[22m[1m: ENOENT: no such file or directory, open 'E:\Windsurf-Qlib\qlib-frontend\node_modules\@antv\scale\esm\utils\src\utils\clamp.ts'[39m[22m

[1m[33mWARNING[39m[22m in [1m./node_modules/@antv/scale/esm/utils/color.js[39m[22m
[1mModule Warning (from ./node_modules/source-map-loader/dist/cjs.js):
[1m[31mFailed[39m[22m[1m to parse source map from 'E:\Windsurf-Qlib\qlib-frontend\node_modules\@antv\scale\esm\utils\src\utils\color.ts' file: [1m[31mError[39m[22m[1m: ENOENT: no such file or directory, open 'E:\Windsurf-Qlib\qlib-frontend\node_modules\@antv\scale\esm\utils\src\utils\color.ts'[39m[22m

[1m[33mWARNING[39m[22m in [1m./node_modules/@antv/scale/esm/utils/compose.js[39m[22m
[1mModule Warning (from ./node_modules/source-map-loader/dist/cjs.js):
[1m[31mFailed[39m[22m[1m to parse source map from 'E:\Windsurf-Qlib\qlib-frontend\node_modules\@antv\scale\esm\utils\src\utils\compose.ts' file: [1m[31mError[39m[22m[1m: ENOENT: no such file or directory, open 'E:\Windsurf-Qlib\qlib-frontend\node_modules\@antv\scale\esm\utils\src\utils\compose.ts'[39m[22m

[1m[33mWARNING[39m[22m in [1m./node_modules/@antv/scale/esm/utils/create-quartile.js[39m[22m
[1mModule Warning (from ./node_modules/source-map-loader/dist/cjs.js):
[1m[31mFailed[39m[22m[1m to parse source map from 'E:\Windsurf-Qlib\qlib-frontend\node_modules\@antv\scale\esm\utils\src\utils\create-quartile.ts' file: [1m[31mError[39m[22m[1m: ENOENT: no such file or directory, open 'E:\Windsurf-Qlib\qlib-frontend\node_modules\@antv\scale\esm\utils\src\utils\create-quartile.ts'[39m[22m

[1m[33mWARNING[39m[22m in [1m./node_modules/@antv/scale/esm/utils/d3-linear-nice.js[39m[22m
[1mModule Warning (from ./node_modules/source-map-loader/dist/cjs.js):
[1m[31mFailed[39m[22m[1m to parse source map from 'E:\Windsurf-Qlib\qlib-frontend\node_modules\@antv\scale\esm\utils\src\utils\d3-linear-nice.ts' file: [1m[31mError[39m[22m[1m: ENOENT: no such file or directory, open 'E:\Windsurf-Qlib\qlib-frontend\node_modules\@antv\scale\esm\utils\src\utils\d3-linear-nice.ts'[39m[22m

[1m[33mWARNING[39m[22m in [1m./node_modules/@antv/scale/esm/utils/d3-log-nice.js[39m[22m
[1mModule Warning (from ./node_modules/source-map-loader/dist/cjs.js):
[1m[31mFailed[39m[22m[1m to parse source map from 'E:\Windsurf-Qlib\qlib-frontend\node_modules\@antv\scale\esm\utils\src\utils\d3-log-nice.ts' file: [1m[31mError[39m[22m[1m: ENOENT: no such file or directory, open 'E:\Windsurf-Qlib\qlib-frontend\node_modules\@antv\scale\esm\utils\src\utils\d3-log-nice.ts'[39m[22m

[1m[33mWARNING[39m[22m in [1m./node_modules/@antv/scale/esm/utils/d3-time-nice.js[39m[22m
[1mModule Warning (from ./node_modules/source-map-loader/dist/cjs.js):
[1m[31mFailed[39m[22m[1m to parse source map from 'E:\Windsurf-Qlib\qlib-frontend\node_modules\@antv\scale\esm\utils\src\utils\d3-time-nice.ts' file: [1m[31mError[39m[22m[1m: ENOENT: no such file or directory, open 'E:\Windsurf-Qlib\qlib-frontend\node_modules\@antv\scale\esm\utils\src\utils\d3-time-nice.ts'[39m[22m

[1m[33mWARNING[39m[22m in [1m./node_modules/@antv/scale/esm/utils/find-tick-interval.js[39m[22m
[1mModule Warning (from ./node_modules/source-map-loader/dist/cjs.js):
[1m[31mFailed[39m[22m[1m to parse source map from 'E:\Windsurf-Qlib\qlib-frontend\node_modules\@antv\scale\esm\utils\src\utils\find-tick-interval.ts' file: [1m[31mError[39m[22m[1m: ENOENT: no such file or directory, open 'E:\Windsurf-Qlib\qlib-frontend\node_modules\@antv\scale\esm\utils\src\utils\find-tick-interval.ts'[39m[22m

[1m[33mWARNING[39m[22m in [1m./node_modules/@antv/scale/esm/utils/index.js[39m[22m
[1mModule Warning (from ./node_modules/source-map-loader/dist/cjs.js):
[1m[31mFailed[39m[22m[1m to parse source map from 'E:\Windsurf-Qlib\qlib-frontend\node_modules\@antv\scale\esm\utils\src\utils\index.ts' file: [1m[31mError[39m[22m[1m: ENOENT: no such file or directory, open 'E:\Windsurf-Qlib\qlib-frontend\node_modules\@antv\scale\esm\utils\src\utils\index.ts'[39m[22m

[1m[33mWARNING[39m[22m in [1m./node_modules/@antv/scale/esm/utils/internMap.js[39m[22m
[1mModule Warning (from ./node_modules/source-map-loader/dist/cjs.js):
[1m[31mFailed[39m[22m[1m to parse source map from 'E:\Windsurf-Qlib\qlib-frontend\node_modules\@antv\scale\esm\utils\src\utils\internMap.ts' file: [1m[31mError[39m[22m[1m: ENOENT: no such file or directory, open 'E:\Windsurf-Qlib\qlib-frontend\node_modules\@antv\scale\esm\utils\src\utils\internMap.ts'[39m[22m

[1m[33mWARNING[39m[22m in [1m./node_modules/@antv/scale/esm/utils/interpolate.js[39m[22m
[1mModule Warning (from ./node_modules/source-map-loader/dist/cjs.js):
[1m[31mFailed[39m[22m[1m to parse source map from 'E:\Windsurf-Qlib\qlib-frontend\node_modules\@antv\scale\esm\utils\src\utils\interpolate.ts' file: [1m[31mError[39m[22m[1m: ENOENT: no such file or directory, open 'E:\Windsurf-Qlib\qlib-frontend\node_modules\@antv\scale\esm\utils\src\utils\interpolate.ts'[39m[22m

[1m[33mWARNING[39m[22m in [1m./node_modules/@antv/scale/esm/utils/interpolatize.js[39m[22m
[1mModule Warning (from ./node_modules/source-map-loader/dist/cjs.js):
[1m[31mFailed[39m[22m[1m to parse source map from 'E:\Windsurf-Qlib\qlib-frontend\node_modules\@antv\scale\esm\utils\src\utils\interpolatize.ts' file: [1m[31mError[39m[22m[1m: ENOENT: no such file or directory, open 'E:\Windsurf-Qlib\qlib-frontend\node_modules\@antv\scale\esm\utils\src\utils\interpolatize.ts'[39m[22m

[1m[33mWARNING[39m[22m in [1m./node_modules/@antv/scale/esm/utils/is-valid.js[39m[22m
[1mModule Warning (from ./node_modules/source-map-loader/dist/cjs.js):
[1m[31mFailed[39m[22m[1m to parse source map from 'E:\Windsurf-Qlib\qlib-frontend\node_modules\@antv\scale\esm\utils\src\utils\is-valid.ts' file: [1m[31mError[39m[22m[1m: ENOENT: no such file or directory, open 'E:\Windsurf-Qlib\qlib-frontend\node_modules\@antv\scale\esm\utils\src\utils\is-valid.ts'[39m[22m

[1m[33mWARNING[39m[22m in [1m./node_modules/@antv/scale/esm/utils/log.js[39m[22m
[1mModule Warning (from ./node_modules/source-map-loader/dist/cjs.js):
[1m[31mFailed[39m[22m[1m to parse source map from 'E:\Windsurf-Qlib\qlib-frontend\node_modules\@antv\scale\esm\utils\src\utils\log.ts' file: [1m[31mError[39m[22m[1m: ENOENT: no such file or directory, open 'E:\Windsurf-Qlib\qlib-frontend\node_modules\@antv\scale\esm\utils\src\utils\log.ts'[39m[22m

[1m[33mWARNING[39m[22m in [1m./node_modules/@antv/scale/esm/utils/normalize.js[39m[22m
[1mModule Warning (from ./node_modules/source-map-loader/dist/cjs.js):
[1m[31mFailed[39m[22m[1m to parse source map from 'E:\Windsurf-Qlib\qlib-frontend\node_modules\@antv\scale\esm\utils\src\utils\normalize.ts' file: [1m[31mError[39m[22m[1m: ENOENT: no such file or directory, open 'E:\Windsurf-Qlib\qlib-frontend\node_modules\@antv\scale\esm\utils\src\utils\normalize.ts'[39m[22m

[1m[33mWARNING[39m[22m in [1m./node_modules/@antv/scale/esm/utils/pretty-number.js[39m[22m
[1mModule Warning (from ./node_modules/source-map-loader/dist/cjs.js):
[1m[31mFailed[39m[22m[1m to parse source map from 'E:\Windsurf-Qlib\qlib-frontend\node_modules\@antv\scale\esm\utils\src\utils\pretty-number.ts' file: [1m[31mError[39m[22m[1m: ENOENT: no such file or directory, open 'E:\Windsurf-Qlib\qlib-frontend\node_modules\@antv\scale\esm\utils\src\utils\pretty-number.ts'[39m[22m

[1m[33mWARNING[39m[22m in [1m./node_modules/@antv/scale/esm/utils/ticks.js[39m[22m
[1mModule Warning (from ./node_modules/source-map-loader/dist/cjs.js):
[1m[31mFailed[39m[22m[1m to parse source map from 'E:\Windsurf-Qlib\qlib-frontend\node_modules\@antv\scale\esm\utils\src\utils\ticks.ts' file: [1m[31mError[39m[22m[1m: ENOENT: no such file or directory, open 'E:\Windsurf-Qlib\qlib-frontend\node_modules\@antv\scale\esm\utils\src\utils\ticks.ts'[39m[22m

[1m[33mWARNING[39m[22m in [1m./node_modules/@antv/scale/esm/utils/time-interval.js[39m[22m
[1mModule Warning (from ./node_modules/source-map-loader/dist/cjs.js):
[1m[31mFailed[39m[22m[1m to parse source map from 'E:\Windsurf-Qlib\qlib-frontend\node_modules\@antv\scale\esm\utils\src\utils\time-interval.ts' file: [1m[31mError[39m[22m[1m: ENOENT: no such file or directory, open 'E:\Windsurf-Qlib\qlib-frontend\node_modules\@antv\scale\esm\utils\src\utils\time-interval.ts'[39m[22m

[1m[33mWARNING[39m[22m in [1m./node_modules/@antv/scale/esm/utils/utc-interval.js[39m[22m
[1mModule Warning (from ./node_modules/source-map-loader/dist/cjs.js):
[1m[31mFailed[39m[22m[1m to parse source map from 'E:\Windsurf-Qlib\qlib-frontend\node_modules\@antv\scale\esm\utils\src\utils\utc-interval.ts' file: [1m[31mError[39m[22m[1m: ENOENT: no such file or directory, open 'E:\Windsurf-Qlib\qlib-frontend\node_modules\@antv\scale\esm\utils\src\utils\utc-interval.ts'[39m[22m

[1m[33mWARNING[39m[22m in [1m./node_modules/@antv/util/esm/color/arr2rgb.js[39m[22m
[1mModule Warning (from ./node_modules/source-map-loader/dist/cjs.js):
[1m[31mFailed[39m[22m[1m to parse source map from 'E:\Windsurf-Qlib\qlib-frontend\node_modules\@antv\util\esm\color\src\color\arr2rgb.ts' file: [1m[31mError[39m[22m[1m: ENOENT: no such file or directory, open 'E:\Windsurf-Qlib\qlib-frontend\node_modules\@antv\util\esm\color\src\color\arr2rgb.ts'[39m[22m

[1m[33mWARNING[39m[22m in [1m./node_modules/@antv/util/esm/color/gradient.js[39m[22m
[1mModule Warning (from ./node_modules/source-map-loader/dist/cjs.js):
[1m[31mFailed[39m[22m[1m to parse source map from 'E:\Windsurf-Qlib\qlib-frontend\node_modules\@antv\util\esm\color\src\color\gradient.ts' file: [1m[31mError[39m[22m[1m: ENOENT: no such file or directory, open 'E:\Windsurf-Qlib\qlib-frontend\node_modules\@antv\util\esm\color\src\color\gradient.ts'[39m[22m

[1m[33mWARNING[39m[22m in [1m./node_modules/@antv/util/esm/color/index.js[39m[22m
[1mModule Warning (from ./node_modules/source-map-loader/dist/cjs.js):
[1m[31mFailed[39m[22m[1m to parse source map from 'E:\Windsurf-Qlib\qlib-frontend\node_modules\@antv\util\esm\color\src\color\index.ts' file: [1m[31mError[39m[22m[1m: ENOENT: no such file or directory, open 'E:\Windsurf-Qlib\qlib-frontend\node_modules\@antv\util\esm\color\src\color\index.ts'[39m[22m

[1m[33mWARNING[39m[22m in [1m./node_modules/@antv/util/esm/color/rgb2arr.js[39m[22m
[1mModule Warning (from ./node_modules/source-map-loader/dist/cjs.js):
[1m[31mFailed[39m[22m[1m to parse source map from 'E:\Windsurf-Qlib\qlib-frontend\node_modules\@antv\util\esm\color\src\color\rgb2arr.ts' file: [1m[31mError[39m[22m[1m: ENOENT: no such file or directory, open 'E:\Windsurf-Qlib\qlib-frontend\node_modules\@antv\util\esm\color\src\color\rgb2arr.ts'[39m[22m

[1m[33mWARNING[39m[22m in [1m./node_modules/@antv/util/esm/color/tocssgradient.js[39m[22m
[1mModule Warning (from ./node_modules/source-map-loader/dist/cjs.js):
[1m[31mFailed[39m[22m[1m to parse source map from 'E:\Windsurf-Qlib\qlib-frontend\node_modules\@antv\util\esm\color\src\color\tocssgradient.ts' file: [1m[31mError[39m[22m[1m: ENOENT: no such file or directory, open 'E:\Windsurf-Qlib\qlib-frontend\node_modules\@antv\util\esm\color\src\color\tocssgradient.ts'[39m[22m

[1m[33mWARNING[39m[22m in [1m./node_modules/@antv/util/esm/color/torgb.js[39m[22m
[1mModule Warning (from ./node_modules/source-map-loader/dist/cjs.js):
[1m[31mFailed[39m[22m[1m to parse source map from 'E:\Windsurf-Qlib\qlib-frontend\node_modules\@antv\util\esm\color\src\color\torgb.ts' file: [1m[31mError[39m[22m[1m: ENOENT: no such file or directory, open 'E:\Windsurf-Qlib\qlib-frontend\node_modules\@antv\util\esm\color\src\color\torgb.ts'[39m[22m

[1m[33mWARNING[39m[22m in [1m./node_modules/@antv/util/esm/dom/create-dom.js[39m[22m
[1mModule Warning (from ./node_modules/source-map-loader/dist/cjs.js):
[1m[31mFailed[39m[22m[1m to parse source map from 'E:\Windsurf-Qlib\qlib-frontend\node_modules\@antv\util\esm\dom\src\dom\create-dom.ts' file: [1m[31mError[39m[22m[1m: ENOENT: no such file or directory, open 'E:\Windsurf-Qlib\qlib-frontend\node_modules\@antv\util\esm\dom\src\dom\create-dom.ts'[39m[22m

[1m[33mWARNING[39m[22m in [1m./node_modules/@antv/util/esm/dom/index.js[39m[22m
[1mModule Warning (from ./node_modules/source-map-loader/dist/cjs.js):
[1m[31mFailed[39m[22m[1m to parse source map from 'E:\Windsurf-Qlib\qlib-frontend\node_modules\@antv\util\esm\dom\src\dom\index.ts' file: [1m[31mError[39m[22m[1m: ENOENT: no such file or directory, open 'E:\Windsurf-Qlib\qlib-frontend\node_modules\@antv\util\esm\dom\src\dom\index.ts'[39m[22m

[1m[33mWARNING[39m[22m in [1m./node_modules/@antv/util/esm/dom/modify-css.js[39m[22m
[1mModule Warning (from ./node_modules/source-map-loader/dist/cjs.js):
[1m[31mFailed[39m[22m[1m to parse source map from 'E:\Windsurf-Qlib\qlib-frontend\node_modules\@antv\util\esm\dom\src\dom\modify-css.ts' file: [1m[31mError[39m[22m[1m: ENOENT: no such file or directory, open 'E:\Windsurf-Qlib\qlib-frontend\node_modules\@antv\util\esm\dom\src\dom\modify-css.ts'[39m[22m

[1m[33mWARNING[39m[22m in [1m./node_modules/@antv/util/esm/index.js[39m[22m
[1mModule Warning (from ./node_modules/source-map-loader/dist/cjs.js):
[1m[31mFailed[39m[22m[1m to parse source map from 'E:\Windsurf-Qlib\qlib-frontend\node_modules\@antv\util\esm\src\index.ts' file: [1m[31mError[39m[22m[1m: ENOENT: no such file or directory, open 'E:\Windsurf-Qlib\qlib-frontend\node_modules\@antv\util\esm\src\index.ts'[39m[22m

[1m[33mWARNING[39m[22m in [1m./node_modules/@antv/util/esm/lodash/augment.js[39m[22m
[1mModule Warning (from ./node_modules/source-map-loader/dist/cjs.js):
[1m[31mFailed[39m[22m[1m to parse source map from 'E:\Windsurf-Qlib\qlib-frontend\node_modules\@antv\util\esm\lodash\src\lodash\augment.ts' file: [1m[31mError[39m[22m[1m: ENOENT: no such file or directory, open 'E:\Windsurf-Qlib\qlib-frontend\node_modules\@antv\util\esm\lodash\src\lodash\augment.ts'[39m[22m

[1m[33mWARNING[39m[22m in [1m./node_modules/@antv/util/esm/lodash/cache.js[39m[22m
[1mModule Warning (from ./node_modules/source-map-loader/dist/cjs.js):
[1m[31mFailed[39m[22m[1m to parse source map from 'E:\Windsurf-Qlib\qlib-frontend\node_modules\@antv\util\esm\lodash\src\lodash\cache.ts' file: [1m[31mError[39m[22m[1m: ENOENT: no such file or directory, open 'E:\Windsurf-Qlib\qlib-frontend\node_modules\@antv\util\esm\lodash\src\lodash\cache.ts'[39m[22m

[1m[33mWARNING[39m[22m in [1m./node_modules/@antv/util/esm/lodash/clamp.js[39m[22m
[1mModule Warning (from ./node_modules/source-map-loader/dist/cjs.js):
[1m[31mFailed[39m[22m[1m to parse source map from 'E:\Windsurf-Qlib\qlib-frontend\node_modules\@antv\util\esm\lodash\src\lodash\clamp.ts' file: [1m[31mError[39m[22m[1m: ENOENT: no such file or directory, open 'E:\Windsurf-Qlib\qlib-frontend\node_modules\@antv\util\esm\lodash\src\lodash\clamp.ts'[39m[22m

[1m[33mWARNING[39m[22m in [1m./node_modules/@antv/util/esm/lodash/clear-animation-frame.js[39m[22m
[1mModule Warning (from ./node_modules/source-map-loader/dist/cjs.js):
[1m[31mFailed[39m[22m[1m to parse source map from 'E:\Windsurf-Qlib\qlib-frontend\node_modules\@antv\util\esm\lodash\src\lodash\clear-animation-frame.ts' file: [1m[31mError[39m[22m[1m: ENOENT: no such file or directory, open 'E:\Windsurf-Qlib\qlib-frontend\node_modules\@antv\util\esm\lodash\src\lodash\clear-animation-frame.ts'[39m[22m

[1m[33mWARNING[39m[22m in [1m./node_modules/@antv/util/esm/lodash/clone.js[39m[22m
[1mModule Warning (from ./node_modules/source-map-loader/dist/cjs.js):
[1m[31mFailed[39m[22m[1m to parse source map from 'E:\Windsurf-Qlib\qlib-frontend\node_modules\@antv\util\esm\lodash\src\lodash\clone.ts' file: [1m[31mError[39m[22m[1m: ENOENT: no such file or directory, open 'E:\Windsurf-Qlib\qlib-frontend\node_modules\@antv\util\esm\lodash\src\lodash\clone.ts'[39m[22m

[1m[33mWARNING[39m[22m in [1m./node_modules/@antv/util/esm/lodash/contains.js[39m[22m
[1mModule Warning (from ./node_modules/source-map-loader/dist/cjs.js):
[1m[31mFailed[39m[22m[1m to parse source map from 'E:\Windsurf-Qlib\qlib-frontend\node_modules\@antv\util\esm\lodash\src\lodash\contains.ts' file: [1m[31mError[39m[22m[1m: ENOENT: no such file or directory, open 'E:\Windsurf-Qlib\qlib-frontend\node_modules\@antv\util\esm\lodash\src\lodash\contains.ts'[39m[22m

[1m[33mWARNING[39m[22m in [1m./node_modules/@antv/util/esm/lodash/debounce.js[39m[22m
[1mModule Warning (from ./node_modules/source-map-loader/dist/cjs.js):
[1m[31mFailed[39m[22m[1m to parse source map from 'E:\Windsurf-Qlib\qlib-frontend\node_modules\@antv\util\esm\lodash\src\lodash\debounce.ts' file: [1m[31mError[39m[22m[1m: ENOENT: no such file or directory, open 'E:\Windsurf-Qlib\qlib-frontend\node_modules\@antv\util\esm\lodash\src\lodash\debounce.ts'[39m[22m

[1m[33mWARNING[39m[22m in [1m./node_modules/@antv/util/esm/lodash/deep-mix.js[39m[22m
[1mModule Warning (from ./node_modules/source-map-loader/dist/cjs.js):
[1m[31mFailed[39m[22m[1m to parse source map from 'E:\Windsurf-Qlib\qlib-frontend\node_modules\@antv\util\esm\lodash\src\lodash\deep-mix.ts' file: [1m[31mError[39m[22m[1m: ENOENT: no such file or directory, open 'E:\Windsurf-Qlib\qlib-frontend\node_modules\@antv\util\esm\lodash\src\lodash\deep-mix.ts'[39m[22m

[1m[33mWARNING[39m[22m in [1m./node_modules/@antv/util/esm/lodash/difference.js[39m[22m
[1mModule Warning (from ./node_modules/source-map-loader/dist/cjs.js):
[1m[31mFailed[39m[22m[1m to parse source map from 'E:\Windsurf-Qlib\qlib-frontend\node_modules\@antv\util\esm\lodash\src\lodash\difference.ts' file: [1m[31mError[39m[22m[1m: ENOENT: no such file or directory, open 'E:\Windsurf-Qlib\qlib-frontend\node_modules\@antv\util\esm\lodash\src\lodash\difference.ts'[39m[22m

[1m[33mWARNING[39m[22m in [1m./node_modules/@antv/util/esm/lodash/each.js[39m[22m
[1mModule Warning (from ./node_modules/source-map-loader/dist/cjs.js):
[1m[31mFailed[39m[22m[1m to parse source map from 'E:\Windsurf-Qlib\qlib-frontend\node_modules\@antv\util\esm\lodash\src\lodash\each.ts' file: [1m[31mError[39m[22m[1m: ENOENT: no such file or directory, open 'E:\Windsurf-Qlib\qlib-frontend\node_modules\@antv\util\esm\lodash\src\lodash\each.ts'[39m[22m

[1m[33mWARNING[39m[22m in [1m./node_modules/@antv/util/esm/lodash/ends-with.js[39m[22m
[1mModule Warning (from ./node_modules/source-map-loader/dist/cjs.js):
[1m[31mFailed[39m[22m[1m to parse source map from 'E:\Windsurf-Qlib\qlib-frontend\node_modules\@antv\util\esm\lodash\src\lodash\ends-with.ts' file: [1m[31mError[39m[22m[1m: ENOENT: no such file or directory, open 'E:\Windsurf-Qlib\qlib-frontend\node_modules\@antv\util\esm\lodash\src\lodash\ends-with.ts'[39m[22m

[1m[33mWARNING[39m[22m in [1m./node_modules/@antv/util/esm/lodash/every.js[39m[22m
[1mModule Warning (from ./node_modules/source-map-loader/dist/cjs.js):
[1m[31mFailed[39m[22m[1m to parse source map from 'E:\Windsurf-Qlib\qlib-frontend\node_modules\@antv\util\esm\lodash\src\lodash\every.ts' file: [1m[31mError[39m[22m[1m: ENOENT: no such file or directory, open 'E:\Windsurf-Qlib\qlib-frontend\node_modules\@antv\util\esm\lodash\src\lodash\every.ts'[39m[22m

[1m[33mWARNING[39m[22m in [1m./node_modules/@antv/util/esm/lodash/extend.js[39m[22m
[1mModule Warning (from ./node_modules/source-map-loader/dist/cjs.js):
[1m[31mFailed[39m[22m[1m to parse source map from 'E:\Windsurf-Qlib\qlib-frontend\node_modules\@antv\util\esm\lodash\src\lodash\extend.ts' file: [1m[31mError[39m[22m[1m: ENOENT: no such file or directory, open 'E:\Windsurf-Qlib\qlib-frontend\node_modules\@antv\util\esm\lodash\src\lodash\extend.ts'[39m[22m

[1m[33mWARNING[39m[22m in [1m./node_modules/@antv/util/esm/lodash/filter.js[39m[22m
[1mModule Warning (from ./node_modules/source-map-loader/dist/cjs.js):
[1m[31mFailed[39m[22m[1m to parse source map from 'E:\Windsurf-Qlib\qlib-frontend\node_modules\@antv\util\esm\lodash\src\lodash\filter.ts' file: [1m[31mError[39m[22m[1m: ENOENT: no such file or directory, open 'E:\Windsurf-Qlib\qlib-frontend\node_modules\@antv\util\esm\lodash\src\lodash\filter.ts'[39m[22m

[1m[33mWARNING[39m[22m in [1m./node_modules/@antv/util/esm/lodash/find-index.js[39m[22m
[1mModule Warning (from ./node_modules/source-map-loader/dist/cjs.js):
[1m[31mFailed[39m[22m[1m to parse source map from 'E:\Windsurf-Qlib\qlib-frontend\node_modules\@antv\util\esm\lodash\src\lodash\find-index.ts' file: [1m[31mError[39m[22m[1m: ENOENT: no such file or directory, open 'E:\Windsurf-Qlib\qlib-frontend\node_modules\@antv\util\esm\lodash\src\lodash\find-index.ts'[39m[22m

[1m[33mWARNING[39m[22m in [1m./node_modules/@antv/util/esm/lodash/find.js[39m[22m
[1mModule Warning (from ./node_modules/source-map-loader/dist/cjs.js):
[1m[31mFailed[39m[22m[1m to parse source map from 'E:\Windsurf-Qlib\qlib-frontend\node_modules\@antv\util\esm\lodash\src\lodash\find.ts' file: [1m[31mError[39m[22m[1m: ENOENT: no such file or directory, open 'E:\Windsurf-Qlib\qlib-frontend\node_modules\@antv\util\esm\lodash\src\lodash\find.ts'[39m[22m

[1m[33mWARNING[39m[22m in [1m./node_modules/@antv/util/esm/lodash/first-value.js[39m[22m
[1mModule Warning (from ./node_modules/source-map-loader/dist/cjs.js):
[1m[31mFailed[39m[22m[1m to parse source map from 'E:\Windsurf-Qlib\qlib-frontend\node_modules\@antv\util\esm\lodash\src\lodash\first-value.ts' file: [1m[31mError[39m[22m[1m: ENOENT: no such file or directory, open 'E:\Windsurf-Qlib\qlib-frontend\node_modules\@antv\util\esm\lodash\src\lodash\first-value.ts'[39m[22m

[1m[33mWARNING[39m[22m in [1m./node_modules/@antv/util/esm/lodash/fixed-base.js[39m[22m
[1mModule Warning (from ./node_modules/source-map-loader/dist/cjs.js):
[1m[31mFailed[39m[22m[1m to parse source map from 'E:\Windsurf-Qlib\qlib-frontend\node_modules\@antv\util\esm\lodash\src\lodash\fixed-base.ts' file: [1m[31mError[39m[22m[1m: ENOENT: no such file or directory, open 'E:\Windsurf-Qlib\qlib-frontend\node_modules\@antv\util\esm\lodash\src\lodash\fixed-base.ts'[39m[22m

[1m[33mWARNING[39m[22m in [1m./node_modules/@antv/util/esm/lodash/flatten-deep.js[39m[22m
[1mModule Warning (from ./node_modules/source-map-loader/dist/cjs.js):
[1m[31mFailed[39m[22m[1m to parse source map from 'E:\Windsurf-Qlib\qlib-frontend\node_modules\@antv\util\esm\lodash\src\lodash\flatten-deep.ts' file: [1m[31mError[39m[22m[1m: ENOENT: no such file or directory, open 'E:\Windsurf-Qlib\qlib-frontend\node_modules\@antv\util\esm\lodash\src\lodash\flatten-deep.ts'[39m[22m

[1m[33mWARNING[39m[22m in [1m./node_modules/@antv/util/esm/lodash/flatten.js[39m[22m
[1mModule Warning (from ./node_modules/source-map-loader/dist/cjs.js):
[1m[31mFailed[39m[22m[1m to parse source map from 'E:\Windsurf-Qlib\qlib-frontend\node_modules\@antv\util\esm\lodash\src\lodash\flatten.ts' file: [1m[31mError[39m[22m[1m: ENOENT: no such file or directory, open 'E:\Windsurf-Qlib\qlib-frontend\node_modules\@antv\util\esm\lodash\src\lodash\flatten.ts'[39m[22m

[1m[33mWARNING[39m[22m in [1m./node_modules/@antv/util/esm/lodash/for-in.js[39m[22m
[1mModule Warning (from ./node_modules/source-map-loader/dist/cjs.js):
[1m[31mFailed[39m[22m[1m to parse source map from 'E:\Windsurf-Qlib\qlib-frontend\node_modules\@antv\util\esm\lodash\src\lodash\for-in.ts' file: [1m[31mError[39m[22m[1m: ENOENT: no such file or directory, open 'E:\Windsurf-Qlib\qlib-frontend\node_modules\@antv\util\esm\lodash\src\lodash\for-in.ts'[39m[22m

[1m[33mWARNING[39m[22m in [1m./node_modules/@antv/util/esm/lodash/get-range.js[39m[22m
[1mModule Warning (from ./node_modules/source-map-loader/dist/cjs.js):
[1m[31mFailed[39m[22m[1m to parse source map from 'E:\Windsurf-Qlib\qlib-frontend\node_modules\@antv\util\esm\lodash\src\lodash\get-range.ts' file: [1m[31mError[39m[22m[1m: ENOENT: no such file or directory, open 'E:\Windsurf-Qlib\qlib-frontend\node_modules\@antv\util\esm\lodash\src\lodash\get-range.ts'[39m[22m

[1m[33mWARNING[39m[22m in [1m./node_modules/@antv/util/esm/lodash/get-type.js[39m[22m
[1mModule Warning (from ./node_modules/source-map-loader/dist/cjs.js):
[1m[31mFailed[39m[22m[1m to parse source map from 'E:\Windsurf-Qlib\qlib-frontend\node_modules\@antv\util\esm\lodash\src\lodash\get-type.ts' file: [1m[31mError[39m[22m[1m: ENOENT: no such file or directory, open 'E:\Windsurf-Qlib\qlib-frontend\node_modules\@antv\util\esm\lodash\src\lodash\get-type.ts'[39m[22m

[1m[33mWARNING[39m[22m in [1m./node_modules/@antv/util/esm/lodash/get-wrap-behavior.js[39m[22m
[1mModule Warning (from ./node_modules/source-map-loader/dist/cjs.js):
[1m[31mFailed[39m[22m[1m to parse source map from 'E:\Windsurf-Qlib\qlib-frontend\node_modules\@antv\util\esm\lodash\src\lodash\get-wrap-behavior.ts' file: [1m[31mError[39m[22m[1m: ENOENT: no such file or directory, open 'E:\Windsurf-Qlib\qlib-frontend\node_modules\@antv\util\esm\lodash\src\lodash\get-wrap-behavior.ts'[39m[22m

[1m[33mWARNING[39m[22m in [1m./node_modules/@antv/util/esm/lodash/get.js[39m[22m
[1mModule Warning (from ./node_modules/source-map-loader/dist/cjs.js):
[1m[31mFailed[39m[22m[1m to parse source map from 'E:\Windsurf-Qlib\qlib-frontend\node_modules\@antv\util\esm\lodash\src\lodash\get.ts' file: [1m[31mError[39m[22m[1m: ENOENT: no such file or directory, open 'E:\Windsurf-Qlib\qlib-frontend\node_modules\@antv\util\esm\lodash\src\lodash\get.ts'[39m[22m

[1m[33mWARNING[39m[22m in [1m./node_modules/@antv/util/esm/lodash/group-by.js[39m[22m
[1mModule Warning (from ./node_modules/source-map-loader/dist/cjs.js):
[1m[31mFailed[39m[22m[1m to parse source map from 'E:\Windsurf-Qlib\qlib-frontend\node_modules\@antv\util\esm\lodash\src\lodash\group-by.ts' file: [1m[31mError[39m[22m[1m: ENOENT: no such file or directory, open 'E:\Windsurf-Qlib\qlib-frontend\node_modules\@antv\util\esm\lodash\src\lodash\group-by.ts'[39m[22m

[1m[33mWARNING[39m[22m in [1m./node_modules/@antv/util/esm/lodash/group-to-map.js[39m[22m
[1mModule Warning (from ./node_modules/source-map-loader/dist/cjs.js):
[1m[31mFailed[39m[22m[1m to parse source map from 'E:\Windsurf-Qlib\qlib-frontend\node_modules\@antv\util\esm\lodash\src\lodash\group-to-map.ts' file: [1m[31mError[39m[22m[1m: ENOENT: no such file or directory, open 'E:\Windsurf-Qlib\qlib-frontend\node_modules\@antv\util\esm\lodash\src\lodash\group-to-map.ts'[39m[22m

[1m[33mWARNING[39m[22m in [1m./node_modules/@antv/util/esm/lodash/group.js[39m[22m
[1mModule Warning (from ./node_modules/source-map-loader/dist/cjs.js):
[1m[31mFailed[39m[22m[1m to parse source map from 'E:\Windsurf-Qlib\qlib-frontend\node_modules\@antv\util\esm\lodash\src\lodash\group.ts' file: [1m[31mError[39m[22m[1m: ENOENT: no such file or directory, open 'E:\Windsurf-Qlib\qlib-frontend\node_modules\@antv\util\esm\lodash\src\lodash\group.ts'[39m[22m

[1m[33mWARNING[39m[22m in [1m./node_modules/@antv/util/esm/lodash/has-key.js[39m[22m
[1mModule Warning (from ./node_modules/source-map-loader/dist/cjs.js):
[1m[31mFailed[39m[22m[1m to parse source map from 'E:\Windsurf-Qlib\qlib-frontend\node_modules\@antv\util\esm\lodash\src\lodash\has-key.ts' file: [1m[31mError[39m[22m[1m: ENOENT: no such file or directory, open 'E:\Windsurf-Qlib\qlib-frontend\node_modules\@antv\util\esm\lodash\src\lodash\has-key.ts'[39m[22m

[1m[33mWARNING[39m[22m in [1m./node_modules/@antv/util/esm/lodash/has-value.js[39m[22m
[1mModule Warning (from ./node_modules/source-map-loader/dist/cjs.js):
[1m[31mFailed[39m[22m[1m to parse source map from 'E:\Windsurf-Qlib\qlib-frontend\node_modules\@antv\util\esm\lodash\src\lodash\has-value.ts' file: [1m[31mError[39m[22m[1m: ENOENT: no such file or directory, open 'E:\Windsurf-Qlib\qlib-frontend\node_modules\@antv\util\esm\lodash\src\lodash\has-value.ts'[39m[22m

[1m[33mWARNING[39m[22m in [1m./node_modules/@antv/util/esm/lodash/has.js[39m[22m
[1mModule Warning (from ./node_modules/source-map-loader/dist/cjs.js):
[1m[31mFailed[39m[22m[1m to parse source map from 'E:\Windsurf-Qlib\qlib-frontend\node_modules\@antv\util\esm\lodash\src\lodash\has.ts' file: [1m[31mError[39m[22m[1m: ENOENT: no such file or directory, open 'E:\Windsurf-Qlib\qlib-frontend\node_modules\@antv\util\esm\lodash\src\lodash\has.ts'[39m[22m

[1m[33mWARNING[39m[22m in [1m./node_modules/@antv/util/esm/lodash/head.js[39m[22m
[1mModule Warning (from ./node_modules/source-map-loader/dist/cjs.js):
[1m[31mFailed[39m[22m[1m to parse source map from 'E:\Windsurf-Qlib\qlib-frontend\node_modules\@antv\util\esm\lodash\src\lodash\head.ts' file: [1m[31mError[39m[22m[1m: ENOENT: no such file or directory, open 'E:\Windsurf-Qlib\qlib-frontend\node_modules\@antv\util\esm\lodash\src\lodash\head.ts'[39m[22m

[1m[33mWARNING[39m[22m in [1m./node_modules/@antv/util/esm/lodash/identity.js[39m[22m
[1mModule Warning (from ./node_modules/source-map-loader/dist/cjs.js):
[1m[31mFailed[39m[22m[1m to parse source map from 'E:\Windsurf-Qlib\qlib-frontend\node_modules\@antv\util\esm\lodash\src\lodash\identity.ts' file: [1m[31mError[39m[22m[1m: ENOENT: no such file or directory, open 'E:\Windsurf-Qlib\qlib-frontend\node_modules\@antv\util\esm\lodash\src\lodash\identity.ts'[39m[22m

[1m[33mWARNING[39m[22m in [1m./node_modules/@antv/util/esm/lodash/index-of.js[39m[22m
[1mModule Warning (from ./node_modules/source-map-loader/dist/cjs.js):
[1m[31mFailed[39m[22m[1m to parse source map from 'E:\Windsurf-Qlib\qlib-frontend\node_modules\@antv\util\esm\lodash\src\lodash\index-of.ts' file: [1m[31mError[39m[22m[1m: ENOENT: no such file or directory, open 'E:\Windsurf-Qlib\qlib-frontend\node_modules\@antv\util\esm\lodash\src\lodash\index-of.ts'[39m[22m

[1m[33mWARNING[39m[22m in [1m./node_modules/@antv/util/esm/lodash/index.js[39m[22m
[1mModule Warning (from ./node_modules/source-map-loader/dist/cjs.js):
[1m[31mFailed[39m[22m[1m to parse source map from 'E:\Windsurf-Qlib\qlib-frontend\node_modules\@antv\util\esm\lodash\src\lodash\index.ts' file: [1m[31mError[39m[22m[1m: ENOENT: no such file or directory, open 'E:\Windsurf-Qlib\qlib-frontend\node_modules\@antv\util\esm\lodash\src\lodash\index.ts'[39m[22m

[1m[33mWARNING[39m[22m in [1m./node_modules/@antv/util/esm/lodash/is-arguments.js[39m[22m
[1mModule Warning (from ./node_modules/source-map-loader/dist/cjs.js):
[1m[31mFailed[39m[22m[1m to parse source map from 'E:\Windsurf-Qlib\qlib-frontend\node_modules\@antv\util\esm\lodash\src\lodash\is-arguments.ts' file: [1m[31mError[39m[22m[1m: ENOENT: no such file or directory, open 'E:\Windsurf-Qlib\qlib-frontend\node_modules\@antv\util\esm\lodash\src\lodash\is-arguments.ts'[39m[22m

[1m[33mWARNING[39m[22m in [1m./node_modules/@antv/util/esm/lodash/is-array-like.js[39m[22m
[1mModule Warning (from ./node_modules/source-map-loader/dist/cjs.js):
[1m[31mFailed[39m[22m[1m to parse source map from 'E:\Windsurf-Qlib\qlib-frontend\node_modules\@antv\util\esm\lodash\src\lodash\is-array-like.ts' file: [1m[31mError[39m[22m[1m: ENOENT: no such file or directory, open 'E:\Windsurf-Qlib\qlib-frontend\node_modules\@antv\util\esm\lodash\src\lodash\is-array-like.ts'[39m[22m

[1m[33mWARNING[39m[22m in [1m./node_modules/@antv/util/esm/lodash/is-array.js[39m[22m
[1mModule Warning (from ./node_modules/source-map-loader/dist/cjs.js):
[1m[31mFailed[39m[22m[1m to parse source map from 'E:\Windsurf-Qlib\qlib-frontend\node_modules\@antv\util\esm\lodash\src\lodash\is-array.ts' file: [1m[31mError[39m[22m[1m: ENOENT: no such file or directory, open 'E:\Windsurf-Qlib\qlib-frontend\node_modules\@antv\util\esm\lodash\src\lodash\is-array.ts'[39m[22m

[1m[33mWARNING[39m[22m in [1m./node_modules/@antv/util/esm/lodash/is-boolean.js[39m[22m
[1mModule Warning (from ./node_modules/source-map-loader/dist/cjs.js):
[1m[31mFailed[39m[22m[1m to parse source map from 'E:\Windsurf-Qlib\qlib-frontend\node_modules\@antv\util\esm\lodash\src\lodash\is-boolean.ts' file: [1m[31mError[39m[22m[1m: ENOENT: no such file or directory, open 'E:\Windsurf-Qlib\qlib-frontend\node_modules\@antv\util\esm\lodash\src\lodash\is-boolean.ts'[39m[22m

[1m[33mWARNING[39m[22m in [1m./node_modules/@antv/util/esm/lodash/is-date.js[39m[22m
[1mModule Warning (from ./node_modules/source-map-loader/dist/cjs.js):
[1m[31mFailed[39m[22m[1m to parse source map from 'E:\Windsurf-Qlib\qlib-frontend\node_modules\@antv\util\esm\lodash\src\lodash\is-date.ts' file: [1m[31mError[39m[22m[1m: ENOENT: no such file or directory, open 'E:\Windsurf-Qlib\qlib-frontend\node_modules\@antv\util\esm\lodash\src\lodash\is-date.ts'[39m[22m

[1m[33mWARNING[39m[22m in [1m./node_modules/@antv/util/esm/lodash/is-decimal.js[39m[22m
[1mModule Warning (from ./node_modules/source-map-loader/dist/cjs.js):
[1m[31mFailed[39m[22m[1m to parse source map from 'E:\Windsurf-Qlib\qlib-frontend\node_modules\@antv\util\esm\lodash\src\lodash\is-decimal.ts' file: [1m[31mError[39m[22m[1m: ENOENT: no such file or directory, open 'E:\Windsurf-Qlib\qlib-frontend\node_modules\@antv\util\esm\lodash\src\lodash\is-decimal.ts'[39m[22m

[1m[33mWARNING[39m[22m in [1m./node_modules/@antv/util/esm/lodash/is-element.js[39m[22m
[1mModule Warning (from ./node_modules/source-map-loader/dist/cjs.js):
[1m[31mFailed[39m[22m[1m to parse source map from 'E:\Windsurf-Qlib\qlib-frontend\node_modules\@antv\util\esm\lodash\src\lodash\is-element.ts' file: [1m[31mError[39m[22m[1m: ENOENT: no such file or directory, open 'E:\Windsurf-Qlib\qlib-frontend\node_modules\@antv\util\esm\lodash\src\lodash\is-element.ts'[39m[22m

[1m[33mWARNING[39m[22m in [1m./node_modules/@antv/util/esm/lodash/is-empty.js[39m[22m
[1mModule Warning (from ./node_modules/source-map-loader/dist/cjs.js):
[1m[31mFailed[39m[22m[1m to parse source map from 'E:\Windsurf-Qlib\qlib-frontend\node_modules\@antv\util\esm\lodash\src\lodash\is-empty.ts' file: [1m[31mError[39m[22m[1m: ENOENT: no such file or directory, open 'E:\Windsurf-Qlib\qlib-frontend\node_modules\@antv\util\esm\lodash\src\lodash\is-empty.ts'[39m[22m

[1m[33mWARNING[39m[22m in [1m./node_modules/@antv/util/esm/lodash/is-equal-with.js[39m[22m
[1mModule Warning (from ./node_modules/source-map-loader/dist/cjs.js):
[1m[31mFailed[39m[22m[1m to parse source map from 'E:\Windsurf-Qlib\qlib-frontend\node_modules\@antv\util\esm\lodash\src\lodash\is-equal-with.ts' file: [1m[31mError[39m[22m[1m: ENOENT: no such file or directory, open 'E:\Windsurf-Qlib\qlib-frontend\node_modules\@antv\util\esm\lodash\src\lodash\is-equal-with.ts'[39m[22m

[1m[33mWARNING[39m[22m in [1m./node_modules/@antv/util/esm/lodash/is-equal.js[39m[22m
[1mModule Warning (from ./node_modules/source-map-loader/dist/cjs.js):
[1m[31mFailed[39m[22m[1m to parse source map from 'E:\Windsurf-Qlib\qlib-frontend\node_modules\@antv\util\esm\lodash\src\lodash\is-equal.ts' file: [1m[31mError[39m[22m[1m: ENOENT: no such file or directory, open 'E:\Windsurf-Qlib\qlib-frontend\node_modules\@antv\util\esm\lodash\src\lodash\is-equal.ts'[39m[22m

[1m[33mWARNING[39m[22m in [1m./node_modules/@antv/util/esm/lodash/is-error.js[39m[22m
[1mModule Warning (from ./node_modules/source-map-loader/dist/cjs.js):
[1m[31mFailed[39m[22m[1m to parse source map from 'E:\Windsurf-Qlib\qlib-frontend\node_modules\@antv\util\esm\lodash\src\lodash\is-[1m[31merror[39m[22m[1m.ts' file: [1m[31mError[39m[22m[1m: ENOENT: no such file or directory, open 'E:\Windsurf-Qlib\qlib-frontend\node_modules\@antv\util\esm\lodash\src\lodash\is-[1m[31merror[39m[22m[1m.ts'[39m[22m

[1m[33mWARNING[39m[22m in [1m./node_modules/@antv/util/esm/lodash/is-even.js[39m[22m
[1mModule Warning (from ./node_modules/source-map-loader/dist/cjs.js):
[1m[31mFailed[39m[22m[1m to parse source map from 'E:\Windsurf-Qlib\qlib-frontend\node_modules\@antv\util\esm\lodash\src\lodash\is-even.ts' file: [1m[31mError[39m[22m[1m: ENOENT: no such file or directory, open 'E:\Windsurf-Qlib\qlib-frontend\node_modules\@antv\util\esm\lodash\src\lodash\is-even.ts'[39m[22m

[1m[33mWARNING[39m[22m in [1m./node_modules/@antv/util/esm/lodash/is-finite.js[39m[22m
[1mModule Warning (from ./node_modules/source-map-loader/dist/cjs.js):
[1m[31mFailed[39m[22m[1m to parse source map from 'E:\Windsurf-Qlib\qlib-frontend\node_modules\@antv\util\esm\lodash\src\lodash\is-finite.ts' file: [1m[31mError[39m[22m[1m: ENOENT: no such file or directory, open 'E:\Windsurf-Qlib\qlib-frontend\node_modules\@antv\util\esm\lodash\src\lodash\is-finite.ts'[39m[22m

[1m[33mWARNING[39m[22m in [1m./node_modules/@antv/util/esm/lodash/is-function.js[39m[22m
[1mModule Warning (from ./node_modules/source-map-loader/dist/cjs.js):
[1m[31mFailed[39m[22m[1m to parse source map from 'E:\Windsurf-Qlib\qlib-frontend\node_modules\@antv\util\esm\lodash\src\lodash\is-function.ts' file: [1m[31mError[39m[22m[1m: ENOENT: no such file or directory, open 'E:\Windsurf-Qlib\qlib-frontend\node_modules\@antv\util\esm\lodash\src\lodash\is-function.ts'[39m[22m

[1m[33mWARNING[39m[22m in [1m./node_modules/@antv/util/esm/lodash/is-integer.js[39m[22m
[1mModule Warning (from ./node_modules/source-map-loader/dist/cjs.js):
[1m[31mFailed[39m[22m[1m to parse source map from 'E:\Windsurf-Qlib\qlib-frontend\node_modules\@antv\util\esm\lodash\src\lodash\is-integer.ts' file: [1m[31mError[39m[22m[1m: ENOENT: no such file or directory, open 'E:\Windsurf-Qlib\qlib-frontend\node_modules\@antv\util\esm\lodash\src\lodash\is-integer.ts'[39m[22m

[1m[33mWARNING[39m[22m in [1m./node_modules/@antv/util/esm/lodash/is-match.js[39m[22m
[1mModule Warning (from ./node_modules/source-map-loader/dist/cjs.js):
[1m[31mFailed[39m[22m[1m to parse source map from 'E:\Windsurf-Qlib\qlib-frontend\node_modules\@antv\util\esm\lodash\src\lodash\is-match.ts' file: [1m[31mError[39m[22m[1m: ENOENT: no such file or directory, open 'E:\Windsurf-Qlib\qlib-frontend\node_modules\@antv\util\esm\lodash\src\lodash\is-match.ts'[39m[22m

[1m[33mWARNING[39m[22m in [1m./node_modules/@antv/util/esm/lodash/is-negative.js[39m[22m
[1mModule Warning (from ./node_modules/source-map-loader/dist/cjs.js):
[1m[31mFailed[39m[22m[1m to parse source map from 'E:\Windsurf-Qlib\qlib-frontend\node_modules\@antv\util\esm\lodash\src\lodash\is-negative.ts' file: [1m[31mError[39m[22m[1m: ENOENT: no such file or directory, open 'E:\Windsurf-Qlib\qlib-frontend\node_modules\@antv\util\esm\lodash\src\lodash\is-negative.ts'[39m[22m

[1m[33mWARNING[39m[22m in [1m./node_modules/@antv/util/esm/lodash/is-nil.js[39m[22m
[1mModule Warning (from ./node_modules/source-map-loader/dist/cjs.js):
[1m[31mFailed[39m[22m[1m to parse source map from 'E:\Windsurf-Qlib\qlib-frontend\node_modules\@antv\util\esm\lodash\src\lodash\is-nil.ts' file: [1m[31mError[39m[22m[1m: ENOENT: no such file or directory, open 'E:\Windsurf-Qlib\qlib-frontend\node_modules\@antv\util\esm\lodash\src\lodash\is-nil.ts'[39m[22m

[1m[33mWARNING[39m[22m in [1m./node_modules/@antv/util/esm/lodash/is-null.js[39m[22m
[1mModule Warning (from ./node_modules/source-map-loader/dist/cjs.js):
[1m[31mFailed[39m[22m[1m to parse source map from 'E:\Windsurf-Qlib\qlib-frontend\node_modules\@antv\util\esm\lodash\src\lodash\is-null.ts' file: [1m[31mError[39m[22m[1m: ENOENT: no such file or directory, open 'E:\Windsurf-Qlib\qlib-frontend\node_modules\@antv\util\esm\lodash\src\lodash\is-null.ts'[39m[22m

[1m[33mWARNING[39m[22m in [1m./node_modules/@antv/util/esm/lodash/is-number-equal.js[39m[22m
[1mModule Warning (from ./node_modules/source-map-loader/dist/cjs.js):
[1m[31mFailed[39m[22m[1m to parse source map from 'E:\Windsurf-Qlib\qlib-frontend\node_modules\@antv\util\esm\lodash\src\lodash\is-number-equal.ts' file: [1m[31mError[39m[22m[1m: ENOENT: no such file or directory, open 'E:\Windsurf-Qlib\qlib-frontend\node_modules\@antv\util\esm\lodash\src\lodash\is-number-equal.ts'[39m[22m

[1m[33mWARNING[39m[22m in [1m./node_modules/@antv/util/esm/lodash/is-number.js[39m[22m
[1mModule Warning (from ./node_modules/source-map-loader/dist/cjs.js):
[1m[31mFailed[39m[22m[1m to parse source map from 'E:\Windsurf-Qlib\qlib-frontend\node_modules\@antv\util\esm\lodash\src\lodash\is-number.ts' file: [1m[31mError[39m[22m[1m: ENOENT: no such file or directory, open 'E:\Windsurf-Qlib\qlib-frontend\node_modules\@antv\util\esm\lodash\src\lodash\is-number.ts'[39m[22m

[1m[33mWARNING[39m[22m in [1m./node_modules/@antv/util/esm/lodash/is-object-like.js[39m[22m
[1mModule Warning (from ./node_modules/source-map-loader/dist/cjs.js):
[1m[31mFailed[39m[22m[1m to parse source map from 'E:\Windsurf-Qlib\qlib-frontend\node_modules\@antv\util\esm\lodash\src\lodash\is-object-like.ts' file: [1m[31mError[39m[22m[1m: ENOENT: no such file or directory, open 'E:\Windsurf-Qlib\qlib-frontend\node_modules\@antv\util\esm\lodash\src\lodash\is-object-like.ts'[39m[22m

[1m[33mWARNING[39m[22m in [1m./node_modules/@antv/util/esm/lodash/is-object.js[39m[22m
[1mModule Warning (from ./node_modules/source-map-loader/dist/cjs.js):
[1m[31mFailed[39m[22m[1m to parse source map from 'E:\Windsurf-Qlib\qlib-frontend\node_modules\@antv\util\esm\lodash\src\lodash\is-object.ts' file: [1m[31mError[39m[22m[1m: ENOENT: no such file or directory, open 'E:\Windsurf-Qlib\qlib-frontend\node_modules\@antv\util\esm\lodash\src\lodash\is-object.ts'[39m[22m

[1m[33mWARNING[39m[22m in [1m./node_modules/@antv/util/esm/lodash/is-odd.js[39m[22m
[1mModule Warning (from ./node_modules/source-map-loader/dist/cjs.js):
[1m[31mFailed[39m[22m[1m to parse source map from 'E:\Windsurf-Qlib\qlib-frontend\node_modules\@antv\util\esm\lodash\src\lodash\is-odd.ts' file: [1m[31mError[39m[22m[1m: ENOENT: no such file or directory, open 'E:\Windsurf-Qlib\qlib-frontend\node_modules\@antv\util\esm\lodash\src\lodash\is-odd.ts'[39m[22m

[1m[33mWARNING[39m[22m in [1m./node_modules/@antv/util/esm/lodash/is-plain-object.js[39m[22m
[1mModule Warning (from ./node_modules/source-map-loader/dist/cjs.js):
[1m[31mFailed[39m[22m[1m to parse source map from 'E:\Windsurf-Qlib\qlib-frontend\node_modules\@antv\util\esm\lodash\src\lodash\is-plain-object.ts' file: [1m[31mError[39m[22m[1m: ENOENT: no such file or directory, open 'E:\Windsurf-Qlib\qlib-frontend\node_modules\@antv\util\esm\lodash\src\lodash\is-plain-object.ts'[39m[22m

[1m[33mWARNING[39m[22m in [1m./node_modules/@antv/util/esm/lodash/is-positive.js[39m[22m
[1mModule Warning (from ./node_modules/source-map-loader/dist/cjs.js):
[1m[31mFailed[39m[22m[1m to parse source map from 'E:\Windsurf-Qlib\qlib-frontend\node_modules\@antv\util\esm\lodash\src\lodash\is-positive.ts' file: [1m[31mError[39m[22m[1m: ENOENT: no such file or directory, open 'E:\Windsurf-Qlib\qlib-frontend\node_modules\@antv\util\esm\lodash\src\lodash\is-positive.ts'[39m[22m

[1m[33mWARNING[39m[22m in [1m./node_modules/@antv/util/esm/lodash/is-prototype.js[39m[22m
[1mModule Warning (from ./node_modules/source-map-loader/dist/cjs.js):
[1m[31mFailed[39m[22m[1m to parse source map from 'E:\Windsurf-Qlib\qlib-frontend\node_modules\@antv\util\esm\lodash\src\lodash\is-prototype.ts' file: [1m[31mError[39m[22m[1m: ENOENT: no such file or directory, open 'E:\Windsurf-Qlib\qlib-frontend\node_modules\@antv\util\esm\lodash\src\lodash\is-prototype.ts'[39m[22m

[1m[33mWARNING[39m[22m in [1m./node_modules/@antv/util/esm/lodash/is-reg-exp.js[39m[22m
[1mModule Warning (from ./node_modules/source-map-loader/dist/cjs.js):
[1m[31mFailed[39m[22m[1m to parse source map from 'E:\Windsurf-Qlib\qlib-frontend\node_modules\@antv\util\esm\lodash\src\lodash\is-reg-exp.ts' file: [1m[31mError[39m[22m[1m: ENOENT: no such file or directory, open 'E:\Windsurf-Qlib\qlib-frontend\node_modules\@antv\util\esm\lodash\src\lodash\is-reg-exp.ts'[39m[22m

[1m[33mWARNING[39m[22m in [1m./node_modules/@antv/util/esm/lodash/is-string.js[39m[22m
[1mModule Warning (from ./node_modules/source-map-loader/dist/cjs.js):
[1m[31mFailed[39m[22m[1m to parse source map from 'E:\Windsurf-Qlib\qlib-frontend\node_modules\@antv\util\esm\lodash\src\lodash\is-string.ts' file: [1m[31mError[39m[22m[1m: ENOENT: no such file or directory, open 'E:\Windsurf-Qlib\qlib-frontend\node_modules\@antv\util\esm\lodash\src\lodash\is-string.ts'[39m[22m

[1m[33mWARNING[39m[22m in [1m./node_modules/@antv/util/esm/lodash/is-type.js[39m[22m
[1mModule Warning (from ./node_modules/source-map-loader/dist/cjs.js):
[1m[31mFailed[39m[22m[1m to parse source map from 'E:\Windsurf-Qlib\qlib-frontend\node_modules\@antv\util\esm\lodash\src\lodash\is-type.ts' file: [1m[31mError[39m[22m[1m: ENOENT: no such file or directory, open 'E:\Windsurf-Qlib\qlib-frontend\node_modules\@antv\util\esm\lodash\src\lodash\is-type.ts'[39m[22m

[1m[33mWARNING[39m[22m in [1m./node_modules/@antv/util/esm/lodash/is-undefined.js[39m[22m
[1mModule Warning (from ./node_modules/source-map-loader/dist/cjs.js):
[1m[31mFailed[39m[22m[1m to parse source map from 'E:\Windsurf-Qlib\qlib-frontend\node_modules\@antv\util\esm\lodash\src\lodash\is-undefined.ts' file: [1m[31mError[39m[22m[1m: ENOENT: no such file or directory, open 'E:\Windsurf-Qlib\qlib-frontend\node_modules\@antv\util\esm\lodash\src\lodash\is-undefined.ts'[39m[22m

[1m[33mWARNING[39m[22m in [1m./node_modules/@antv/util/esm/lodash/keys.js[39m[22m
[1mModule Warning (from ./node_modules/source-map-loader/dist/cjs.js):
[1m[31mFailed[39m[22m[1m to parse source map from 'E:\Windsurf-Qlib\qlib-frontend\node_modules\@antv\util\esm\lodash\src\lodash\keys.ts' file: [1m[31mError[39m[22m[1m: ENOENT: no such file or directory, open 'E:\Windsurf-Qlib\qlib-frontend\node_modules\@antv\util\esm\lodash\src\lodash\keys.ts'[39m[22m

[1m[33mWARNING[39m[22m in [1m./node_modules/@antv/util/esm/lodash/last.js[39m[22m
[1mModule Warning (from ./node_modules/source-map-loader/dist/cjs.js):
[1m[31mFailed[39m[22m[1m to parse source map from 'E:\Windsurf-Qlib\qlib-frontend\node_modules\@antv\util\esm\lodash\src\lodash\last.ts' file: [1m[31mError[39m[22m[1m: ENOENT: no such file or directory, open 'E:\Windsurf-Qlib\qlib-frontend\node_modules\@antv\util\esm\lodash\src\lodash\last.ts'[39m[22m

[1m[33mWARNING[39m[22m in [1m./node_modules/@antv/util/esm/lodash/lower-case.js[39m[22m
[1mModule Warning (from ./node_modules/source-map-loader/dist/cjs.js):
[1m[31mFailed[39m[22m[1m to parse source map from 'E:\Windsurf-Qlib\qlib-frontend\node_modules\@antv\util\esm\lodash\src\lodash\lower-case.ts' file: [1m[31mError[39m[22m[1m: ENOENT: no such file or directory, open 'E:\Windsurf-Qlib\qlib-frontend\node_modules\@antv\util\esm\lodash\src\lodash\lower-case.ts'[39m[22m

[1m[33mWARNING[39m[22m in [1m./node_modules/@antv/util/esm/lodash/lower-first.js[39m[22m
[1mModule Warning (from ./node_modules/source-map-loader/dist/cjs.js):
[1m[31mFailed[39m[22m[1m to parse source map from 'E:\Windsurf-Qlib\qlib-frontend\node_modules\@antv\util\esm\lodash\src\lodash\lower-first.ts' file: [1m[31mError[39m[22m[1m: ENOENT: no such file or directory, open 'E:\Windsurf-Qlib\qlib-frontend\node_modules\@antv\util\esm\lodash\src\lodash\lower-first.ts'[39m[22m

[1m[33mWARNING[39m[22m in [1m./node_modules/@antv/util/esm/lodash/map-values.js[39m[22m
[1mModule Warning (from ./node_modules/source-map-loader/dist/cjs.js):
[1m[31mFailed[39m[22m[1m to parse source map from 'E:\Windsurf-Qlib\qlib-frontend\node_modules\@antv\util\esm\lodash\src\lodash\map-values.ts' file: [1m[31mError[39m[22m[1m: ENOENT: no such file or directory, open 'E:\Windsurf-Qlib\qlib-frontend\node_modules\@antv\util\esm\lodash\src\lodash\map-values.ts'[39m[22m

[1m[33mWARNING[39m[22m in [1m./node_modules/@antv/util/esm/lodash/map.js[39m[22m
[1mModule Warning (from ./node_modules/source-map-loader/dist/cjs.js):
[1m[31mFailed[39m[22m[1m to parse source map from 'E:\Windsurf-Qlib\qlib-frontend\node_modules\@antv\util\esm\lodash\src\lodash\map.ts' file: [1m[31mError[39m[22m[1m: ENOENT: no such file or directory, open 'E:\Windsurf-Qlib\qlib-frontend\node_modules\@antv\util\esm\lodash\src\lodash\map.ts'[39m[22m

[1m[33mWARNING[39m[22m in [1m./node_modules/@antv/util/esm/lodash/max-by.js[39m[22m
[1mModule Warning (from ./node_modules/source-map-loader/dist/cjs.js):
[1m[31mFailed[39m[22m[1m to parse source map from 'E:\Windsurf-Qlib\qlib-frontend\node_modules\@antv\util\esm\lodash\src\lodash\max-by.ts' file: [1m[31mError[39m[22m[1m: ENOENT: no such file or directory, open 'E:\Windsurf-Qlib\qlib-frontend\node_modules\@antv\util\esm\lodash\src\lodash\max-by.ts'[39m[22m

[1m[33mWARNING[39m[22m in [1m./node_modules/@antv/util/esm/lodash/max.js[39m[22m
[1mModule Warning (from ./node_modules/source-map-loader/dist/cjs.js):
[1m[31mFailed[39m[22m[1m to parse source map from 'E:\Windsurf-Qlib\qlib-frontend\node_modules\@antv\util\esm\lodash\src\lodash\max.ts' file: [1m[31mError[39m[22m[1m: ENOENT: no such file or directory, open 'E:\Windsurf-Qlib\qlib-frontend\node_modules\@antv\util\esm\lodash\src\lodash\max.ts'[39m[22m

[1m[33mWARNING[39m[22m in [1m./node_modules/@antv/util/esm/lodash/memoize.js[39m[22m
[1mModule Warning (from ./node_modules/source-map-loader/dist/cjs.js):
[1m[31mFailed[39m[22m[1m to parse source map from 'E:\Windsurf-Qlib\qlib-frontend\node_modules\@antv\util\esm\lodash\src\lodash\memoize.ts' file: [1m[31mError[39m[22m[1m: ENOENT: no such file or directory, open 'E:\Windsurf-Qlib\qlib-frontend\node_modules\@antv\util\esm\lodash\src\lodash\memoize.ts'[39m[22m

[1m[33mWARNING[39m[22m in [1m./node_modules/@antv/util/esm/lodash/min-by.js[39m[22m
[1mModule Warning (from ./node_modules/source-map-loader/dist/cjs.js):
[1m[31mFailed[39m[22m[1m to parse source map from 'E:\Windsurf-Qlib\qlib-frontend\node_modules\@antv\util\esm\lodash\src\lodash\min-by.ts' file: [1m[31mError[39m[22m[1m: ENOENT: no such file or directory, open 'E:\Windsurf-Qlib\qlib-frontend\node_modules\@antv\util\esm\lodash\src\lodash\min-by.ts'[39m[22m

[1m[33mWARNING[39m[22m in [1m./node_modules/@antv/util/esm/lodash/min.js[39m[22m
[1mModule Warning (from ./node_modules/source-map-loader/dist/cjs.js):
[1m[31mFailed[39m[22m[1m to parse source map from 'E:\Windsurf-Qlib\qlib-frontend\node_modules\@antv\util\esm\lodash\src\lodash\min.ts' file: [1m[31mError[39m[22m[1m: ENOENT: no such file or directory, open 'E:\Windsurf-Qlib\qlib-frontend\node_modules\@antv\util\esm\lodash\src\lodash\min.ts'[39m[22m

[1m[33mWARNING[39m[22m in [1m./node_modules/@antv/util/esm/lodash/mix.js[39m[22m
[1mModule Warning (from ./node_modules/source-map-loader/dist/cjs.js):
[1m[31mFailed[39m[22m[1m to parse source map from 'E:\Windsurf-Qlib\qlib-frontend\node_modules\@antv\util\esm\lodash\src\lodash\mix.ts' file: [1m[31mError[39m[22m[1m: ENOENT: no such file or directory, open 'E:\Windsurf-Qlib\qlib-frontend\node_modules\@antv\util\esm\lodash\src\lodash\mix.ts'[39m[22m

[1m[33mWARNING[39m[22m in [1m./node_modules/@antv/util/esm/lodash/mod.js[39m[22m
[1mModule Warning (from ./node_modules/source-map-loader/dist/cjs.js):
[1m[31mFailed[39m[22m[1m to parse source map from 'E:\Windsurf-Qlib\qlib-frontend\node_modules\@antv\util\esm\lodash\src\lodash\mod.ts' file: [1m[31mError[39m[22m[1m: ENOENT: no such file or directory, open 'E:\Windsurf-Qlib\qlib-frontend\node_modules\@antv\util\esm\lodash\src\lodash\mod.ts'[39m[22m

[1m[33mWARNING[39m[22m in [1m./node_modules/@antv/util/esm/lodash/noop.js[39m[22m
[1mModule Warning (from ./node_modules/source-map-loader/dist/cjs.js):
[1m[31mFailed[39m[22m[1m to parse source map from 'E:\Windsurf-Qlib\qlib-frontend\node_modules\@antv\util\esm\lodash\src\lodash\noop.ts' file: [1m[31mError[39m[22m[1m: ENOENT: no such file or directory, open 'E:\Windsurf-Qlib\qlib-frontend\node_modules\@antv\util\esm\lodash\src\lodash\noop.ts'[39m[22m

[1m[33mWARNING[39m[22m in [1m./node_modules/@antv/util/esm/lodash/number2color.js[39m[22m
[1mModule Warning (from ./node_modules/source-map-loader/dist/cjs.js):
[1m[31mFailed[39m[22m[1m to parse source map from 'E:\Windsurf-Qlib\qlib-frontend\node_modules\@antv\util\esm\lodash\src\lodash\number2color.ts' file: [1m[31mError[39m[22m[1m: ENOENT: no such file or directory, open 'E:\Windsurf-Qlib\qlib-frontend\node_modules\@antv\util\esm\lodash\src\lodash\number2color.ts'[39m[22m

[1m[33mWARNING[39m[22m in [1m./node_modules/@antv/util/esm/lodash/omit.js[39m[22m
[1mModule Warning (from ./node_modules/source-map-loader/dist/cjs.js):
[1m[31mFailed[39m[22m[1m to parse source map from 'E:\Windsurf-Qlib\qlib-frontend\node_modules\@antv\util\esm\lodash\src\lodash\omit.ts' file: [1m[31mError[39m[22m[1m: ENOENT: no such file or directory, open 'E:\Windsurf-Qlib\qlib-frontend\node_modules\@antv\util\esm\lodash\src\lodash\omit.ts'[39m[22m

[1m[33mWARNING[39m[22m in [1m./node_modules/@antv/util/esm/lodash/parse-radius.js[39m[22m
[1mModule Warning (from ./node_modules/source-map-loader/dist/cjs.js):
[1m[31mFailed[39m[22m[1m to parse source map from 'E:\Windsurf-Qlib\qlib-frontend\node_modules\@antv\util\esm\lodash\src\lodash\parse-radius.ts' file: [1m[31mError[39m[22m[1m: ENOENT: no such file or directory, open 'E:\Windsurf-Qlib\qlib-frontend\node_modules\@antv\util\esm\lodash\src\lodash\parse-radius.ts'[39m[22m

[1m[33mWARNING[39m[22m in [1m./node_modules/@antv/util/esm/lodash/pick.js[39m[22m
[1mModule Warning (from ./node_modules/source-map-loader/dist/cjs.js):
[1m[31mFailed[39m[22m[1m to parse source map from 'E:\Windsurf-Qlib\qlib-frontend\node_modules\@antv\util\esm\lodash\src\lodash\pick.ts' file: [1m[31mError[39m[22m[1m: ENOENT: no such file or directory, open 'E:\Windsurf-Qlib\qlib-frontend\node_modules\@antv\util\esm\lodash\src\lodash\pick.ts'[39m[22m

[1m[33mWARNING[39m[22m in [1m./node_modules/@antv/util/esm/lodash/pull-at.js[39m[22m
[1mModule Warning (from ./node_modules/source-map-loader/dist/cjs.js):
[1m[31mFailed[39m[22m[1m to parse source map from 'E:\Windsurf-Qlib\qlib-frontend\node_modules\@antv\util\esm\lodash\src\lodash\pull-at.ts' file: [1m[31mError[39m[22m[1m: ENOENT: no such file or directory, open 'E:\Windsurf-Qlib\qlib-frontend\node_modules\@antv\util\esm\lodash\src\lodash\pull-at.ts'[39m[22m

[1m[33mWARNING[39m[22m in [1m./node_modules/@antv/util/esm/lodash/pull.js[39m[22m
[1mModule Warning (from ./node_modules/source-map-loader/dist/cjs.js):
[1m[31mFailed[39m[22m[1m to parse source map from 'E:\Windsurf-Qlib\qlib-frontend\node_modules\@antv\util\esm\lodash\src\lodash\pull.ts' file: [1m[31mError[39m[22m[1m: ENOENT: no such file or directory, open 'E:\Windsurf-Qlib\qlib-frontend\node_modules\@antv\util\esm\lodash\src\lodash\pull.ts'[39m[22m

[1m[33mWARNING[39m[22m in [1m./node_modules/@antv/util/esm/lodash/reduce.js[39m[22m
[1mModule Warning (from ./node_modules/source-map-loader/dist/cjs.js):
[1m[31mFailed[39m[22m[1m to parse source map from 'E:\Windsurf-Qlib\qlib-frontend\node_modules\@antv\util\esm\lodash\src\lodash\reduce.ts' file: [1m[31mError[39m[22m[1m: ENOENT: no such file or directory, open 'E:\Windsurf-Qlib\qlib-frontend\node_modules\@antv\util\esm\lodash\src\lodash\reduce.ts'[39m[22m

[1m[33mWARNING[39m[22m in [1m./node_modules/@antv/util/esm/lodash/remove.js[39m[22m
[1mModule Warning (from ./node_modules/source-map-loader/dist/cjs.js):
[1m[31mFailed[39m[22m[1m to parse source map from 'E:\Windsurf-Qlib\qlib-frontend\node_modules\@antv\util\esm\lodash\src\lodash\remove.ts' file: [1m[31mError[39m[22m[1m: ENOENT: no such file or directory, open 'E:\Windsurf-Qlib\qlib-frontend\node_modules\@antv\util\esm\lodash\src\lodash\remove.ts'[39m[22m

[1m[33mWARNING[39m[22m in [1m./node_modules/@antv/util/esm/lodash/request-animation-frame.js[39m[22m
[1mModule Warning (from ./node_modules/source-map-loader/dist/cjs.js):
[1m[31mFailed[39m[22m[1m to parse source map from 'E:\Windsurf-Qlib\qlib-frontend\node_modules\@antv\util\esm\lodash\src\lodash\request-animation-frame.ts' file: [1m[31mError[39m[22m[1m: ENOENT: no such file or directory, open 'E:\Windsurf-Qlib\qlib-frontend\node_modules\@antv\util\esm\lodash\src\lodash\request-animation-frame.ts'[39m[22m

[1m[33mWARNING[39m[22m in [1m./node_modules/@antv/util/esm/lodash/set.js[39m[22m
[1mModule Warning (from ./node_modules/source-map-loader/dist/cjs.js):
[1m[31mFailed[39m[22m[1m to parse source map from 'E:\Windsurf-Qlib\qlib-frontend\node_modules\@antv\util\esm\lodash\src\lodash\set.ts' file: [1m[31mError[39m[22m[1m: ENOENT: no such file or directory, open 'E:\Windsurf-Qlib\qlib-frontend\node_modules\@antv\util\esm\lodash\src\lodash\set.ts'[39m[22m

[1m[33mWARNING[39m[22m in [1m./node_modules/@antv/util/esm/lodash/size.js[39m[22m
[1mModule Warning (from ./node_modules/source-map-loader/dist/cjs.js):
[1m[31mFailed[39m[22m[1m to parse source map from 'E:\Windsurf-Qlib\qlib-frontend\node_modules\@antv\util\esm\lodash\src\lodash\size.ts' file: [1m[31mError[39m[22m[1m: ENOENT: no such file or directory, open 'E:\Windsurf-Qlib\qlib-frontend\node_modules\@antv\util\esm\lodash\src\lodash\size.ts'[39m[22m

[1m[33mWARNING[39m[22m in [1m./node_modules/@antv/util/esm/lodash/some.js[39m[22m
[1mModule Warning (from ./node_modules/source-map-loader/dist/cjs.js):
[1m[31mFailed[39m[22m[1m to parse source map from 'E:\Windsurf-Qlib\qlib-frontend\node_modules\@antv\util\esm\lodash\src\lodash\some.ts' file: [1m[31mError[39m[22m[1m: ENOENT: no such file or directory, open 'E:\Windsurf-Qlib\qlib-frontend\node_modules\@antv\util\esm\lodash\src\lodash\some.ts'[39m[22m

[1m[33mWARNING[39m[22m in [1m./node_modules/@antv/util/esm/lodash/sort-by.js[39m[22m
[1mModule Warning (from ./node_modules/source-map-loader/dist/cjs.js):
[1m[31mFailed[39m[22m[1m to parse source map from 'E:\Windsurf-Qlib\qlib-frontend\node_modules\@antv\util\esm\lodash\src\lodash\sort-by.ts' file: [1m[31mError[39m[22m[1m: ENOENT: no such file or directory, open 'E:\Windsurf-Qlib\qlib-frontend\node_modules\@antv\util\esm\lodash\src\lodash\sort-by.ts'[39m[22m

[1m[33mWARNING[39m[22m in [1m./node_modules/@antv/util/esm/lodash/starts-with.js[39m[22m
[1mModule Warning (from ./node_modules/source-map-loader/dist/cjs.js):
[1m[31mFailed[39m[22m[1m to parse source map from 'E:\Windsurf-Qlib\qlib-frontend\node_modules\@antv\util\esm\lodash\src\lodash\starts-with.ts' file: [1m[31mError[39m[22m[1m: ENOENT: no such file or directory, open 'E:\Windsurf-Qlib\qlib-frontend\node_modules\@antv\util\esm\lodash\src\lodash\starts-with.ts'[39m[22m

[1m[33mWARNING[39m[22m in [1m./node_modules/@antv/util/esm/lodash/substitute.js[39m[22m
[1mModule Warning (from ./node_modules/source-map-loader/dist/cjs.js):
[1m[31mFailed[39m[22m[1m to parse source map from 'E:\Windsurf-Qlib\qlib-frontend\node_modules\@antv\util\esm\lodash\src\lodash\substitute.ts' file: [1m[31mError[39m[22m[1m: ENOENT: no such file or directory, open 'E:\Windsurf-Qlib\qlib-frontend\node_modules\@antv\util\esm\lodash\src\lodash\substitute.ts'[39m[22m

[1m[33mWARNING[39m[22m in [1m./node_modules/@antv/util/esm/lodash/throttle.js[39m[22m
[1mModule Warning (from ./node_modules/source-map-loader/dist/cjs.js):
[1m[31mFailed[39m[22m[1m to parse source map from 'E:\Windsurf-Qlib\qlib-frontend\node_modules\@antv\util\esm\lodash\src\lodash\throttle.ts' file: [1m[31mError[39m[22m[1m: ENOENT: no such file or directory, open 'E:\Windsurf-Qlib\qlib-frontend\node_modules\@antv\util\esm\lodash\src\lodash\throttle.ts'[39m[22m

[1m[33mWARNING[39m[22m in [1m./node_modules/@antv/util/esm/lodash/to-array.js[39m[22m
[1mModule Warning (from ./node_modules/source-map-loader/dist/cjs.js):
[1m[31mFailed[39m[22m[1m to parse source map from 'E:\Windsurf-Qlib\qlib-frontend\node_modules\@antv\util\esm\lodash\src\lodash\to-array.ts' file: [1m[31mError[39m[22m[1m: ENOENT: no such file or directory, open 'E:\Windsurf-Qlib\qlib-frontend\node_modules\@antv\util\esm\lodash\src\lodash\to-array.ts'[39m[22m

[1m[33mWARNING[39m[22m in [1m./node_modules/@antv/util/esm/lodash/to-degree.js[39m[22m
[1mModule Warning (from ./node_modules/source-map-loader/dist/cjs.js):
[1m[31mFailed[39m[22m[1m to parse source map from 'E:\Windsurf-Qlib\qlib-frontend\node_modules\@antv\util\esm\lodash\src\lodash\to-degree.ts' file: [1m[31mError[39m[22m[1m: ENOENT: no such file or directory, open 'E:\Windsurf-Qlib\qlib-frontend\node_modules\@antv\util\esm\lodash\src\lodash\to-degree.ts'[39m[22m

[1m[33mWARNING[39m[22m in [1m./node_modules/@antv/util/esm/lodash/to-integer.js[39m[22m
[1mModule Warning (from ./node_modules/source-map-loader/dist/cjs.js):
[1m[31mFailed[39m[22m[1m to parse source map from 'E:\Windsurf-Qlib\qlib-frontend\node_modules\@antv\util\esm\lodash\src\lodash\to-integer.ts' file: [1m[31mError[39m[22m[1m: ENOENT: no such file or directory, open 'E:\Windsurf-Qlib\qlib-frontend\node_modules\@antv\util\esm\lodash\src\lodash\to-integer.ts'[39m[22m

[1m[33mWARNING[39m[22m in [1m./node_modules/@antv/util/esm/lodash/to-radian.js[39m[22m
[1mModule Warning (from ./node_modules/source-map-loader/dist/cjs.js):
[1m[31mFailed[39m[22m[1m to parse source map from 'E:\Windsurf-Qlib\qlib-frontend\node_modules\@antv\util\esm\lodash\src\lodash\to-radian.ts' file: [1m[31mError[39m[22m[1m: ENOENT: no such file or directory, open 'E:\Windsurf-Qlib\qlib-frontend\node_modules\@antv\util\esm\lodash\src\lodash\to-radian.ts'[39m[22m

[1m[33mWARNING[39m[22m in [1m./node_modules/@antv/util/esm/lodash/to-string.js[39m[22m
[1mModule Warning (from ./node_modules/source-map-loader/dist/cjs.js):
[1m[31mFailed[39m[22m[1m to parse source map from 'E:\Windsurf-Qlib\qlib-frontend\node_modules\@antv\util\esm\lodash\src\lodash\to-string.ts' file: [1m[31mError[39m[22m[1m: ENOENT: no such file or directory, open 'E:\Windsurf-Qlib\qlib-frontend\node_modules\@antv\util\esm\lodash\src\lodash\to-string.ts'[39m[22m

[1m[33mWARNING[39m[22m in [1m./node_modules/@antv/util/esm/lodash/union.js[39m[22m
[1mModule Warning (from ./node_modules/source-map-loader/dist/cjs.js):
[1m[31mFailed[39m[22m[1m to parse source map from 'E:\Windsurf-Qlib\qlib-frontend\node_modules\@antv\util\esm\lodash\src\lodash\union.ts' file: [1m[31mError[39m[22m[1m: ENOENT: no such file or directory, open 'E:\Windsurf-Qlib\qlib-frontend\node_modules\@antv\util\esm\lodash\src\lodash\union.ts'[39m[22m

[1m[33mWARNING[39m[22m in [1m./node_modules/@antv/util/esm/lodash/uniq.js[39m[22m
[1mModule Warning (from ./node_modules/source-map-loader/dist/cjs.js):
[1m[31mFailed[39m[22m[1m to parse source map from 'E:\Windsurf-Qlib\qlib-frontend\node_modules\@antv\util\esm\lodash\src\lodash\uniq.ts' file: [1m[31mError[39m[22m[1m: ENOENT: no such file or directory, open 'E:\Windsurf-Qlib\qlib-frontend\node_modules\@antv\util\esm\lodash\src\lodash\uniq.ts'[39m[22m

[1m[33mWARNING[39m[22m in [1m./node_modules/@antv/util/esm/lodash/unique-id.js[39m[22m
[1mModule Warning (from ./node_modules/source-map-loader/dist/cjs.js):
[1m[31mFailed[39m[22m[1m to parse source map from 'E:\Windsurf-Qlib\qlib-frontend\node_modules\@antv\util\esm\lodash\src\lodash\unique-id.ts' file: [1m[31mError[39m[22m[1m: ENOENT: no such file or directory, open 'E:\Windsurf-Qlib\qlib-frontend\node_modules\@antv\util\esm\lodash\src\lodash\unique-id.ts'[39m[22m

[1m[33mWARNING[39m[22m in [1m./node_modules/@antv/util/esm/lodash/upper-case.js[39m[22m
[1mModule Warning (from ./node_modules/source-map-loader/dist/cjs.js):
[1m[31mFailed[39m[22m[1m to parse source map from 'E:\Windsurf-Qlib\qlib-frontend\node_modules\@antv\util\esm\lodash\src\lodash\upper-case.ts' file: [1m[31mError[39m[22m[1m: ENOENT: no such file or directory, open 'E:\Windsurf-Qlib\qlib-frontend\node_modules\@antv\util\esm\lodash\src\lodash\upper-case.ts'[39m[22m

[1m[33mWARNING[39m[22m in [1m./node_modules/@antv/util/esm/lodash/upper-first.js[39m[22m
[1mModule Warning (from ./node_modules/source-map-loader/dist/cjs.js):
[1m[31mFailed[39m[22m[1m to parse source map from 'E:\Windsurf-Qlib\qlib-frontend\node_modules\@antv\util\esm\lodash\src\lodash\upper-first.ts' file: [1m[31mError[39m[22m[1m: ENOENT: no such file or directory, open 'E:\Windsurf-Qlib\qlib-frontend\node_modules\@antv\util\esm\lodash\src\lodash\upper-first.ts'[39m[22m

[1m[33mWARNING[39m[22m in [1m./node_modules/@antv/util/esm/lodash/values-of-key.js[39m[22m
[1mModule Warning (from ./node_modules/source-map-loader/dist/cjs.js):
[1m[31mFailed[39m[22m[1m to parse source map from 'E:\Windsurf-Qlib\qlib-frontend\node_modules\@antv\util\esm\lodash\src\lodash\values-of-key.ts' file: [1m[31mError[39m[22m[1m: ENOENT: no such file or directory, open 'E:\Windsurf-Qlib\qlib-frontend\node_modules\@antv\util\esm\lodash\src\lodash\values-of-key.ts'[39m[22m

[1m[33mWARNING[39m[22m in [1m./node_modules/@antv/util/esm/lodash/values.js[39m[22m
[1mModule Warning (from ./node_modules/source-map-loader/dist/cjs.js):
[1m[31mFailed[39m[22m[1m to parse source map from 'E:\Windsurf-Qlib\qlib-frontend\node_modules\@antv\util\esm\lodash\src\lodash\values.ts' file: [1m[31mError[39m[22m[1m: ENOENT: no such file or directory, open 'E:\Windsurf-Qlib\qlib-frontend\node_modules\@antv\util\esm\lodash\src\lodash\values.ts'[39m[22m

[1m[33mWARNING[39m[22m in [1m./node_modules/@antv/util/esm/lodash/wrap-behavior.js[39m[22m
[1mModule Warning (from ./node_modules/source-map-loader/dist/cjs.js):
[1m[31mFailed[39m[22m[1m to parse source map from 'E:\Windsurf-Qlib\qlib-frontend\node_modules\@antv\util\esm\lodash\src\lodash\wrap-behavior.ts' file: [1m[31mError[39m[22m[1m: ENOENT: no such file or directory, open 'E:\Windsurf-Qlib\qlib-frontend\node_modules\@antv\util\esm\lodash\src\lodash\wrap-behavior.ts'[39m[22m

[1m[33mWARNING[39m[22m in [1m./node_modules/@antv/util/esm/math/index.js[39m[22m
[1mModule Warning (from ./node_modules/source-map-loader/dist/cjs.js):
[1m[31mFailed[39m[22m[1m to parse source map from 'E:\Windsurf-Qlib\qlib-frontend\node_modules\@antv\util\esm\math\src\math\index.ts' file: [1m[31mError[39m[22m[1m: ENOENT: no such file or directory, open 'E:\Windsurf-Qlib\qlib-frontend\node_modules\@antv\util\esm\math\src\math\index.ts'[39m[22m

[1m[33mWARNING[39m[22m in [1m./node_modules/@antv/util/esm/math/is-point-in-polygon.js[39m[22m
[1mModule Warning (from ./node_modules/source-map-loader/dist/cjs.js):
[1m[31mFailed[39m[22m[1m to parse source map from 'E:\Windsurf-Qlib\qlib-frontend\node_modules\@antv\util\esm\math\src\math\is-point-in-polygon.ts' file: [1m[31mError[39m[22m[1m: ENOENT: no such file or directory, open 'E:\Windsurf-Qlib\qlib-frontend\node_modules\@antv\util\esm\math\src\math\is-point-in-polygon.ts'[39m[22m

[1m[33mWARNING[39m[22m in [1m./node_modules/@antv/util/esm/math/is-polygons-intersect.js[39m[22m
[1mModule Warning (from ./node_modules/source-map-loader/dist/cjs.js):
[1m[31mFailed[39m[22m[1m to parse source map from 'E:\Windsurf-Qlib\qlib-frontend\node_modules\@antv\util\esm\math\src\math\is-polygons-intersect.ts' file: [1m[31mError[39m[22m[1m: ENOENT: no such file or directory, open 'E:\Windsurf-Qlib\qlib-frontend\node_modules\@antv\util\esm\math\src\math\is-polygons-intersect.ts'[39m[22m

[1m[33mWARNING[39m[22m in [1m./node_modules/@antv/util/esm/matrix/angle-to.js[39m[22m
[1mModule Warning (from ./node_modules/source-map-loader/dist/cjs.js):
[1m[31mFailed[39m[22m[1m to parse source map from 'E:\Windsurf-Qlib\qlib-frontend\node_modules\@antv\util\esm\matrix\src\matrix\angle-to.ts' file: [1m[31mError[39m[22m[1m: ENOENT: no such file or directory, open 'E:\Windsurf-Qlib\qlib-frontend\node_modules\@antv\util\esm\matrix\src\matrix\angle-to.ts'[39m[22m

[1m[33mWARNING[39m[22m in [1m./node_modules/@antv/util/esm/matrix/direction.js[39m[22m
[1mModule Warning (from ./node_modules/source-map-loader/dist/cjs.js):
[1m[31mFailed[39m[22m[1m to parse source map from 'E:\Windsurf-Qlib\qlib-frontend\node_modules\@antv\util\esm\matrix\src\matrix\direction.ts' file: [1m[31mError[39m[22m[1m: ENOENT: no such file or directory, open 'E:\Windsurf-Qlib\qlib-frontend\node_modules\@antv\util\esm\matrix\src\matrix\direction.ts'[39m[22m

[1m[33mWARNING[39m[22m in [1m./node_modules/@antv/util/esm/matrix/index.js[39m[22m
[1mModule Warning (from ./node_modules/source-map-loader/dist/cjs.js):
[1m[31mFailed[39m[22m[1m to parse source map from 'E:\Windsurf-Qlib\qlib-frontend\node_modules\@antv\util\esm\matrix\src\matrix\index.ts' file: [1m[31mError[39m[22m[1m: ENOENT: no such file or directory, open 'E:\Windsurf-Qlib\qlib-frontend\node_modules\@antv\util\esm\matrix\src\matrix\index.ts'[39m[22m

[1m[33mWARNING[39m[22m in [1m./node_modules/@antv/util/esm/matrix/transform.js[39m[22m
[1mModule Warning (from ./node_modules/source-map-loader/dist/cjs.js):
[1m[31mFailed[39m[22m[1m to parse source map from 'E:\Windsurf-Qlib\qlib-frontend\node_modules\@antv\util\esm\matrix\src\matrix\transform.ts' file: [1m[31mError[39m[22m[1m: ENOENT: no such file or directory, open 'E:\Windsurf-Qlib\qlib-frontend\node_modules\@antv\util\esm\matrix\src\matrix\transform.ts'[39m[22m

[1m[33mWARNING[39m[22m in [1m./node_modules/@antv/util/esm/matrix/vertical.js[39m[22m
[1mModule Warning (from ./node_modules/source-map-loader/dist/cjs.js):
[1m[31mFailed[39m[22m[1m to parse source map from 'E:\Windsurf-Qlib\qlib-frontend\node_modules\@antv\util\esm\matrix\src\matrix\vertical.ts' file: [1m[31mError[39m[22m[1m: ENOENT: no such file or directory, open 'E:\Windsurf-Qlib\qlib-frontend\node_modules\@antv\util\esm\matrix\src\matrix\vertical.ts'[39m[22m

[1m[33mWARNING[39m[22m in [1m./node_modules/@antv/util/esm/path/convert/path-2-absolute.js[39m[22m
[1mModule Warning (from ./node_modules/source-map-loader/dist/cjs.js):
[1m[31mFailed[39m[22m[1m to parse source map from 'E:\Windsurf-Qlib\qlib-frontend\node_modules\@antv\util\esm\path\convert\src\path\convert\path-2-absolute.ts' file: [1m[31mError[39m[22m[1m: ENOENT: no such file or directory, open 'E:\Windsurf-Qlib\qlib-frontend\node_modules\@antv\util\esm\path\convert\src\path\convert\path-2-absolute.ts'[39m[22m

[1m[33mWARNING[39m[22m in [1m./node_modules/@antv/util/esm/path/convert/path-2-array.js[39m[22m
[1mModule Warning (from ./node_modules/source-map-loader/dist/cjs.js):
[1m[31mFailed[39m[22m[1m to parse source map from 'E:\Windsurf-Qlib\qlib-frontend\node_modules\@antv\util\esm\path\convert\src\path\convert\path-2-array.ts' file: [1m[31mError[39m[22m[1m: ENOENT: no such file or directory, open 'E:\Windsurf-Qlib\qlib-frontend\node_modules\@antv\util\esm\path\convert\src\path\convert\path-2-array.ts'[39m[22m

[1m[33mWARNING[39m[22m in [1m./node_modules/@antv/util/esm/path/convert/path-2-curve.js[39m[22m
[1mModule Warning (from ./node_modules/source-map-loader/dist/cjs.js):
[1m[31mFailed[39m[22m[1m to parse source map from 'E:\Windsurf-Qlib\qlib-frontend\node_modules\@antv\util\esm\path\convert\src\path\convert\path-2-curve.ts' file: [1m[31mError[39m[22m[1m: ENOENT: no such file or directory, open 'E:\Windsurf-Qlib\qlib-frontend\node_modules\@antv\util\esm\path\convert\src\path\convert\path-2-curve.ts'[39m[22m

[1m[33mWARNING[39m[22m in [1m./node_modules/@antv/util/esm/path/convert/path-2-string.js[39m[22m
[1mModule Warning (from ./node_modules/source-map-loader/dist/cjs.js):
[1m[31mFailed[39m[22m[1m to parse source map from 'E:\Windsurf-Qlib\qlib-frontend\node_modules\@antv\util\esm\path\convert\src\path\convert\path-2-string.ts' file: [1m[31mError[39m[22m[1m: ENOENT: no such file or directory, open 'E:\Windsurf-Qlib\qlib-frontend\node_modules\@antv\util\esm\path\convert\src\path\convert\path-2-string.ts'[39m[22m

[1m[33mWARNING[39m[22m in [1m./node_modules/@antv/util/esm/path/index.js[39m[22m
[1mModule Warning (from ./node_modules/source-map-loader/dist/cjs.js):
[1m[31mFailed[39m[22m[1m to parse source map from 'E:\Windsurf-Qlib\qlib-frontend\node_modules\@antv\util\esm\path\src\path\index.ts' file: [1m[31mError[39m[22m[1m: ENOENT: no such file or directory, open 'E:\Windsurf-Qlib\qlib-frontend\node_modules\@antv\util\esm\path\src\path\index.ts'[39m[22m

[1m[33mWARNING[39m[22m in [1m./node_modules/@antv/util/esm/path/parser/finalize-segment.js[39m[22m
[1mModule Warning (from ./node_modules/source-map-loader/dist/cjs.js):
[1m[31mFailed[39m[22m[1m to parse source map from 'E:\Windsurf-Qlib\qlib-frontend\node_modules\@antv\util\esm\path\parser\src\path\parser\finalize-segment.ts' file: [1m[31mError[39m[22m[1m: ENOENT: no such file or directory, open 'E:\Windsurf-Qlib\qlib-frontend\node_modules\@antv\util\esm\path\parser\src\path\parser\finalize-segment.ts'[39m[22m

[1m[33mWARNING[39m[22m in [1m./node_modules/@antv/util/esm/path/parser/is-arc-command.js[39m[22m
[1mModule Warning (from ./node_modules/source-map-loader/dist/cjs.js):
[1m[31mFailed[39m[22m[1m to parse source map from 'E:\Windsurf-Qlib\qlib-frontend\node_modules\@antv\util\esm\path\parser\src\path\parser\is-arc-command.ts' file: [1m[31mError[39m[22m[1m: ENOENT: no such file or directory, open 'E:\Windsurf-Qlib\qlib-frontend\node_modules\@antv\util\esm\path\parser\src\path\parser\is-arc-command.ts'[39m[22m

[1m[33mWARNING[39m[22m in [1m./node_modules/@antv/util/esm/path/parser/is-digit-start.js[39m[22m
[1mModule Warning (from ./node_modules/source-map-loader/dist/cjs.js):
[1m[31mFailed[39m[22m[1m to parse source map from 'E:\Windsurf-Qlib\qlib-frontend\node_modules\@antv\util\esm\path\parser\src\path\parser\is-digit-start.ts' file: [1m[31mError[39m[22m[1m: ENOENT: no such file or directory, open 'E:\Windsurf-Qlib\qlib-frontend\node_modules\@antv\util\esm\path\parser\src\path\parser\is-digit-start.ts'[39m[22m

[1m[33mWARNING[39m[22m in [1m./node_modules/@antv/util/esm/path/parser/is-path-command.js[39m[22m
[1mModule Warning (from ./node_modules/source-map-loader/dist/cjs.js):
[1m[31mFailed[39m[22m[1m to parse source map from 'E:\Windsurf-Qlib\qlib-frontend\node_modules\@antv\util\esm\path\parser\src\path\parser\is-path-command.ts' file: [1m[31mError[39m[22m[1m: ENOENT: no such file or directory, open 'E:\Windsurf-Qlib\qlib-frontend\node_modules\@antv\util\esm\path\parser\src\path\parser\is-path-command.ts'[39m[22m

[1m[33mWARNING[39m[22m in [1m./node_modules/@antv/util/esm/path/parser/is-space.js[39m[22m
[1mModule Warning (from ./node_modules/source-map-loader/dist/cjs.js):
[1m[31mFailed[39m[22m[1m to parse source map from 'E:\Windsurf-Qlib\qlib-frontend\node_modules\@antv\util\esm\path\parser\src\path\parser\is-space.ts' file: [1m[31mError[39m[22m[1m: ENOENT: no such file or directory, open 'E:\Windsurf-Qlib\qlib-frontend\node_modules\@antv\util\esm\path\parser\src\path\parser\is-space.ts'[39m[22m

[1m[33mWARNING[39m[22m in [1m./node_modules/@antv/util/esm/path/parser/params-count.js[39m[22m
[1mModule Warning (from ./node_modules/source-map-loader/dist/cjs.js):
[1m[31mFailed[39m[22m[1m to parse source map from 'E:\Windsurf-Qlib\qlib-frontend\node_modules\@antv\util\esm\path\parser\src\path\parser\params-count.ts' file: [1m[31mError[39m[22m[1m: ENOENT: no such file or directory, open 'E:\Windsurf-Qlib\qlib-frontend\node_modules\@antv\util\esm\path\parser\src\path\parser\params-count.ts'[39m[22m

[1m[33mWARNING[39m[22m in [1m./node_modules/@antv/util/esm/path/parser/params-parser.js[39m[22m
[1mModule Warning (from ./node_modules/source-map-loader/dist/cjs.js):
[1m[31mFailed[39m[22m[1m to parse source map from 'E:\Windsurf-Qlib\qlib-frontend\node_modules\@antv\util\esm\path\parser\src\path\parser\params-parser.ts' file: [1m[31mError[39m[22m[1m: ENOENT: no such file or directory, open 'E:\Windsurf-Qlib\qlib-frontend\node_modules\@antv\util\esm\path\parser\src\path\parser\params-parser.ts'[39m[22m

[1m[33mWARNING[39m[22m in [1m./node_modules/@antv/util/esm/path/parser/parse-path-string.js[39m[22m
[1mModule Warning (from ./node_modules/source-map-loader/dist/cjs.js):
[1m[31mFailed[39m[22m[1m to parse source map from 'E:\Windsurf-Qlib\qlib-frontend\node_modules\@antv\util\esm\path\parser\src\path\parser\parse-path-string.ts' file: [1m[31mError[39m[22m[1m: ENOENT: no such file or directory, open 'E:\Windsurf-Qlib\qlib-frontend\node_modules\@antv\util\esm\path\parser\src\path\parser\parse-path-string.ts'[39m[22m

[1m[33mWARNING[39m[22m in [1m./node_modules/@antv/util/esm/path/parser/path-parser.js[39m[22m
[1mModule Warning (from ./node_modules/source-map-loader/dist/cjs.js):
[1m[31mFailed[39m[22m[1m to parse source map from 'E:\Windsurf-Qlib\qlib-frontend\node_modules\@antv\util\esm\path\parser\src\path\parser\path-parser.ts' file: [1m[31mError[39m[22m[1m: ENOENT: no such file or directory, open 'E:\Windsurf-Qlib\qlib-frontend\node_modules\@antv\util\esm\path\parser\src\path\parser\path-parser.ts'[39m[22m

[1m[33mWARNING[39m[22m in [1m./node_modules/@antv/util/esm/path/parser/scan-flag.js[39m[22m
[1mModule Warning (from ./node_modules/source-map-loader/dist/cjs.js):
[1m[31mFailed[39m[22m[1m to parse source map from 'E:\Windsurf-Qlib\qlib-frontend\node_modules\@antv\util\esm\path\parser\src\path\parser\scan-flag.ts' file: [1m[31mError[39m[22m[1m: ENOENT: no such file or directory, open 'E:\Windsurf-Qlib\qlib-frontend\node_modules\@antv\util\esm\path\parser\src\path\parser\scan-flag.ts'[39m[22m

[1m[33mWARNING[39m[22m in [1m./node_modules/@antv/util/esm/path/parser/scan-param.js[39m[22m
[1mModule Warning (from ./node_modules/source-map-loader/dist/cjs.js):
[1m[31mFailed[39m[22m[1m to parse source map from 'E:\Windsurf-Qlib\qlib-frontend\node_modules\@antv\util\esm\path\parser\src\path\parser\scan-param.ts' file: [1m[31mError[39m[22m[1m: ENOENT: no such file or directory, open 'E:\Windsurf-Qlib\qlib-frontend\node_modules\@antv\util\esm\path\parser\src\path\parser\scan-param.ts'[39m[22m

[1m[33mWARNING[39m[22m in [1m./node_modules/@antv/util/esm/path/parser/scan-segment.js[39m[22m
[1mModule Warning (from ./node_modules/source-map-loader/dist/cjs.js):
[1m[31mFailed[39m[22m[1m to parse source map from 'E:\Windsurf-Qlib\qlib-frontend\node_modules\@antv\util\esm\path\parser\src\path\parser\scan-segment.ts' file: [1m[31mError[39m[22m[1m: ENOENT: no such file or directory, open 'E:\Windsurf-Qlib\qlib-frontend\node_modules\@antv\util\esm\path\parser\src\path\parser\scan-segment.ts'[39m[22m

[1m[33mWARNING[39m[22m in [1m./node_modules/@antv/util/esm/path/parser/skip-spaces.js[39m[22m
[1mModule Warning (from ./node_modules/source-map-loader/dist/cjs.js):
[1m[31mFailed[39m[22m[1m to parse source map from 'E:\Windsurf-Qlib\qlib-frontend\node_modules\@antv\util\esm\path\parser\src\path\parser\skip-spaces.ts' file: [1m[31mError[39m[22m[1m: ENOENT: no such file or directory, open 'E:\Windsurf-Qlib\qlib-frontend\node_modules\@antv\util\esm\path\parser\src\path\parser\skip-spaces.ts'[39m[22m

[1m[33mWARNING[39m[22m in [1m./node_modules/@antv/util/esm/path/process/arc-2-cubic.js[39m[22m
[1mModule Warning (from ./node_modules/source-map-loader/dist/cjs.js):
[1m[31mFailed[39m[22m[1m to parse source map from 'E:\Windsurf-Qlib\qlib-frontend\node_modules\@antv\util\esm\path\process\src\path\process\arc-2-cubic.ts' file: [1m[31mError[39m[22m[1m: ENOENT: no such file or directory, open 'E:\Windsurf-Qlib\qlib-frontend\node_modules\@antv\util\esm\path\process\src\path\process\arc-2-cubic.ts'[39m[22m

[1m[33mWARNING[39m[22m in [1m./node_modules/@antv/util/esm/path/process/clone-path.js[39m[22m
[1mModule Warning (from ./node_modules/source-map-loader/dist/cjs.js):
[1m[31mFailed[39m[22m[1m to parse source map from 'E:\Windsurf-Qlib\qlib-frontend\node_modules\@antv\util\esm\path\process\src\path\process\clone-path.ts' file: [1m[31mError[39m[22m[1m: ENOENT: no such file or directory, open 'E:\Windsurf-Qlib\qlib-frontend\node_modules\@antv\util\esm\path\process\src\path\process\clone-path.ts'[39m[22m

[1m[33mWARNING[39m[22m in [1m./node_modules/@antv/util/esm/path/process/fix-arc.js[39m[22m
[1mModule Warning (from ./node_modules/source-map-loader/dist/cjs.js):
[1m[31mFailed[39m[22m[1m to parse source map from 'E:\Windsurf-Qlib\qlib-frontend\node_modules\@antv\util\esm\path\process\src\path\process\fix-arc.ts' file: [1m[31mError[39m[22m[1m: ENOENT: no such file or directory, open 'E:\Windsurf-Qlib\qlib-frontend\node_modules\@antv\util\esm\path\process\src\path\process\fix-arc.ts'[39m[22m

[1m[33mWARNING[39m[22m in [1m./node_modules/@antv/util/esm/path/process/line-2-cubic.js[39m[22m
[1mModule Warning (from ./node_modules/source-map-loader/dist/cjs.js):
[1m[31mFailed[39m[22m[1m to parse source map from 'E:\Windsurf-Qlib\qlib-frontend\node_modules\@antv\util\esm\path\process\src\path\process\line-2-cubic.ts' file: [1m[31mError[39m[22m[1m: ENOENT: no such file or directory, open 'E:\Windsurf-Qlib\qlib-frontend\node_modules\@antv\util\esm\path\process\src\path\process\line-2-cubic.ts'[39m[22m

[1m[33mWARNING[39m[22m in [1m./node_modules/@antv/util/esm/path/process/normalize-path.js[39m[22m
[1mModule Warning (from ./node_modules/source-map-loader/dist/cjs.js):
[1m[31mFailed[39m[22m[1m to parse source map from 'E:\Windsurf-Qlib\qlib-frontend\node_modules\@antv\util\esm\path\process\src\path\process\normalize-path.ts' file: [1m[31mError[39m[22m[1m: ENOENT: no such file or directory, open 'E:\Windsurf-Qlib\qlib-frontend\node_modules\@antv\util\esm\path\process\src\path\process\normalize-path.ts'[39m[22m

[1m[33mWARNING[39m[22m in [1m./node_modules/@antv/util/esm/path/process/normalize-segment.js[39m[22m
[1mModule Warning (from ./node_modules/source-map-loader/dist/cjs.js):
[1m[31mFailed[39m[22m[1m to parse source map from 'E:\Windsurf-Qlib\qlib-frontend\node_modules\@antv\util\esm\path\process\src\path\process\normalize-segment.ts' file: [1m[31mError[39m[22m[1m: ENOENT: no such file or directory, open 'E:\Windsurf-Qlib\qlib-frontend\node_modules\@antv\util\esm\path\process\src\path\process\normalize-segment.ts'[39m[22m

[1m[33mWARNING[39m[22m in [1m./node_modules/@antv/util/esm/path/process/quad-2-cubic.js[39m[22m
[1mModule Warning (from ./node_modules/source-map-loader/dist/cjs.js):
[1m[31mFailed[39m[22m[1m to parse source map from 'E:\Windsurf-Qlib\qlib-frontend\node_modules\@antv\util\esm\path\process\src\path\process\quad-2-cubic.ts' file: [1m[31mError[39m[22m[1m: ENOENT: no such file or directory, open 'E:\Windsurf-Qlib\qlib-frontend\node_modules\@antv\util\esm\path\process\src\path\process\quad-2-cubic.ts'[39m[22m

[1m[33mWARNING[39m[22m in [1m./node_modules/@antv/util/esm/path/process/reverse-curve.js[39m[22m
[1mModule Warning (from ./node_modules/source-map-loader/dist/cjs.js):
[1m[31mFailed[39m[22m[1m to parse source map from 'E:\Windsurf-Qlib\qlib-frontend\node_modules\@antv\util\esm\path\process\src\path\process\reverse-curve.ts' file: [1m[31mError[39m[22m[1m: ENOENT: no such file or directory, open 'E:\Windsurf-Qlib\qlib-frontend\node_modules\@antv\util\esm\path\process\src\path\process\reverse-curve.ts'[39m[22m

[1m[33mWARNING[39m[22m in [1m./node_modules/@antv/util/esm/path/process/round-path.js[39m[22m
[1mModule Warning (from ./node_modules/source-map-loader/dist/cjs.js):
[1m[31mFailed[39m[22m[1m to parse source map from 'E:\Windsurf-Qlib\qlib-frontend\node_modules\@antv\util\esm\path\process\src\path\process\round-path.ts' file: [1m[31mError[39m[22m[1m: ENOENT: no such file or directory, open 'E:\Windsurf-Qlib\qlib-frontend\node_modules\@antv\util\esm\path\process\src\path\process\round-path.ts'[39m[22m

[1m[33mWARNING[39m[22m in [1m./node_modules/@antv/util/esm/path/process/segment-2-cubic.js[39m[22m
[1mModule Warning (from ./node_modules/source-map-loader/dist/cjs.js):
[1m[31mFailed[39m[22m[1m to parse source map from 'E:\Windsurf-Qlib\qlib-frontend\node_modules\@antv\util\esm\path\process\src\path\process\segment-2-cubic.ts' file: [1m[31mError[39m[22m[1m: ENOENT: no such file or directory, open 'E:\Windsurf-Qlib\qlib-frontend\node_modules\@antv\util\esm\path\process\src\path\process\segment-2-cubic.ts'[39m[22m

[1m[33mWARNING[39m[22m in [1m./node_modules/@antv/util/esm/path/types.js[39m[22m
[1mModule Warning (from ./node_modules/source-map-loader/dist/cjs.js):
[1m[31mFailed[39m[22m[1m to parse source map from 'E:\Windsurf-Qlib\qlib-frontend\node_modules\@antv\util\esm\path\src\path\types.ts' file: [1m[31mError[39m[22m[1m: ENOENT: no such file or directory, open 'E:\Windsurf-Qlib\qlib-frontend\node_modules\@antv\util\esm\path\src\path\types.ts'[39m[22m

[1m[33mWARNING[39m[22m in [1m./node_modules/@antv/util/esm/path/util/distance-square-root.js[39m[22m
[1mModule Warning (from ./node_modules/source-map-loader/dist/cjs.js):
[1m[31mFailed[39m[22m[1m to parse source map from 'E:\Windsurf-Qlib\qlib-frontend\node_modules\@antv\util\esm\path\util\src\path\util\distance-square-root.ts' file: [1m[31mError[39m[22m[1m: ENOENT: no such file or directory, open 'E:\Windsurf-Qlib\qlib-frontend\node_modules\@antv\util\esm\path\util\src\path\util\distance-square-root.ts'[39m[22m

[1m[33mWARNING[39m[22m in [1m./node_modules/@antv/util/esm/path/util/equalize-segments.js[39m[22m
[1mModule Warning (from ./node_modules/source-map-loader/dist/cjs.js):
[1m[31mFailed[39m[22m[1m to parse source map from 'E:\Windsurf-Qlib\qlib-frontend\node_modules\@antv\util\esm\path\util\src\path\util\equalize-segments.ts' file: [1m[31mError[39m[22m[1m: ENOENT: no such file or directory, open 'E:\Windsurf-Qlib\qlib-frontend\node_modules\@antv\util\esm\path\util\src\path\util\equalize-segments.ts'[39m[22m

[1m[33mWARNING[39m[22m in [1m./node_modules/@antv/util/esm/path/util/get-draw-direction.js[39m[22m
[1mModule Warning (from ./node_modules/source-map-loader/dist/cjs.js):
[1m[31mFailed[39m[22m[1m to parse source map from 'E:\Windsurf-Qlib\qlib-frontend\node_modules\@antv\util\esm\path\util\src\path\util\get-draw-direction.ts' file: [1m[31mError[39m[22m[1m: ENOENT: no such file or directory, open 'E:\Windsurf-Qlib\qlib-frontend\node_modules\@antv\util\esm\path\util\src\path\util\get-draw-direction.ts'[39m[22m

[1m[33mWARNING[39m[22m in [1m./node_modules/@antv/util/esm/path/util/get-path-area.js[39m[22m
[1mModule Warning (from ./node_modules/source-map-loader/dist/cjs.js):
[1m[31mFailed[39m[22m[1m to parse source map from 'E:\Windsurf-Qlib\qlib-frontend\node_modules\@antv\util\esm\path\util\src\path\util\get-path-area.ts' file: [1m[31mError[39m[22m[1m: ENOENT: no such file or directory, open 'E:\Windsurf-Qlib\qlib-frontend\node_modules\@antv\util\esm\path\util\src\path\util\get-path-area.ts'[39m[22m

[1m[33mWARNING[39m[22m in [1m./node_modules/@antv/util/esm/path/util/get-path-bbox-total-length.js[39m[22m
[1mModule Warning (from ./node_modules/source-map-loader/dist/cjs.js):
[1m[31mFailed[39m[22m[1m to parse source map from 'E:\Windsurf-Qlib\qlib-frontend\node_modules\@antv\util\esm\path\util\src\path\util\get-path-bbox-total-length.ts' file: [1m[31mError[39m[22m[1m: ENOENT: no such file or directory, open 'E:\Windsurf-Qlib\qlib-frontend\node_modules\@antv\util\esm\path\util\src\path\util\get-path-bbox-total-length.ts'[39m[22m

[1m[33mWARNING[39m[22m in [1m./node_modules/@antv/util/esm/path/util/get-path-bbox.js[39m[22m
[1mModule Warning (from ./node_modules/source-map-loader/dist/cjs.js):
[1m[31mFailed[39m[22m[1m to parse source map from 'E:\Windsurf-Qlib\qlib-frontend\node_modules\@antv\util\esm\path\util\src\path\util\get-path-bbox.ts' file: [1m[31mError[39m[22m[1m: ENOENT: no such file or directory, open 'E:\Windsurf-Qlib\qlib-frontend\node_modules\@antv\util\esm\path\util\src\path\util\get-path-bbox.ts'[39m[22m

[1m[33mWARNING[39m[22m in [1m./node_modules/@antv/util/esm/path/util/get-point-at-length.js[39m[22m
[1mModule Warning (from ./node_modules/source-map-loader/dist/cjs.js):
[1m[31mFailed[39m[22m[1m to parse source map from 'E:\Windsurf-Qlib\qlib-frontend\node_modules\@antv\util\esm\path\util\src\path\util\get-point-at-length.ts' file: [1m[31mError[39m[22m[1m: ENOENT: no such file or directory, open 'E:\Windsurf-Qlib\qlib-frontend\node_modules\@antv\util\esm\path\util\src\path\util\get-point-at-length.ts'[39m[22m

[1m[33mWARNING[39m[22m in [1m./node_modules/@antv/util/esm/path/util/get-properties-at-length.js[39m[22m
[1mModule Warning (from ./node_modules/source-map-loader/dist/cjs.js):
[1m[31mFailed[39m[22m[1m to parse source map from 'E:\Windsurf-Qlib\qlib-frontend\node_modules\@antv\util\esm\path\util\src\path\util\get-properties-at-length.ts' file: [1m[31mError[39m[22m[1m: ENOENT: no such file or directory, open 'E:\Windsurf-Qlib\qlib-frontend\node_modules\@antv\util\esm\path\util\src\path\util\get-properties-at-length.ts'[39m[22m

[1m[33mWARNING[39m[22m in [1m./node_modules/@antv/util/esm/path/util/get-properties-at-point.js[39m[22m
[1mModule Warning (from ./node_modules/source-map-loader/dist/cjs.js):
[1m[31mFailed[39m[22m[1m to parse source map from 'E:\Windsurf-Qlib\qlib-frontend\node_modules\@antv\util\esm\path\util\src\path\util\get-properties-at-point.ts' file: [1m[31mError[39m[22m[1m: ENOENT: no such file or directory, open 'E:\Windsurf-Qlib\qlib-frontend\node_modules\@antv\util\esm\path\util\src\path\util\get-properties-at-point.ts'[39m[22m

[1m[33mWARNING[39m[22m in [1m./node_modules/@antv/util/esm/path/util/get-rotated-curve.js[39m[22m
[1mModule Warning (from ./node_modules/source-map-loader/dist/cjs.js):
[1m[31mFailed[39m[22m[1m to parse source map from 'E:\Windsurf-Qlib\qlib-frontend\node_modules\@antv\util\esm\path\util\src\path\util\get-rotated-curve.ts' file: [1m[31mError[39m[22m[1m: ENOENT: no such file or directory, open 'E:\Windsurf-Qlib\qlib-frontend\node_modules\@antv\util\esm\path\util\src\path\util\get-rotated-curve.ts'[39m[22m

[1m[33mWARNING[39m[22m in [1m./node_modules/@antv/util/esm/path/util/get-total-length.js[39m[22m
[1mModule Warning (from ./node_modules/source-map-loader/dist/cjs.js):
[1m[31mFailed[39m[22m[1m to parse source map from 'E:\Windsurf-Qlib\qlib-frontend\node_modules\@antv\util\esm\path\util\src\path\util\get-total-length.ts' file: [1m[31mError[39m[22m[1m: ENOENT: no such file or directory, open 'E:\Windsurf-Qlib\qlib-frontend\node_modules\@antv\util\esm\path\util\src\path\util\get-total-length.ts'[39m[22m

[1m[33mWARNING[39m[22m in [1m./node_modules/@antv/util/esm/path/util/is-absolute-array.js[39m[22m
[1mModule Warning (from ./node_modules/source-map-loader/dist/cjs.js):
[1m[31mFailed[39m[22m[1m to parse source map from 'E:\Windsurf-Qlib\qlib-frontend\node_modules\@antv\util\esm\path\util\src\path\util\is-absolute-array.ts' file: [1m[31mError[39m[22m[1m: ENOENT: no such file or directory, open 'E:\Windsurf-Qlib\qlib-frontend\node_modules\@antv\util\esm\path\util\src\path\util\is-absolute-array.ts'[39m[22m

[1m[33mWARNING[39m[22m in [1m./node_modules/@antv/util/esm/path/util/is-curve-array.js[39m[22m
[1mModule Warning (from ./node_modules/source-map-loader/dist/cjs.js):
[1m[31mFailed[39m[22m[1m to parse source map from 'E:\Windsurf-Qlib\qlib-frontend\node_modules\@antv\util\esm\path\util\src\path\util\is-curve-array.ts' file: [1m[31mError[39m[22m[1m: ENOENT: no such file or directory, open 'E:\Windsurf-Qlib\qlib-frontend\node_modules\@antv\util\esm\path\util\src\path\util\is-curve-array.ts'[39m[22m

[1m[33mWARNING[39m[22m in [1m./node_modules/@antv/util/esm/path/util/is-normalized-array.js[39m[22m
[1mModule Warning (from ./node_modules/source-map-loader/dist/cjs.js):
[1m[31mFailed[39m[22m[1m to parse source map from 'E:\Windsurf-Qlib\qlib-frontend\node_modules\@antv\util\esm\path\util\src\path\util\is-normalized-array.ts' file: [1m[31mError[39m[22m[1m: ENOENT: no such file or directory, open 'E:\Windsurf-Qlib\qlib-frontend\node_modules\@antv\util\esm\path\util\src\path\util\is-normalized-array.ts'[39m[22m

[1m[33mWARNING[39m[22m in [1m./node_modules/@antv/util/esm/path/util/is-path-array.js[39m[22m
[1mModule Warning (from ./node_modules/source-map-loader/dist/cjs.js):
[1m[31mFailed[39m[22m[1m to parse source map from 'E:\Windsurf-Qlib\qlib-frontend\node_modules\@antv\util\esm\path\util\src\path\util\is-path-array.ts' file: [1m[31mError[39m[22m[1m: ENOENT: no such file or directory, open 'E:\Windsurf-Qlib\qlib-frontend\node_modules\@antv\util\esm\path\util\src\path\util\is-path-array.ts'[39m[22m

[1m[33mWARNING[39m[22m in [1m./node_modules/@antv/util/esm/path/util/is-point-in-stroke.js[39m[22m
[1mModule Warning (from ./node_modules/source-map-loader/dist/cjs.js):
[1m[31mFailed[39m[22m[1m to parse source map from 'E:\Windsurf-Qlib\qlib-frontend\node_modules\@antv\util\esm\path\util\src\path\util\is-point-in-stroke.ts' file: [1m[31mError[39m[22m[1m: ENOENT: no such file or directory, open 'E:\Windsurf-Qlib\qlib-frontend\node_modules\@antv\util\esm\path\util\src\path\util\is-point-in-stroke.ts'[39m[22m

[1m[33mWARNING[39m[22m in [1m./node_modules/@antv/util/esm/path/util/mid-point.js[39m[22m
[1mModule Warning (from ./node_modules/source-map-loader/dist/cjs.js):
[1m[31mFailed[39m[22m[1m to parse source map from 'E:\Windsurf-Qlib\qlib-frontend\node_modules\@antv\util\esm\path\util\src\path\util\mid-point.ts' file: [1m[31mError[39m[22m[1m: ENOENT: no such file or directory, open 'E:\Windsurf-Qlib\qlib-frontend\node_modules\@antv\util\esm\path\util\src\path\util\mid-point.ts'[39m[22m

[1m[33mWARNING[39m[22m in [1m./node_modules/@antv/util/esm/path/util/path-length-factory.js[39m[22m
[1mModule Warning (from ./node_modules/source-map-loader/dist/cjs.js):
[1m[31mFailed[39m[22m[1m to parse source map from 'E:\Windsurf-Qlib\qlib-frontend\node_modules\@antv\util\esm\path\util\src\path\util\path-length-factory.ts' file: [1m[31mError[39m[22m[1m: ENOENT: no such file or directory, open 'E:\Windsurf-Qlib\qlib-frontend\node_modules\@antv\util\esm\path\util\src\path\util\path-length-factory.ts'[39m[22m

[1m[33mWARNING[39m[22m in [1m./node_modules/@antv/util/esm/path/util/rotate-vector.js[39m[22m
[1mModule Warning (from ./node_modules/source-map-loader/dist/cjs.js):
[1m[31mFailed[39m[22m[1m to parse source map from 'E:\Windsurf-Qlib\qlib-frontend\node_modules\@antv\util\esm\path\util\src\path\util\rotate-vector.ts' file: [1m[31mError[39m[22m[1m: ENOENT: no such file or directory, open 'E:\Windsurf-Qlib\qlib-frontend\node_modules\@antv\util\esm\path\util\src\path\util\rotate-vector.ts'[39m[22m

[1m[33mWARNING[39m[22m in [1m./node_modules/@antv/util/esm/path/util/segment-arc-factory.js[39m[22m
[1mModule Warning (from ./node_modules/source-map-loader/dist/cjs.js):
[1m[31mFailed[39m[22m[1m to parse source map from 'E:\Windsurf-Qlib\qlib-frontend\node_modules\@antv\util\esm\path\util\src\path\util\segment-arc-factory.ts' file: [1m[31mError[39m[22m[1m: ENOENT: no such file or directory, open 'E:\Windsurf-Qlib\qlib-frontend\node_modules\@antv\util\esm\path\util\src\path\util\segment-arc-factory.ts'[39m[22m

[1m[33mWARNING[39m[22m in [1m./node_modules/@antv/util/esm/path/util/segment-cubic-factory.js[39m[22m
[1mModule Warning (from ./node_modules/source-map-loader/dist/cjs.js):
[1m[31mFailed[39m[22m[1m to parse source map from 'E:\Windsurf-Qlib\qlib-frontend\node_modules\@antv\util\esm\path\util\src\path\util\segment-cubic-factory.ts' file: [1m[31mError[39m[22m[1m: ENOENT: no such file or directory, open 'E:\Windsurf-Qlib\qlib-frontend\node_modules\@antv\util\esm\path\util\src\path\util\segment-cubic-factory.ts'[39m[22m

[1m[33mWARNING[39m[22m in [1m./node_modules/@antv/util/esm/path/util/segment-line-factory.js[39m[22m
[1mModule Warning (from ./node_modules/source-map-loader/dist/cjs.js):
[1m[31mFailed[39m[22m[1m to parse source map from 'E:\Windsurf-Qlib\qlib-frontend\node_modules\@antv\util\esm\path\util\src\path\util\segment-line-factory.ts' file: [1m[31mError[39m[22m[1m: ENOENT: no such file or directory, open 'E:\Windsurf-Qlib\qlib-frontend\node_modules\@antv\util\esm\path\util\src\path\util\segment-line-factory.ts'[39m[22m

[1m[33mWARNING[39m[22m in [1m./node_modules/@antv/util/esm/path/util/segment-quad-factory.js[39m[22m
[1mModule Warning (from ./node_modules/source-map-loader/dist/cjs.js):
[1m[31mFailed[39m[22m[1m to parse source map from 'E:\Windsurf-Qlib\qlib-frontend\node_modules\@antv\util\esm\path\util\src\path\util\segment-quad-factory.ts' file: [1m[31mError[39m[22m[1m: ENOENT: no such file or directory, open 'E:\Windsurf-Qlib\qlib-frontend\node_modules\@antv\util\esm\path\util\src\path\util\segment-quad-factory.ts'[39m[22m

webpack compiled with [1m[33m802 warnings[39m[22m
Files successfully emitted, waiting for typecheck results...
Issues checking in progress...
No issues found.

(base) E:\Windsurf-Qlib\qlib-frontend>